code,text,firstActivationWeek,relationshipType,policy
1.12,"List service vehicle safety concerns such as ladder or transporting security and flying objects, driver screens inside the vehicle",1,CETA_ONLY_BREADTH,Teach and assess for CETa breadth; do not invent a Career artifact unless a target technician role makes the topic occupationally relevant.
6.7,Describe basic building and house wiring concepts and explain why technicians need to be familiar with them,13,CETA_ONLY_BREADTH,Teach and assess for CETa breadth; do not invent a Career artifact unless a target technician role makes the topic occupationally relevant.
17.1,Explain major components of the most common home entertainment products,10,CETA_ONLY_BREADTH,Teach and assess for CETa breadth; do not invent a Career artifact unless a target technician role makes the topic occupationally relevant.
17.2,Describe microphone technology usage,10,CETA_ONLY_BREADTH,Teach and assess for CETa breadth; do not invent a Career artifact unless a target technician role makes the topic occupationally relevant.
17.3,Explain speaker construction and precautions,19,CETA_ONLY_BREADTH,Teach and assess for CETa breadth; do not invent a Career artifact unless a target technician role makes the topic occupationally relevant.
17.4,Explain basic recording and playback technology,19,CETA_ONLY_BREADTH,Teach and assess for CETa breadth; do not invent a Career artifact unless a target technician role makes the topic occupationally relevant.
17.5,Explain how alarm-security systems may be interfaced with entertainment/information products,19,CETA_ONLY_BREADTH,Teach and assess for CETa breadth; do not invent a Career artifact unless a target technician role makes the topic occupationally relevant.
17.6,"Differentiate between good quality sound output and distorted sound, then the electronic/acoustical reasons for each",19,CETA_ONLY_BREADTH,Teach and assess for CETa breadth; do not invent a Career artifact unless a target technician role makes the topic occupationally relevant.
17.7,Explain how signals may conflict and the symptoms that conflict may produce,19,CETA_ONLY_BREADTH,Teach and assess for CETa breadth; do not invent a Career artifact unless a target technician role makes the topic occupationally relevant.
17.8,Explain how to isolate faults/glitches between discrete equipment units,19,CETA_ONLY_BREADTH,Teach and assess for CETa breadth; do not invent a Career artifact unless a target technician role makes the topic occupationally relevant.
17.9,List anticipated signal or voltage levels for output circuits in audio and video equipment,19,CETA_ONLY_BREADTH,Teach and assess for CETa breadth; do not invent a Career artifact unless a target technician role makes the topic occupationally relevant.
18.1,List common electronics display devices,19,CETA_ONLY_BREADTH,Teach and assess for CETa breadth; do not invent a Career artifact unless a target technician role makes the topic occupationally relevant.
18.2,List common optical devices as to type and applications:,19,CETA_ONLY_BREADTH,Teach and assess for CETa breadth; do not invent a Career artifact unless a target technician role makes the topic occupationally relevant.
18.3,Describe how photo-electronic components operate:,19,CETA_ONLY_BREADTH,Teach and assess for CETa breadth; do not invent a Career artifact unless a target technician role makes the topic occupationally relevant.
18.4,Explain the basics of electronic cameras and sensors,19,CETA_ONLY_BREADTH,Teach and assess for CETa breadth; do not invent a Career artifact unless a target technician role makes the topic occupationally relevant.
18.5,Explain why opto-isolators are used,19,CETA_ONLY_BREADTH,Teach and assess for CETa breadth; do not invent a Career artifact unless a target technician role makes the topic occupationally relevant.
18.6,List uses for light activated controls and how photo devices are incorporated,19,CETA_ONLY_BREADTH,Teach and assess for CETa breadth; do not invent a Career artifact unless a target technician role makes the topic occupationally relevant.
18.7,Describe how broadband signal RF and optical links are used,19,CETA_ONLY_BREADTH,Teach and assess for CETa breadth; do not invent a Career artifact unless a target technician role makes the topic occupationally relevant.
20.1,"Describe major types of two-way radio communications (avionics, land mobile, maritime, etc.)",20,CETA_ONLY_BREADTH,Teach and assess for CETa breadth; do not invent a Career artifact unless a target technician role makes the topic occupationally relevant.
20.2,"Describe wireless telephone/video/data technology basics, list applicable ANSI/TIA standard",20,CETA_ONLY_BREADTH,Teach and assess for CETa breadth; do not invent a Career artifact unless a target technician role makes the topic occupationally relevant.
20.3,Describe satellite communications principles,20,CETA_ONLY_BREADTH,Teach and assess for CETa breadth; do not invent a Career artifact unless a target technician role makes the topic occupationally relevant.
20.4,Describe wired data and voice communications network technology,20,CETA_ONLY_BREADTH,Teach and assess for CETa breadth; do not invent a Career artifact unless a target technician role makes the topic occupationally relevant.
20.5,Describe a basic telephone (POTS) circuit with the common wiring and splicing conventions,20,CETA_ONLY_BREADTH,Teach and assess for CETa breadth; do not invent a Career artifact unless a target technician role makes the topic occupationally relevant.
21.1,Explain major invoice and billing concepts for service businesses,20,CETA_ONLY_BREADTH,Teach and assess for CETa breadth; do not invent a Career artifact unless a target technician role makes the topic occupationally relevant.
21.5,Explain how to calculate individual and department productivity for a specific period,20,CETA_ONLY_BREADTH,Teach and assess for CETa breadth; do not invent a Career artifact unless a target technician role makes the topic occupationally relevant.
