Week,Phase,Module Title,Difficulty,CETa Foundation / Activation,Official CETa Codes Present This Week,Career Prerequisite Activation,New Career Learning,Genuine CETa/Career Overlap,Career Standards Active This Week,Future Preparation,Curriculum Source Relationship,Curriculum Source IDs,Curriculum Source Basis
1,Phase I · Electrical Foundations,"Electricity, Safety, Ohm’s Law, and Power",Foundation,"Voltage, current, resistance, power, polarity, reference, open/short circuit, and Week 1 safety boundaries.",1.1; 1.4; 1.5; 1.7; 1.13; 2.1; 2.4; 2.6; 2.13; 2.13.1; 2.14; 8.3; 9.1; 9.2; 9.3; 9.8; 9.9; 1.2; 1.3; 1.10.1; 1.10.3; 1.11; 1.12; 1.14,Use only the Week 1 CETa electrical-quantity and safety foundation. No prior bench-equipment experience is assumed.,"Bench power supply, DMM modes/jacks, current limiting, pre-power inspection, first-power sequence, stop conditions, and hazard logging.",CETa explains the electrical quantities; Career turns them into a controlled first-power and measurement workflow.,C1.1; C1.2; C1.3; C1.4; C3.1; C3.2; C1.6,"Creates the bench habits required for every later measurement, bring-up, troubleshooting, and lab task.",Informed by / cross-checked against,gptcElectronics; pccEET101A; flukeDMM; flukeSafety; nasaESD,Georgia Piedmont Technical College — Electronics Technology — current catalog; Portland Community College — EET 101A — Electronic Lab and Essential Work Skills; Fluke — Digital Multimeter Basics; Fluke — Electrical Measurement Safety; NASA — NASA-HDBK-8739.21 — ESD Control
2,Phase I · Electrical Foundations,"DC Networks, Kirchhoff’s Laws, and Voltage Dividers",Foundation,"Series/parallel networks, KVL/KCL, dividers, expected node values, and reference-node reasoning.",2.6; 2.7; 4.1; 4.2; 4.3; 4.4; 4.5; 4.6; 4.11; 9.1; 9.3; 2.2.1; 2.2.2; 2.5.1; 2.12.1; 2.12.2; 4.8; 4.9; 4.10; 4.12; 4.13; 4.14; 4.15; 4.16; 4.17,Bring forward Week 1 safe measurement habits plus the Week 2 CETa network equations and expected-node reasoning.,"Expected-versus-actual troubleshooting, node tables, first hypotheses, divide-and-conquer test-point selection, and one-change-at-a-time discipline.",Career uses the exact CETa node-voltage/current predictions as the known-good baseline for troubleshooting.,C2.1; C2.4; C2.6; C3.1; C5.1; C5.2; C5.3,Prepares the learner to choose instruments and high-information measurements rather than probe randomly.,Informed by / cross-checked against,gptcElectronics; pccEET101B; onetTech,Georgia Piedmont Technical College — Electronics Technology — current catalog; Portland Community College — EET 101B — Electronic Equipment and Lab Skills; O*NET OnLine / U.S. Department of Labor — Electrical and Electronic Engineering Technologists and Technicians
3,Phase I · Electrical Foundations,"DMM, Bench Supply, and Oscilloscope",Foundation,"DMM/scope connection rules, waveform quantities, measurement units, and safe references.",1.1; 1.5; 8.1; 8.2; 8.3; 8.4; 8.5; 8.6; 8.7; 8.8; 8.12; 8.13; 8.14; 8.10; 8.11; 8.12.1; 8.15; 8.16,Use Week 1 bench safety and the CETa measurement concepts already taught. No professional measurement-planning experience is assumed.,"Question-first instrument selection, DMM/bench-supply/scope onboarding, probe/reference discipline, loading/accuracy/resolution, and reproducible evidence. Logic-analyzer use is deliberately deferred to Week 18.",CETa supplies what electrical quantities and waveforms mean; Career teaches how a technician chooses and configures the instrument that can answer a specific question.,C1.1; C1.3; C1.4; C3.1; C3.2; C3.3; C3.4; C3.6,"Becomes the common measurement workflow for filters, semiconductors, MCU bring-up, RF work, and later digital-bus analysis; logic-analyzer configuration is first taught in Week 18.",Informed by / cross-checked against,pccEET101A; pccEET101B; flukeDMM; tekScope; onetTech,Portland Community College — EET 101A — Electronic Lab and Essential Work Skills; Portland Community College — EET 101B — Electronic Equipment and Lab Skills; Fluke — Digital Multimeter Basics; Tektronix — The XYZs of Oscilloscopes; O*NET OnLine / U.S. Department of Labor — Electrical and Electronic Engineering Technologists and Technicians
4,Phase I · Electrical Foundations,"AC Waveforms, Capacitors, Inductors, and Time Response",Foundation,"Capacitance, RC time behavior, frequency response, and filter fundamentals.",2.8; 2.9; 2.10; 2.13; 3.2; 3.3; 9.1; 9.3; 9.4; 9.6; 9.8.1,"Use the Week 3 measurement workflow plus CETa RC/filter behavior. The learner should already know amplitude, period, frequency, and time constant.","Turn time-domain observations into evidence about cutoff, charging/discharging, distortion, and fault location.",Career measures the same RC/filter behavior CETa explains mathematically and physically.,C2.5; C2.6; C3.3; C3.4; C3.6,Builds the habit of predicting waveform shape before using a scope for diagnosis.,Informed by / cross-checked against,gptcElectronics; pccEET101B; tekScope,Georgia Piedmont Technical College — Electronics Technology — current catalog; Portland Community College — EET 101B — Electronic Equipment and Lab Skills; Tektronix — The XYZs of Oscilloscopes
5,Phase I · Electrical Foundations,Foundation Mastery and Practical Fault Isolation,Foundation,Cumulative DC/AC/component fundamentals needed for the first troubleshooting gate.,1.1; 1.4; 2.6; 2.8; 2.9; 4.1; 4.2; 4.3; 8.3; 8.6; 8.13; 9.1; 9.3; 9.4,"Use Weeks 1–4 safety, expected-value, and instrument-selection habits. No new tool should appear without explanation.",A complete reproduce → predict → measure → isolate → repair → verify troubleshooting loop under a practical gate.,CETa supplies component/circuit behavior; Career organizes that knowledge into a repeatable diagnostic process.,C1.1; C1.4; C2.1; C2.4; C2.6; C3.1; C3.2; C3.3; C3.6; C5.1; C5.2; C5.3; C5.4; C12.3,Establishes the troubleshooting model reused through the rest of the course.,Informed by / cross-checked against,pccEET101B; onetTech; nasaSystems,Portland Community College — EET 101B — Electronic Equipment and Lab Skills; O*NET OnLine / U.S. Department of Labor — Electrical and Electronic Engineering Technologists and Technicians; NASA — NASA Systems Engineering Handbook
6,Phase II · Electronics & Troubleshooting,"Reactance, Impedance, Resonance, Filters, and Transformers",Foundation,RLC/resonance/filter response and frequency-domain relationships.,2.8; 2.9; 2.10; 2.11; 2.12; 3.2; 3.3; 3.4; 4.7; 4.11; 9.4; 9.6,Bring forward Week 3 measurement planning and Week 4 waveform/filter evidence.,"Characterization tables, sweep planning, resonant/filter comparison, tolerance reasoning, and technician reporting.",Career converts CETa frequency-response theory into measured characterization.,C2.6; C3.3; C3.4; C3.6; C5.2,Prepares for transistor/op-amp signal chains and later spectrum work.,Informed by / cross-checked against,gptcElectronics; tekScope; tiPrecision,Georgia Piedmont Technical College — Electronics Technology — current catalog; Tektronix — The XYZs of Oscilloscopes; Texas Instruments — TI Precision Labs
7,Phase II · Electronics & Troubleshooting,"Components, Magnetism, Relays, Motors, and Generators",Intermediate,"Diodes, rectification, inductance, switching devices, and protection concepts.",2.2; 2.3; 2.5; 2.7; 2.8; 2.9; 3.1; 3.2; 3.3; 3.4; 3.5; 3.1.1; 3.1.2; 3.1.3; 3.1.4; 3.2.1; 3.2.2; 3.3.1; 3.4.1; 3.4.2; 3.8; 3.9; 3.9.1; 3.9.2; 3.9.3,Use CETa device behavior plus prior pre-power and measurement discipline. Datasheet reading is introduced explicitly before design use.,"Datasheet pin/rating extraction, relay/inductive-load interface planning, flyback protection, and evidence-based component selection.",CETa teaches device physics/behavior; Career uses datasheets to turn that behavior into a safe interface.,C1.4; C2.2; C2.5; C3.1; C4.4; C5.2,Prepares protected transistor/MOSFET switching and regulator bring-up.,Informed by / cross-checked against,gptcElectronics; tiPrecision; onetTech,Georgia Piedmont Technical College — Electronics Technology — current catalog; Texas Instruments — TI Precision Labs; O*NET OnLine / U.S. Department of Labor — Electrical and Electronic Engineering Technologists and Technicians
8,Phase II · Electronics & Troubleshooting,"Diodes, BJTs, MOSFETs, and Controlled Switching",Intermediate,"Transistor/MOSFET switching behavior, protection, power dissipation, and bias/control ideas.",3.5; 3.5.1; 3.5.2; 3.5.3; 3.6; 3.6.1; 3.6.2; 3.7; 3.7.1; 3.7.2; 3.7.3,Use Week 7 datasheet and inductive-load discipline plus CETa transistor/MOSFET fundamentals.,"Protected low-side switching, gate/base drive checks, flyback paths, dissipation estimates, and layered fault isolation.",Career applies CETa semiconductor behavior to a practical driver circuit.,C1.2; C2.2; C2.5; C3.1; C4.2; C5.2,Creates a reusable switching pattern for actuators and embedded interfaces.,Informed by / cross-checked against,gptcElectronics; tiPrecision; adiLinear,Georgia Piedmont Technical College — Electronics Technology — current catalog; Texas Instruments — TI Precision Labs; Analog Devices — Basic Linear Design
9,Phase II · Electronics & Troubleshooting,"Rectifiers, Filters, Regulators, and Power-Supply Faults",Intermediate,"Power-supply, regulation, ripple, grounding, and load concepts.",3.7; 3.7.1; 3.7.3; 10.1; 10.2; 10.3; 10.4; 10.5; 10.6; 10.7; 10.8; 10.9; 10.10; 10.3.1; 10.4.1; 10.4.2; 10.4.3; 10.11,"Use Week 1 current-limited first power, Week 2 expected nodes, and Week 3 question-first measurement.","Rail-by-rail bring-up, current signature interpretation, regulator checks, staged load connection, and supply-fault isolation.",Career turns CETa power-supply theory into a staged bring-up sequence.,C1.1; C1.3; C1.4; C2.1; C2.4; C3.1; C3.2; C5.2; C5.3,Directly supports MCU board bring-up and project first power.,Informed by / cross-checked against,gptcElectronics; flukeDMM; onetTech,Georgia Piedmont Technical College — Electronics Technology — current catalog; Fluke — Digital Multimeter Basics; O*NET OnLine / U.S. Department of Labor — Electrical and Electronic Engineering Technologists and Technicians
10,Phase II · Electronics & Troubleshooting,"Amplifiers, Op-Amps, Gain, Decibels, and Loading",Intermediate,"Amplifiers, signal conditioning, gain, bandwidth, loading, and clipping concepts.",9.4; 9.6; 11.1; 11.2; 11.3; 11.4; 11.5; 11.6; 11.7; 11.8; 11.9; 17.1; 17.2; 11.3.1; 11.3.2; 11.6.1; 11.8.1,Use Week 3 scope discipline and CETa amplifier/signal-chain models.,"Signal-path block reasoning, expected gain/offset/bandwidth, test-point planning, and stage-by-stage isolation.","Career measures the same gain, bias, and bandwidth relationships CETa explains.",C2.2; C2.5; C2.6; C3.3; C3.4; C5.2; C5.3,Prepares mixed-signal and sensor-path diagnosis.,Informed by / cross-checked against,gptcElectronics; tiOpAmp; adiOpAmp,Georgia Piedmont Technical College — Electronics Technology — current catalog; Texas Instruments — TI Precision Labs — Op Amps; Analog Devices — Learn the Fundamentals of Op Amps
11,Phase II · Electronics & Troubleshooting,"Number Systems, Boolean Logic, and Digital Circuits",Intermediate,"Digital logic levels, Boolean/state concepts, pull resistors, timing, and debounce.",9.5; 13.1; 13.2; 13.3; 13.4; 13.5; 13.6; 13.7; 13.8; 13.9; 13.10; 13.11; 13.12,Use the CETa digital logic model plus Week 3 measurement planning. No MCU register knowledge is assumed yet.,"Real logic thresholds, pull-up/pull-down behavior, switch bounce, scope/logic-analyzer evidence, and bit-mask preview only where CETa has prepared the binary model.","Career makes CETa logic states physical: voltage levels, timing, edges, and noisy transitions.",C2.5; C3.4; C6.4; C7.1; C7.3,"Prepares MCU GPIO, registers, interrupts, and serial-bus analysis.",Informed by / cross-checked against,gptcElectronics; pccEETProgram; saleae,Georgia Piedmont Technical College — Electronics Technology — current catalog; Portland Community College — Electronic Engineering Technology — program and course sequence; Saleae — Logic Analyzer Learning and Support
12,Phase II · Electronics & Troubleshooting,"Soldering, ESD, Rework, and Version-Controlled Repair",Intermediate,Soldering/rework/workmanship and physical interconnection concepts.,1.5; 1.6; 1.10; 3.1; 5.1; 5.2; 5.3; 5.4; 5.5; 5.6; 5.7; 5.8; 5.9; 5.10; 5.11; 5.8.1; 5.8.2; 5.12,Use CETa workmanship/safety plus the established evidence rule. No version-control knowledge is assumed.,"Physical-change traceability plus Git from zero: repository, working tree, status, diff, commit, history, branch/tag, and known-good baseline.",CETa governs physical workmanship; Career makes the change and its evidence reproducible in project history.,C1.2; C1.5; C4.1; C4.2; C4.5; C4.6; C12.1; C12.3; C12.6; C12.7,"Git becomes infrastructure for C, STM32, projects, test scripts, and portfolio evidence after this week.",Informed by / cross-checked against,gptcElectronics; pccEET101A; githubSkills; nasaHarness; nasaESD,"Georgia Piedmont Technical College — Electronics Technology — current catalog; Portland Community College — EET 101A — Electronic Lab and Essential Work Skills; GitHub Skills — Introduction to GitHub; NASA — NASA-STD-8739.4 — Crimping, Cables, Harnesses, and Wiring; NASA — NASA-HDBK-8739.21 — ESD Control"
13,Phase II · Electronics & Troubleshooting,"Schematics, Datasheets, Signal Flow, and Root Cause",Intermediate,"Schematics, components, datasheets, signal flow, and prior troubleshooting evidence.",6.1; 6.2; 6.3; 6.4; 6.5; 6.6; 6.7; 6.8; 6.9; 6.10; 8.3; 8.6; 21.2; 21.4,"Use the established troubleshooting loop, schematic/datasheet literacy, and Git/lab-record baseline.","Competing hypotheses, discriminating tests, divide-and-conquer strategy, causal root-cause verification, and concise failure reporting. Formal controlled fault injection is deferred to Week 28.",Career organizes CETa circuit knowledge into high-information diagnostic choices.,C2.1; C2.2; C2.3; C2.4; C2.6; C3.6; C5.1; C5.2; C5.3; C5.4; C5.6; C12.3,"This reasoning model becomes the debugging backbone for C, MCU, buses, and projects; Week 28 later adds formal controlled fault injection.",Informed by / cross-checked against,pccEET101B; onetTech; nasaSystems,Portland Community College — EET 101B — Electronic Equipment and Lab Skills; O*NET OnLine / U.S. Department of Labor — Electrical and Electronic Engineering Technologists and Technicians; NASA — NASA Systems Engineering Handbook
14,Phase III · Embedded Core,C Fundamentals and Computer Architecture,Intermediate,"Binary/hex, logic, computer/processor concepts, and the idea that source code is translated into executable machine instructions.",13.1; 13.11; 15.1; 15.2; 15.3; 15.4; 15.5; 15.6; 16.1; 16.2; 16.3; 15.9,No C programming is assumed. Use only CETa binary/computer fundamentals and Week 12 project-file/Git habits.,"A real C foundation: source/build model, variables/types, expressions, conditionals, loops, functions, arrays/strings/structs/enums, addresses/pointers, bitwise operations, warnings, and debugging.",CETa explains binary and processor concepts; Career teaches the programming language used to control and test those systems.,C6.1; C6.2; C6.3; C6.5; C6.6; C7.1; C12.2; C6.7,Provides the programming prerequisites for embedded state/timing and STM32 work.,Informed by / cross-checked against,tamuESET; beejC; cs50C; armEmbedded,Texas A&M University — Electronic Systems Engineering Technology (ESET) course descriptions; Brian Hall / open textbook — Beej's Guide to C Programming; Harvard University — CS50x Week 4 — Memory and Pointers; Arm — Embedded C Programming with Arm Cortex-M
15,Phase III · Embedded Core,"Embedded C, Bit Operations, State Machines, and Timing",Intermediate,"Microprocessor architecture, registers, ports, binary/bit logic, clocks, and timing concepts.",9.5; 13.2; 13.3; 13.4; 15.3; 15.4; 15.5; 15.6; 15.7; 16.3,"Week 14 C must be usable before this lesson. Bring forward functions, types, arrays/pointers, bitwise masks, and debugging.","MCU mental model, memory-mapped registers, read/modify/write, blocking vs nonblocking timing, state machines, polling, interrupts/ISR, shared state, volatile, and timing units using GPIO/timer examples before later serial/peripheral integration.",CETa supplies the architecture vocabulary; Career connects C statements to actual MCU state and timing.,C6.3; C6.4; C6.5; C6.6; C7.2; C7.3; C7.4; C7.5; C7.6,"Direct prerequisite for STM32 configuration, SWD debugging, GPIO, timers, and interfaces.",Informed by / cross-checked against,tamuESET; armEmbedded; armKit; stTraining,Texas A&M University — Electronic Systems Engineering Technology (ESET) course descriptions; Arm — Embedded C Programming with Arm Cortex-M; Arm University Program — Efficient Embedded Systems Education Kit; STMicroelectronics — STM32 Online Training
16,Phase III · Embedded Core,"STM32 Project Setup, GPIO, Clocks, and SWD Debug",Intermediate,"MCU architecture, GPIO/register concepts, clocks, and interface fundamentals available so far.",13.11; 15.1; 15.2; 15.3; 15.4; 15.5; 15.6; 15.8; 16.3,"Use Week 14 C and Week 15 embedded architecture. No prior STM32 IDE, build, flash, or SWD experience is assumed.","STM32 board/MCU identity, project/configuration, toolchain/build, output image, ST-LINK/debug probe, flash/reset/run, SWD, breakpoint/register/GPIO proof, then one timer and one ADC proof after the known-good GPIO baseline.",CETa explains what an MCU/peripheral is; Career shows how that model becomes a real build/flash/debug workflow.,C7.1; C7.2; C7.3; C7.5; C8.1; C8.2; C8.3; C8.5; C8.6; C8.4; C8.7,"Creates a known-good MCU baseline plus first peripheral proofs for host serial, I2C/SPI, sensors, and Project 1.",Informed by / cross-checked against,tamuESET; stTraining; stMooc; armKit,Texas A&M University — Electronic Systems Engineering Technology (ESET) course descriptions; STMicroelectronics — STM32 Online Training; STMicroelectronics — STM32CubeMX and STM32Cube HAL Basics; Arm University Program — Efficient Embedded Systems Education Kit
17,Phase III · Embedded Core,UART Communication and Python Serial Control,Intermediate,UART framing/levels and serial communication theory.,12.1; 12.2; 15.4; 16.1; 16.2; 16.3; 16.6; 16.7; 16.8; 16.9; 16.4; 16.5,"Use CETa UART theory, Week 14 programming ideas, and Week 16 known-good MCU baseline. No Python knowledge is assumed.","Python from zero for test work: running a script, variables/types, conditionals, loops, functions, imports/modules, exceptions, files/logging, bytes versus text, pySerial configuration/read/write, message boundaries, parsing/validation, and evidence logging.",CETa explains the UART link; Career builds the host-side software that uses and tests it.,C8.2; C9.1; C9.4; C9.6; C10.1; C10.2; C10.3; C12.2,Python becomes the host/test foundation for later automated hardware validation.,Informed by / cross-checked against,pythonDocs; pyserial; sparkfunSerial; onetTech,Python Software Foundation — Python 3 Documentation; pySerial project — pySerial Documentation; SparkFun — Serial Communication; O*NET OnLine / U.S. Department of Labor — Electrical and Electronic Engineering Technologists and Technicians
18,Phase III · Embedded Core,"I²C, SPI, Logic Analysis, Sensors, and Actuators",Intermediate,UART/I2C/SPI electrical and protocol models plus MCU peripheral concepts.,8.6; 12.1; 12.2; 12.3; 12.4; 12.5; 13.11; 15.4,"Use Week 16 STM32 bring-up, Week 17 host-side serial thinking, and CETa bus fundamentals. The learner should already understand what a register, pin, wire reference, and transaction are.","A strict I2C-first datasheet-to-wire integration ladder, logic-analyzer onboarding and captured evidence, layered I2C fault isolation, then comparison/generalization to SPI and UART only after the complete I2C path is proven.","CETa teaches bus mechanics; Career proves one complete I2C path first, then uses that concrete model to compare SPI/UART and diagnose real transactions.",C2.2; C2.5; C3.5; C8.4; C9.2; C9.3; C9.4; C9.5; C9.6,Supports Project 1 peripheral integration and automated interface verification.,Informed by / cross-checked against,stTraining; saleae; sparkfunI2C; sparkfunSPI,STMicroelectronics — STM32 Online Training; Saleae — Logic Analyzer Learning and Support; SparkFun — I2C; SparkFun — Serial Peripheral Interface (SPI)
19,Phase IV · CETa Breadth & Readiness,"Cabling, Audio/Video Signal Paths, and Optical Systems",Intermediate,"Cabling, connectors, transmission media, continuity, and workmanship concepts.",1.9; 3.4; 7.1; 7.2; 7.3; 7.4; 7.5; 7.6; 7.7; 7.8; 7.9; 7.10; 7.11; 7.12; 7.13; 17.1; 17.2; 17.3; 17.4; 17.5; 17.6; 17.7; 17.8; 17.9; 18.1; 18.2; 18.3; 18.4; 18.5; 18.6; 18.7; 7.6.1; 7.9.1; 18.1.1; 18.2.1; 18.2.2; 18.3.1; 18.3.2; 18.5.1; 18.6.1,Use CETa cable/media theory plus Week 3 measurement discipline and Week 12 workmanship evidence.,"Termination preparation, stripping/crimping/strain relief, pin numbering/keying, continuity/segment isolation, and serviceable harness documentation.",Career applies CETa cabling theory to physical assembly and fault isolation.,C1.5; C2.3; C2.4; C3.6; C4.3; C4.4; C4.6; C5.2,Prepares reliable project interconnects and employer-facing workmanship evidence.,Informed by / cross-checked against,nasaHarness; onetTech; pccEET101A,"NASA — NASA-STD-8739.4 — Crimping, Cables, Harnesses, and Wiring; O*NET OnLine / U.S. Department of Labor — Electrical and Electronic Engineering Technologists and Technicians; Portland Community College — EET 101A — Electronic Lab and Essential Work Skills"
20,Phase IV · CETa Breadth & Readiness,"RF, Telecommunications, Spectrum, and Technician Procedures",Intermediate,"RF/telecom fundamentals: frequency, spectra, modulation, transmission lines, and technician procedures.",1.8; 1.10.2; 7.2; 8.9; 9.7; 19.1; 19.2; 19.3; 19.4; 19.5; 19.6; 19.7; 19.8; 19.9; 19.10; 19.11; 20.1; 20.2; 20.3; 20.4; 20.5; 21.1; 21.2; 21.3; 21.4; 21.5; 21.6; 21.7; 21.8; 21.9; 19.2.1,Use CETa RF/telecom concepts plus Week 3 measurement planning. No spectrum-analyzer workflow is assumed.,"Spectrum-analyzer controls/settings, marker interpretation, measurement procedure writing, observation-versus-interpretation, and technical escalation/handoff.",CETa explains what spectral features mean; Career teaches how to measure and communicate them reproducibly.,C1.3; C3.6; C5.1; C5.2; C5.6; C11.2; C12.3; C12.4; C12.5,Strengthens professional test procedure and handoff skills used in project validation.,Informed by / cross-checked against,tekSpectrum; nptelComms; onetTech,Tektronix — Fundamentals of Real-Time Spectrum Analysis; NPTEL — Principles of Communication Systems I; O*NET OnLine / U.S. Department of Labor — Electrical and Electronic Engineering Technologists and Technicians
21,Phase IV · CETa Breadth & Readiness,CETa Integration I and Mixed Technician Decisions,Intermediate,"Broad CETa theory accumulated across electrical, components, digital, communications, safety, and procedures.",1.1; 2.6; 3.6; 4.1; 5.1; 6.2; 7.2; 8.3; 9.1; 10.1; 11.4; 12.1; 13.2; 15.3; 16.3; 17.2; 18.3; 19.3; 20.1; 21.2,Use all prior foundational models but continue to choose the smallest relevant model for each scenario.,"Rapid technician triage: identify the domain, select the likely evidence source/tool, state a hypothesis, and choose a safe next action.","Career converts broad CETa recall into fast, disciplined technician decisions.",C1.4; C2.4; C3.6; C4.1; C5.1; C5.2; C5.4; C11.5; C12.3,Prepares requirements/project work where the learner must select methods without topic labels.,Informed by / cross-checked against,etaCompetencies; onetTech; abetETAC,"ETA International — ETA Associate CET (CETa) Competency Requirements; O*NET OnLine / U.S. Department of Labor — Electrical and Electronic Engineering Technologists and Technicians; ABET — Criteria for Accrediting Engineering Technology Programs, 2026–2027"
22,Phase IV · CETa Breadth & Readiness,CETa Repair II and Project Requirements,Advanced,Readiness review plus broad technical foundation.,1.1; 2.6; 4.1; 6.2; 8.3; 9.1; 21.2; 21.4,"Use the troubleshooting, documentation, Git, measurement, and interface habits already established.","Requirements, acceptance criteria, verification methods, traceability, test planning, and scope control before build work.",CETa knowledge becomes design/test requirements; Career formalizes how those requirements are proven.,C2.3; C5.2; C11.1; C11.2; C11.3; C11.4; C11.5; C11.6; C12.3; C13.1,Defines the contract for Project 1 and later automated validation.,Informed by / cross-checked against,abetETAC; nasaSystems; onetTech,"ABET — Criteria for Accrediting Engineering Technology Programs, 2026–2027; NASA — NASA Systems Engineering Handbook; O*NET OnLine / U.S. Department of Labor — Electrical and Electronic Engineering Technologists and Technicians"
23,Phase IV · CETa Breadth & Readiness,CETa Readiness Gate and Reproducible Project Setup,Advanced,CETa readiness evidence and all prior technical foundations.,1.1; 8.3; 9.1; 21.1; 21.2; 21.4; 21.7,"Requirements must exist before the project baseline. Git/project structure, lab records, and safety limits are already taught.","Controlled project baseline: repository, configuration identity, issue/evidence structure, bench readiness, BOM/interface ownership, and reproducible start state.",Career turns accumulated CETa knowledge into a controlled project launch.,C1.1; C1.4; C11.1; C11.3; C11.6; C12.1; C12.2; C12.3; C12.6; C13.2,Prevents first-power ambiguity and provides a known baseline for every Project 1 change.,Informed by / cross-checked against,githubSkills; nasaSystems; onetTech,GitHub Skills — Introduction to GitHub; NASA — NASA Systems Engineering Handbook; O*NET OnLine / U.S. Department of Labor — Electrical and Electronic Engineering Technologists and Technicians
24,Phase V · Capstone & Role Proof,Safe Hardware Bring-Up and CETa Power/Measurement Retention,Advanced,"Power, measurement, digital/MCU, safety, and component behavior.",1.4; 1.5; 8.3; 8.6; 8.13; 9.1; 10.1; 10.5,Use the controlled baseline from Week 23 plus the Week 1/9/16 bring-up ladders.,"Project first power with inspection, continuity, current limiting, rail verification, reset/boot/debug checks, GPIO/UART proof, and baseline evidence.",Career integrates many CETa concepts in a staged real-system bring-up.,C1.1; C1.2; C1.4; C3.1; C3.2; C3.3; C8.3; C8.5; C8.6; C11.3,Creates the known-good platform required before adding a sensor/peripheral.,Informed by / cross-checked against,flukeDMM; stTraining; onetTech,Fluke — Digital Multimeter Basics; STMicroelectronics — STM32 Online Training; O*NET OnLine / U.S. Department of Labor — Electrical and Electronic Engineering Technologists and Technicians
25,Phase V · Capstone & Role Proof,Sensor/Interface Integration and CETa Interface Retention,Advanced,"I2C/SPI/interface theory, sensors, ADC/digital concepts, and prior measurement skills.",3.4; 8.6; 12.1; 12.2; 12.3; 12.4; 12.5; 18.2,Use Week 18 one-interface workflow and Week 24 known-good project baseline.,"One controlled peripheral vertical slice from datasheet and wiring through firmware, capture, engineering-unit conversion, fault handling, and evidence.",Career integrates CETa protocol/device theory into an end-to-end subsystem.,C2.2; C2.5; C3.5; C8.4; C9.2; C9.3; C9.4; C9.5; C9.6; C11.1; C11.3,Provides a stable functional slice that firmware architecture and automated test can exercise.,Informed by / cross-checked against,stTraining; saleae; sparkfunI2C; sparkfunSPI,STMicroelectronics — STM32 Online Training; Saleae — Logic Analyzer Learning and Support; SparkFun — I2C; SparkFun — Serial Peripheral Interface (SPI)
26,Phase V · Capstone & Role Proof,"Firmware Architecture, Diagnostics, and CETa Digital Retention",Advanced,"MCU architecture, digital/state concepts, and the project peripheral now working.",13.2; 13.3; 13.4; 13.11; 15.1; 15.3; 15.4; 15.5; 15.6,Use Week 15 nonblocking/state/interrupt concepts and Week 25 working vertical slice.,"Firmware layering: drivers, application state, diagnostics, timeouts, error/recovery paths, versioned changes, and testable module boundaries.",Career organizes CETa/embedded concepts into maintainable project architecture.,C6.2; C6.4; C6.5; C7.2; C7.3; C7.4; C7.5; C7.6; C8.6; C11.4; C12.1,Makes Project 1 observable and controllable enough for automated testing.,Informed by / cross-checked against,armEmbedded; stTraining; githubSkills,Arm — Embedded C Programming with Arm Cortex-M; STMicroelectronics — STM32 Online Training; GitHub Skills — Introduction to GitHub
27,Phase V · Capstone & Role Proof,"Python Hardware Test, Logging, and CETa Computer-Application Retention",Advanced,Measurement/test concepts plus the working Project 1 interface.,9.1; 9.3; 12.1; 15.4; 16.1; 16.2; 16.3; 16.6; 16.7; 16.8; 16.9; 16.10,"Use Week 17 Python/serial, Week 22 requirements/verification, and Week 26 observable firmware. No automated-test architecture is assumed beyond those pieces.","Automated-test lifecycle, fixture/DUT boundaries, setup/stimulus/acquisition/evaluation/cleanup, PASS/FAIL/ERROR/INCONCLUSIVE semantics, configuration source-of-truth, logs, plots, and boundary tests.",Career turns prior measurement and software skills into repeatable hardware verification.,C9.1; C10.1; C10.2; C10.3; C10.4; C10.5; C10.6; C11.1; C11.3; C11.5; C11.6,Provides the evidence engine for deliberate fault injection and final reports.,Informed by / cross-checked against,pythonDocs; pyserial; pytest; matplotlib; onetTech,Python Software Foundation — Python 3 Documentation; pySerial project — pySerial Documentation; pytest project — pytest Documentation; Matplotlib project — Matplotlib Quick Start; O*NET OnLine / U.S. Department of Labor — Electrical and Electronic Engineering Technologists and Technicians
28,Phase V · Capstone & Role Proof,"Fault Injection, Root Cause, and Technical Test Reporting",Advanced,Broad electronics theory and established project/test baseline.,6.2; 6.4; 8.3; 8.6; 21.1; 21.2; 21.3; 21.4; 21.5; 21.6; 21.7; 21.8; 21.9,"Use Week 13 root-cause reasoning, Week 22 verification design, and Week 27 automated evidence.","Formal controlled fault injection, failure-mode coverage, evidence-preserving diagnosis, requirement/result traceability, corrective action, retest, and defensible report writing.",Career demonstrates mastery by using CETa theory to explain and prove real failures.,C3.6; C5.1; C5.2; C5.3; C5.4; C5.5; C5.6; C10.4; C11.2; C11.4; C11.5; C11.6; C12.4; C12.5,Produces the strongest troubleshooting story for the portfolio and interviews.,Informed by / cross-checked against,nasaSystems; onetTech; abetETAC,"NASA — NASA Systems Engineering Handbook; O*NET OnLine / U.S. Department of Labor — Electrical and Electronic Engineering Technologists and Technicians; ABET — Criteria for Accrediting Engineering Technology Programs, 2026–2027"
29,Phase V · Capstone & Role Proof,"Instrumentation, Rework, Harnesses, and Role-Proof Integration",Advanced,"All practical electronics, measurement, workmanship, and troubleshooting foundations.",1.5; 5.1; 5.2; 5.3; 5.4; 5.7; 6.2; 7.1; 7.3; 8.3; 8.6; 8.13; 21.2,Only artifacts already created in labs/projects count as evidence; do not invent proficiency.,"Employer-facing role-proof dossier combining instruments, rework/harness quality, bring-up, troubleshooting, code, test evidence, and serviceability.",Career packages the competencies already demonstrated across CETa and project work.,C1.2; C1.5; C3.1; C3.2; C3.3; C3.5; C4.1; C4.2; C4.3; C4.4; C4.5; C4.6; C5.4; C12.6; C13.1,Feeds the application and interview package without requiring a new technical project.,Informed by / cross-checked against,onetTech; nasaHarness; blsTech,"O*NET OnLine / U.S. Department of Labor — Electrical and Electronic Engineering Technologists and Technicians; NASA — NASA-STD-8739.4 — Crimping, Cables, Harnesses, and Wiring; U.S. Bureau of Labor Statistics — Electrical and Electronic Engineering Technologists and Technicians"
30,Phase VI · Career Launch,"Portfolio, Resume, Interview Defense, and CETa Retention",Advanced,Completed technical evidence plus readiness results.,8.3; 9.1; 21.1; 21.2; 21.3; 21.4; 21.5; 21.6; 21.7; 21.8; 21.9,Use verified project/lab evidence and accurate statements of personal contribution.,"Evidence-first portfolio, truthful resume bullets, 90-second transition story, technical project explanations, troubleshooting interviews, and job-description skill-gap analysis.",Career converts technical mastery into accurate employer communication.,C5.6; C12.4; C12.5; C12.6; C13.1; C13.2; C13.3; C13.4; C13.5,Creates a reusable application package and feedback baseline.,Informed by / cross-checked against,onetTech; blsTech,O*NET OnLine / U.S. Department of Labor — Electrical and Electronic Engineering Technologists and Technicians; U.S. Bureau of Labor Statistics — Electrical and Electronic Engineering Technologists and Technicians
31,Phase VI · Career Launch,"Application Sprint, Interview Feedback, and Continuing Mastery",Advanced,Course technical foundation is complete; remaining work is retention and targeted repair.,1.1; 8.3; 9.1; 21.2; 21.4; 21.7,Use the existing portfolio/application package and real feedback. Do not restart mastered curriculum wholesale.,"Application/interview feedback loop, gap classification, targeted technical repair, portfolio maintenance, and bridge-role targeting; this is the first required mastery location for feedback-loop standard C13.6.",Career uses the learning system as a repair loop after formal instruction ends.,C5.6; C12.5; C13.2; C13.3; C13.4; C13.5; C13.6,Transitions Alfred from course delivery to ongoing targeted professional development.,Informed by / cross-checked against,onetTech; blsTech,O*NET OnLine / U.S. Department of Labor — Electrical and Electronic Engineering Technologists and Technicians; U.S. Bureau of Labor Statistics — Electrical and Electronic Engineering Technologists and Technicians
