week,cetaGateStatus,careerGateStatus,tandemDeclaredStatus,tandemStructuralStatus,overallAcceptanceStatus,activeCetaCodes,cetaRouteBacklogCodes,activeCareerStandards,relationshipTypes,requiredArtifact
1,REMEDIATION_REQUIRED,REMEDIATION_REQUIRED,REMEDIATION_REQUIRED,PASS,REMEDIATION_REQUIRED,1.1; 1.2; 1.3; 1.4; 1.5; 1.6; 1.7; 1.8; 1.9; 1.10; 1.10.1; 1.10.2; 1.10.3; 1.11; 1.12; 1.13; 1.14,2.1; 2.4; 2.6; 2.13; 2.13.1; 2.14,C1.1; C1.2; C1.3; C1.4; C1.5; C1.6; C3.1; C3.2; C15.1; C15.2,CONCURRENT_SHARED; CAREER_TO_CETA_FORMALIZATION,Bench-entry checklist + controlled first-power + basic DMM/supply evidence
2,VERIFIED_PASS,VERIFIED_PASS,VERIFIED_PASS,PASS,VERIFIED_PASS,4.1; 4.2; 4.3; 4.4; 4.10; 4.17; 9.1; 9.3,,C2.1; C2.4; C2.6; C5.2; C5.3,CAREER_TO_CETA_FORMALIZATION; CONCURRENT_SHARED,Expected-vs-actual troubleshooting record + evidence-gated fault isolation
3,REMEDIATION_REQUIRED,REMEDIATION_REQUIRED,REMEDIATION_REQUIRED,PASS,REMEDIATION_REQUIRED,8.3; 8.4; 8.6; 8.12; 8.12.1,8.1; 8.2,C3.1; C3.2; C3.3; C3.4; C3.6; C3.8; C15.1; C15.2; C15.3; C15.4; C15.5,CAREER_TO_CETA_FORMALIZATION; CONCURRENT_SHARED; CETA_TO_CAREER,Reproducible DMM/supply/scope setup record + known-reference checks
4,REMEDIATION_REQUIRED,REMEDIATION_REQUIRED,REMEDIATION_REQUIRED,PASS,REMEDIATION_REQUIRED,9.2; 9.4; 9.5; 9.6; 9.7; 9.8; 9.8.1; 9.9,2.12.1; 2.12.2,C3.3; C3.4; C3.6; C5.2; C11.5,CONCURRENT_SHARED; CETA_TO_CAREER,Transient/filter characterization with predicted and measured evidence
5,VERIFIED_PASS,REMEDIATION_REQUIRED,REMEDIATION_REQUIRED,PASS,REMEDIATION_REQUIRED,,,C5.1; C5.2; C5.3; C5.4; C12.3; C12.5,CETA_TO_CAREER; CONCURRENT_SHARED; CAREER_TO_CETA_FORMALIZATION,Complete reproduce→predict→measure→isolate→repair→verify record
6,REMEDIATION_REQUIRED,REMEDIATION_REQUIRED,REMEDIATION_REQUIRED,PASS,REMEDIATION_REQUIRED,,2.10; 2.11; 4.7; 4.8; 4.9; 4.11; 4.13; 4.15; 8.5; 8.7,C3.3; C3.4; C3.6; C3.7; C11.3; C11.5,CONCURRENT_SHARED; CETA_TO_CAREER,Frequency-response sweep + acceptance/characterization table
7,REMEDIATION_REQUIRED,REMEDIATION_REQUIRED,REMEDIATION_REQUIRED,PASS,REMEDIATION_REQUIRED,3.1; 3.1.1; 3.1.2; 3.1.3; 3.1.4; 3.2; 3.2.1; 3.2.2; 3.3; 3.3.1; 3.4; 3.4.1; 3.4.2; 3.5; 3.5.1; 3.5.2; 3.5.3; 3.6; 3.6.1; 3.6.2; 3.7; 3.7.1; 3.7.2; 3.7.3; 3.8; 3.9; 3.9.1; 3.9.2; 3.9.3,2.2; 2.2.1; 2.2.2; 2.3; 2.5; 2.5.1; 2.7; 2.8; 2.9; 2.12; 4.16; 8.8; 8.16,C2.2; C2.5; C4.6; C5.2,CONCURRENT_SHARED; CETA_TO_CAREER,Datasheet-to-interface plan + flyback/relay evidence
8,VERIFIED_PASS,REMEDIATION_REQUIRED,REMEDIATION_REQUIRED,PASS,REMEDIATION_REQUIRED,,,C2.2; C2.5; C5.2; C5.3; C5.4,CONCURRENT_SHARED; CETA_TO_CAREER,Protected switching circuit + layered fault isolation
9,REMEDIATION_REQUIRED,REMEDIATION_REQUIRED,REMEDIATION_REQUIRED,PASS,REMEDIATION_REQUIRED,10.1; 10.2; 10.3; 10.3.1; 10.4; 10.4.1; 10.4.2; 10.4.3; 10.5; 10.6; 10.7; 10.8; 10.9; 10.10; 10.11,8.9; 8.14; 8.15,C3.2; C5.2; C5.3; C5.4; C11.5; C15.5,CAREER_TO_CETA_FORMALIZATION; CONCURRENT_SHARED; CETA_TO_CAREER,Power-rail bring-up + current/ripple fault report
10,REMEDIATION_REQUIRED,REMEDIATION_REQUIRED,REMEDIATION_REQUIRED,PASS,REMEDIATION_REQUIRED,11.1; 11.2; 11.3; 11.3.1; 11.3.2; 11.4; 11.5; 11.6; 11.6.1; 11.7; 11.8; 11.8.1; 11.9,4.14,C3.3; C3.4; C3.6; C3.7; C5.3; C5.4,CONCURRENT_SHARED; CETA_TO_CAREER,Signal-chain gain/loading/clipping characterization + diagnosis
11,REMEDIATION_REQUIRED,REMEDIATION_REQUIRED,REMEDIATION_REQUIRED,PASS,REMEDIATION_REQUIRED,13.1; 13.2; 13.3; 13.4; 13.5; 13.6; 13.7; 13.8; 13.9; 13.10; 13.11; 13.12,4.5; 4.6; 8.10; 8.11,C2.5; C5.2; C5.3,CONCURRENT_SHARED,Digital-input threshold/bounce/fault evidence
12,VERIFIED_PASS,REMEDIATION_REQUIRED,REMEDIATION_REQUIRED,PASS,REMEDIATION_REQUIRED,5.1; 5.2; 5.3; 5.4; 5.5; 5.6; 5.7; 5.8; 5.8.1; 5.8.2; 5.9; 5.10; 5.11; 5.12,,C1.2; C1.5; C4.1; C4.2; C4.5; C4.6; C12.3; C12.4; C14.1; C14.2; C14.3; C14.4; C14.5; C14.6,CONCURRENT_SHARED; CETA_TO_CAREER; CAREER_TO_CETA_FORMALIZATION,Inspected solder/rework artifact + controlled work record + traceable retest
13,VERIFIED_PASS,REMEDIATION_REQUIRED,REMEDIATION_REQUIRED,PASS,REMEDIATION_REQUIRED,6.1; 6.2; 6.3; 6.4; 6.5; 6.6; 6.7; 6.8; 6.9; 6.10,,C2.1; C2.2; C2.3; C2.4; C2.5; C2.6; C5.1; C5.2; C5.3; C5.4; C5.6; C14.2; C14.3; C14.4,CAREER_TO_CETA_FORMALIZATION; CONCURRENT_SHARED; CETA_TO_CAREER,Populated-board/component-level fault isolation and verified repair record
14,VERIFIED_PASS,REMEDIATION_REQUIRED,REMEDIATION_REQUIRED,PASS,REMEDIATION_REQUIRED,15.1; 15.2; 15.3; 15.4; 15.5; 15.6; 15.7; 15.8; 15.9,,C6.1; C6.2; C6.3; C6.4; C6.5; C6.6; C6.7,CAREER_EXTENSION,Small C diagnostic/test program with warnings and failure cases
15,VERIFIED_PASS,REMEDIATION_REQUIRED,REMEDIATION_REQUIRED,PASS,REMEDIATION_REQUIRED,,,C7.1; C7.2; C7.3; C7.4; C7.5; C7.6,CAREER_EXTENSION,Embedded state-machine/register evidence
16,VERIFIED_PASS,REMEDIATION_REQUIRED,REMEDIATION_REQUIRED,PASS,REMEDIATION_REQUIRED,,,C8.1; C8.2; C8.3; C8.4; C8.5; C8.6; C8.7; C15.5,CAREER_EXTENSION; CONCURRENT_SHARED,STM32 known-good bring-up + SWD fault/recovery evidence
17,VERIFIED_PASS,REMEDIATION_REQUIRED,REMEDIATION_REQUIRED,PASS,REMEDIATION_REQUIRED,16.1; 16.2; 16.3; 16.4; 16.5; 16.6; 16.7; 16.8; 16.9; 16.10,,C9.1; C10.1; C10.2; C10.3; C12.3; C12.5,CAREER_EXTENSION; CAREER_TO_CETA_FORMALIZATION,UART capture + Python serial log + malformed/timeout fault evidence
18,VERIFIED_PASS,REMEDIATION_REQUIRED,REMEDIATION_REQUIRED,PASS,REMEDIATION_REQUIRED,12.1; 12.2; 12.3; 12.4; 12.5,,C3.5; C9.2; C9.3; C9.4; C9.5; C9.6; C5.2,CETA_TO_CAREER; CAREER_EXTENSION; CONCURRENT_SHARED,I2C/SPI raw+decoded capture + injected bus fault diagnosis
19,VERIFIED_PASS,REMEDIATION_REQUIRED,REMEDIATION_REQUIRED,PASS,REMEDIATION_REQUIRED,7.1; 7.2; 7.3; 7.4; 7.5; 7.6; 7.6.1; 7.7; 7.8; 7.9; 7.9.1; 7.10; 7.11; 7.12; 7.13; 17.1; 17.2; 17.3; 17.4; 17.5; 17.6; 17.7; 17.8; 17.9; 18.1; 18.1.1; 18.2; 18.2.1; 18.2.2; 18.3; 18.3.1; 18.3.2; 18.4; 18.5; 18.5.1; 18.6; 18.6.1; 18.7,,C4.3; C4.4; C14.1; C14.2; C14.4; C14.5; C15.5,CONCURRENT_SHARED; CAREER_TO_CETA_FORMALIZATION,Real termination/crimp/harness inspection + continuity/strain-relief evidence
20,REMEDIATION_REQUIRED,REMEDIATION_REQUIRED,REMEDIATION_REQUIRED,PASS,REMEDIATION_REQUIRED,19.1; 19.2; 19.2.1; 19.3; 19.4; 19.5; 19.6; 19.7; 19.8; 19.9; 19.10; 19.11; 20.1; 20.2; 20.3; 20.4; 20.5,4.12; 8.13,C3.4; C3.6; C3.8; C15.1; C15.2; C15.3; C15.4,CONCURRENT_SHARED; CETA_TO_CAREER; CAREER_TO_CETA_FORMALIZATION,Spectrum/RF measurement setup record with validity checks
21,VERIFIED_PASS,REMEDIATION_REQUIRED,REMEDIATION_REQUIRED,PASS,REMEDIATION_REQUIRED,,,C1.1; C2.1; C2.4; C3.1; C3.2; C3.3; C4.1; C5.1; C5.2; C5.3; C11.5; C14.2; C15.1,CONCURRENT_SHARED; CAREER_TO_CETA_FORMALIZATION; CETA_TO_CAREER,Mixed technician practical stations with accept/reject and documentation
22,VERIFIED_PASS,REMEDIATION_REQUIRED,REMEDIATION_REQUIRED,PASS,REMEDIATION_REQUIRED,,,C11.1; C11.2; C11.6; C14.1; C14.3; C14.4; C14.6,CETA_TO_CAREER; CAREER_TO_CETA_FORMALIZATION,Requirement-to-test trace + controlled work/test procedure + anomaly record
23,VERIFIED_PASS,REMEDIATION_REQUIRED,REMEDIATION_REQUIRED,PASS,REMEDIATION_REQUIRED,,,C12.1; C12.2; C12.6; C12.7; C14.4,CETA_TO_CAREER; CAREER_TO_CETA_FORMALIZATION,Known-good project baseline + BOM/configuration/evidence traceability
24,VERIFIED_PASS,REMEDIATION_REQUIRED,REMEDIATION_REQUIRED,PASS,REMEDIATION_REQUIRED,,,C1.1; C1.4; C3.2; C8.5; C15.1; C15.2; C15.4; C15.5,CONCURRENT_SHARED; CAREER_TO_CETA_FORMALIZATION; CAREER_EXTENSION,Staged first-power record with current-draw gates and abort/continue decisions
25,VERIFIED_PASS,REMEDIATION_REQUIRED,REMEDIATION_REQUIRED,PASS,REMEDIATION_REQUIRED,,,C2.4; C4.4; C9.4; C9.5; C9.6; C11.5,CAREER_TO_CETA_FORMALIZATION; CONCURRENT_SHARED; CAREER_EXTENSION; CETA_TO_CAREER,"Vertical interface slice with wiring, bus evidence and fault/retest"
26,VERIFIED_PASS,REMEDIATION_REQUIRED,REMEDIATION_REQUIRED,PASS,REMEDIATION_REQUIRED,,,C7.4; C7.6; C8.3; C8.6; C9.6,CAREER_EXTENSION,Firmware/hardware diagnostic evidence package
27,VERIFIED_PASS,REMEDIATION_REQUIRED,REMEDIATION_REQUIRED,PASS,REMEDIATION_REQUIRED,,,C10.1; C10.2; C10.3; C10.4; C10.5; C10.6; C3.7; C11.3; C11.4; C11.5; C15.5; C15.6,CAREER_EXTENSION; CETA_TO_CAREER; CONCURRENT_SHARED,Automated test fixture + PASS/FAIL log + DUT-vs-fixture injected fault
28,VERIFIED_PASS,REMEDIATION_REQUIRED,REMEDIATION_REQUIRED,PASS,REMEDIATION_REQUIRED,21.1; 21.2; 21.3; 21.4; 21.5; 21.6; 21.7; 21.8; 21.9,,C5.5; C5.6; C11.4; C11.5; C11.6; C14.3; C14.4; C14.6,CONCURRENT_SHARED; CETA_TO_CAREER; CAREER_TO_CETA_FORMALIZATION,Controlled fault injection + root-cause report + anomaly/retest trace
29,VERIFIED_PASS,REMEDIATION_REQUIRED,REMEDIATION_REQUIRED,PASS,REMEDIATION_REQUIRED,,,C3.1; C3.2; C3.3; C3.4; C3.6; C3.7; C4.1; C4.2; C4.3; C4.4; C4.5; C5.1; C5.2; C5.3; C5.4; C14.1; C14.2; C14.4; C14.5; C15.1; C15.2; C15.4; C15.5; C15.6,CAREER_TO_CETA_FORMALIZATION; CONCURRENT_SHARED; CETA_TO_CAREER,Role-proof bench dossier: instrumentation + rework + harness + troubleshooting + quality/metrology
30,VERIFIED_PASS,REMEDIATION_REQUIRED,REMEDIATION_REQUIRED,PASS,REMEDIATION_REQUIRED,,,C13.1; C13.2; C13.3; C13.4; C13.5; C12.6,CAREER_EXTENSION; CETA_TO_CAREER,Evidence-first project defense + resume/interview translation
31,VERIFIED_PASS,REMEDIATION_REQUIRED,REMEDIATION_REQUIRED,PASS,REMEDIATION_REQUIRED,,,C13.6,CAREER_EXTENSION,Application/interview feedback loop + hands-on skill maintenance plan
