Canonical ID,New in Part 2,Title,Author / Organization,Provider,URL / Source,Literature Type,Access,Assignment Week,Instructional Week,Lesson,Section ID,Section Label,Relationship,Requirement,Inline,Read / Use,Focus On,After Reading,Why Here,Practical / Real-world,Exact Backlink,Target Valid,Orphan,Final Status
flukeSafety,NO — existing written source reused,Electrical Measurement Safety,Fluke,Fluke,Pre-existing canonical URL preserved in AU-ESET 301 source registry,Existing Professional / Reference Reading,Pre-existing verified access state preserved,1,1,Career,career-w01-voltage-resistance-and-current-modes-are-different-circuits,"Voltage, resistance, and current modes are different circuits",Taught in,required,YES,Uses the existing canonical Teaching Media read/use guidance for this source.,"Focus on the evidence or professional practice that directly supports “Voltage, resistance, and current modes are different circuits.”","After using this resource, be able to explain or apply: Separate shock/arc/tool-rating/PPE/lead-condition hazards and know stop/de-energize conditions.",Existing verified written source retained as part of the Part 2 companion-reading pathway.,YES,learn.html?week=1&stage=career-lesson&lesson=1&section=career-w01-voltage-resistance-and-current-modes-are-different-circuits&from=media&mediaWeek=1&media=flukeSafety,YES,NO,PASS
flukeMultimeterGuide,NO — existing written source reused,How to Use a Multimeter — Comprehensive Guide,Fluke,Fluke,Pre-existing canonical URL preserved in AU-ESET 301 source registry,Existing Professional / Reference Reading,Pre-existing verified access state preserved,1,1,Career,career-w01-voltage-resistance-and-current-modes-are-different-circuits,"Voltage, resistance, and current modes are different circuits",Taught in,required,YES,Uses the existing canonical Teaching Media read/use guidance for this source.,"Focus on the evidence or professional practice that directly supports “Voltage, resistance, and current modes are different circuits.”","After using this reference, be able to locate, explain, or apply: Confirm the current lead is not left in the amperage jack and do not make resistance/continuity measurements on an energized circuit.",Existing verified written source retained as part of the Part 2 companion-reading pathway.,YES,learn.html?week=1&stage=career-lesson&lesson=1&section=career-w01-voltage-resistance-and-current-modes-are-different-circuits&from=media&mediaWeek=1&media=flukeMultimeterGuide,YES,NO,PASS
nasaESD,NO — existing written source reused,NASA-HDBK-8739.21 — ESD Control,NASA,NASA,Pre-existing canonical URL preserved in AU-ESET 301 source registry,Existing Professional / Reference Reading,Pre-existing verified access state preserved,1,1,CETa,concept-14,"ESD, technician tool hazards, and PPE",Taught in,required,YES,Uses the existing canonical Teaching Media read/use guidance for this source.,"Focus on the evidence or professional practice that directly supports “ESD, technician tool hazards, and PPE.”","After using this reference, be able to locate, explain, or apply: Keep ESD control distinct from shock protection. Use approved grounding devices/procedures and do not improvise a direct body-to-ground connection around energized hazards.",Existing verified written source retained as part of the Part 2 companion-reading pathway.,YES,learn.html?week=1&stage=ceta-lesson&lesson=0&section=concept-14&from=media&mediaWeek=1&media=nasaESD,YES,NO,PASS
aacMeterLoading,NO — existing written source reused,Voltmeter Impact on a Measured Circuit,All About Circuits,All About Circuits,Pre-existing canonical URL preserved in AU-ESET 301 source registry,Existing Professional / Reference Reading,Pre-existing verified access state preserved,2,2,CETa,concept-16,Loaded dividers reveal why measuring changes circuits,Demonstrated in,required,YES,Uses the existing canonical Teaching Media read/use guidance for this source.,Focus on the evidence or professional practice that directly supports “Loaded dividers reveal why measuring changes circuits.”,"After using this resource, be able to explain or apply: Replace the loaded leg with the correct parallel equivalent and recalculate Vout.",Existing verified written source retained as part of the Part 2 companion-reading pathway.,YES,learn.html?week=2&stage=ceta-lesson&lesson=0&section=concept-16&from=media&mediaWeek=2&media=aacMeterLoading,YES,NO,PASS
flukeMultimeterGuide,NO — existing written source reused,How to Use a Multimeter — Comprehensive Guide,Fluke,Fluke,Pre-existing canonical URL preserved in AU-ESET 301 source registry,Existing Professional / Reference Reading,Pre-existing verified access state preserved,3,3,CETa,concept-1,The DMM is several instruments sharing one display,Taught in,required,YES,Uses the existing canonical Teaching Media read/use guidance for this source.,Focus on the evidence or professional practice that directly supports “The DMM is several instruments sharing one display.”,"After using this reference, be able to locate, explain, or apply: For every mode, state energized/de-energized condition, jack choice and series/parallel placement.",Existing verified written source retained as part of the Part 2 companion-reading pathway.,YES,learn.html?week=3&stage=ceta-lesson&lesson=0&section=concept-1&from=media&mediaWeek=3&media=flukeMultimeterGuide,YES,NO,PASS
tekScopeSetup,NO — existing written source reused,How to Use an Oscilloscope and Probe — Step-by-Step Tutorial,Tektronix,Tektronix,Pre-existing canonical URL preserved in AU-ESET 301 source registry,Existing Professional / Reference Reading,Pre-existing verified access state preserved,3,3,Career,career-w03-reference-grounding-loading-and-bandwidth-can-change-the-result,"Reference, grounding, loading, and bandwidth can change the result",Taught in,required,YES,Uses the existing canonical Teaching Media read/use guidance for this source.,"Focus on the evidence or professional practice that directly supports “Reference, grounding, loading, and bandwidth can change the result.”","After using this resource, be able to explain or apply: Treat probe ground as an electrical connection; verify attenuation/compensation and preserve settings.",Existing verified written source retained as part of the Part 2 companion-reading pathway.,YES,learn.html?week=3&stage=career-lesson&lesson=1&section=career-w03-reference-grounding-loading-and-bandwidth-can-change-the-result&from=media&mediaWeek=3&media=tekScopeSetup,YES,NO,PASS
keysightElectronicLoadBasics,NO — existing written source reused,Electronic Load Fundamentals,Keysight Technologies,Keysight Technologies,Pre-existing canonical URL preserved in AU-ESET 301 source registry,Existing Professional / Reference Reading,Pre-existing verified access state preserved,3,3,CETa,concept-2,A bench supply has two interacting limits,Taught in,required,YES,Uses the existing canonical Teaching Media read/use guidance for this source.,Focus on the evidence or professional practice that directly supports “A bench supply has two interacting limits.”,"After using this resource, be able to explain or apply: Check voltage/current/power limits and thermal capacity before connecting; distinguish a passive dummy load from an actively controlled electronic load.",Existing verified written source retained as part of the Part 2 companion-reading pathway.,YES,learn.html?week=3&stage=ceta-lesson&lesson=0&section=concept-2&from=media&mediaWeek=3&media=keysightElectronicLoadBasics,YES,NO,PASS
mitLabs,NO — existing written source reused,6.002 Laboratory Materials,MIT OpenCourseWare,MIT OpenCourseWare,Pre-existing canonical URL preserved in AU-ESET 301 source registry,Existing Professional / Reference Reading,Pre-existing verified access state preserved,5,5,Career,career-w05-verification-is-more-than-seeing-the-output-once,Verification is more than seeing the output once,Used in,supporting,YES,Uses the existing canonical Teaching Media read/use guidance for this source.,Focus on the evidence or professional practice that directly supports “Verification is more than seeing the output once.”,"After using this reference, be able to locate, explain, or apply: Identify what makes a result reproducible and defensible.",Existing verified written source retained as part of the Part 2 companion-reading pathway.,YES,learn.html?week=5&stage=career-lesson&lesson=1&section=career-w05-verification-is-more-than-seeing-the-output-once&from=media&mediaWeek=5&media=mitLabs,YES,NO,PASS
aacResonantFilters,NO — existing written source reused,Resonant Filters,All About Circuits,All About Circuits,Pre-existing canonical URL preserved in AU-ESET 301 source registry,Existing Professional / Reference Reading,Pre-existing verified access state preserved,6,6,CETa,concept-3,Resonance and transformation are controlled relationships,Taught in,required,YES,Uses the existing canonical Teaching Media read/use guidance for this source.,Focus on the evidence or professional practice that directly supports “Resonance and transformation are controlled relationships.”,"After using this resource, be able to explain or apply: Distinguish series-resonant minimum impedance from parallel-resonant maximum impedance and relate both to the frequency response.",Existing verified written source retained as part of the Part 2 companion-reading pathway.,YES,learn.html?week=6&stage=ceta-lesson&lesson=0&section=concept-3&from=media&mediaWeek=6&media=aacResonantFilters,YES,NO,PASS
tiSwitchingRegulatorFundamentals,NO — existing written source reused,Switching Regulator Fundamentals,Texas Instruments,Texas Instruments,Pre-existing canonical URL preserved in AU-ESET 301 source registry,Existing Professional / Reference Reading,Pre-existing verified access state preserved,9,9,CETa,concept-7,Switch-mode power supply operation,Used in,required,YES,Uses the existing canonical Teaching Media read/use guidance for this source.,Focus on the evidence or professional practice that directly supports “Switch-mode power supply operation.”,"After using this reference, be able to locate, explain, or apply: Trace inductor/capacitor current paths during switch ON/OFF intervals.",Existing verified written source retained as part of the Part 2 companion-reading pathway.,YES,learn.html?week=9&stage=ceta-lesson&lesson=0&section=concept-7&from=media&mediaWeek=9&media=tiSwitchingRegulatorFundamentals,YES,NO,PASS
flukeMultimeterGuide,NO — existing written source reused,How to Use a Multimeter — Comprehensive Guide,Fluke,Fluke,Pre-existing canonical URL preserved in AU-ESET 301 source registry,Existing Professional / Reference Reading,Pre-existing verified access state preserved,9,9,Career,career-w09-use-rail-behavior-to-distinguish-source-regulator-and-load-faults,"Use rail behavior to distinguish source, regulator, and load faults",Taught in,required,YES,Uses the existing canonical Teaching Media read/use guidance for this source.,"Focus on the evidence or professional practice that directly supports “Use rail behavior to distinguish source, regulator, and load faults.”","After using this reference, be able to locate, explain, or apply: Never measure resistance on an energized circuit and preserve expected/measured/decision evidence.",Existing verified written source retained as part of the Part 2 companion-reading pathway.,YES,learn.html?week=9&stage=career-lesson&lesson=1&section=career-w09-use-rail-behavior-to-distinguish-source-regulator-and-load-faults&from=media&mediaWeek=9&media=flukeMultimeterGuide,YES,NO,PASS
aacLogicLevels,NO — existing written source reused,Logic Signal Voltage Levels,All About Circuits,All About Circuits,Pre-existing canonical URL preserved in AU-ESET 301 source registry,Existing Professional / Reference Reading,Pre-existing verified access state preserved,11,11,Career,career-w11-a-logical-1-is-a-voltage-range-not-the-word-high,"A logical 1 is a voltage range, not the word “high”",Taught in,required,YES,Uses the existing canonical Teaching Media read/use guidance for this source.,"Focus on the evidence or professional practice that directly supports “A logical 1 is a voltage range, not the word “high”.”","After using this resource, be able to explain or apply: Use datasheet VIH/VIL/VOH/VOL rather than assuming ‘0 V/5 V’.",Existing verified written source retained as part of the Part 2 companion-reading pathway.,YES,learn.html?week=11&stage=career-lesson&lesson=1&section=career-w11-a-logical-1-is-a-voltage-range-not-the-word-high&from=media&mediaWeek=11&media=aacLogicLevels,YES,NO,PASS
saleaeDigitalSignals,NO — existing written source reused,STM32 Nucleo Board — Digital Signals,Saleae,Saleae,Pre-existing canonical URL preserved in AU-ESET 301 source registry,Existing Professional / Reference Reading,Pre-existing verified access state preserved,11,11,Career,career-w11-debounce-is-a-time-domain-problem,Debounce is a time-domain problem,Taught in,required,YES,Uses the existing canonical Teaching Media read/use guidance for this source.,Focus on the evidence or professional practice that directly supports “Debounce is a time-domain problem.”,"After using this resource, be able to explain or apply: Correlate raw edges with decoded/logical events; do not rely only on a screenshot.",Existing verified written source retained as part of the Part 2 companion-reading pathway.,YES,learn.html?week=11&stage=career-lesson&lesson=1&section=career-w11-debounce-is-a-time-domain-problem&from=media&mediaWeek=11&media=saleaeDigitalSignals,YES,NO,PASS
nasaESD,NO — existing written source reused,NASA-HDBK-8739.21 — ESD Control,NASA,NASA,Pre-existing canonical URL preserved in AU-ESET 301 source registry,Existing Professional / Reference Reading,Pre-existing verified access state preserved,12,12,CETa,concept-10,ESD control is specific to the work state,Taught in,required,YES,Uses the existing canonical Teaching Media read/use guidance for this source.,Focus on the evidence or professional practice that directly supports “ESD control is specific to the work state.”,"After using this reference, be able to locate, explain, or apply: Keep ESD device protection distinct from shock/energy safety.",Existing verified written source retained as part of the Part 2 companion-reading pathway.,YES,learn.html?week=12&stage=ceta-lesson&lesson=0&section=concept-10&from=media&mediaWeek=12&media=nasaESD,YES,NO,PASS
adafruitSolderProblems,NO — existing written source reused,Adafruit Guide to Excellent Soldering — Common Soldering Problems,Adafruit Learning System,Adafruit Learning System,Pre-existing canonical URL preserved in AU-ESET 301 source registry,Existing Professional / Reference Reading,Pre-existing verified access state preserved,12,12,CETa,concept-5,"Heat shunts, cold joints, and good mechanical/electrical connections",Taught in,required,YES,Uses the existing canonical Teaching Media read/use guidance for this source.,"Focus on the evidence or professional practice that directly supports “Heat shunts, cold joints, and good mechanical/electrical connections.”","After using this resource, be able to explain or apply: Identify cold/disturbed/overheated joints, poor wetting, bridges, excess/insufficient solder and lifted pads.",Existing verified written source retained as part of the Part 2 companion-reading pathway.,YES,learn.html?week=12&stage=ceta-lesson&lesson=0&section=concept-5&from=media&mediaWeek=12&media=adafruitSolderProblems,YES,NO,PASS
nasaHarness,NO — existing written source reused,"NASA-STD-8739.4 — Crimping, Cables, Harnesses, and Wiring",NASA,NASA,Pre-existing canonical URL preserved in AU-ESET 301 source registry,Existing Professional / Reference Reading,Pre-existing verified access state preserved,12,12,Career,career-w12-career-integration-solder-rework-workmanship-and-harness-evidence,Career integration: solder/rework workmanship and harness evidence,Used in,supporting,YES,Uses the existing canonical Teaching Media read/use guidance for this source.,Focus on the evidence or professional practice that directly supports “Career integration: solder/rework workmanship and harness evidence.”,"After using this reference, be able to locate, explain, or apply: State objective accept/rework/escalate evidence.",Existing verified written source retained as part of the Part 2 companion-reading pathway.,YES,learn.html?week=12&stage=career-lesson&lesson=1&section=career-w12-career-integration-solder-rework-workmanship-and-harness-evidence&from=media&mediaWeek=12&media=nasaHarness,YES,NO,PASS
githubSkills,NO — existing written source reused,Introduction to Git,GitHub Skills,GitHub Skills,Pre-existing canonical URL preserved in AU-ESET 301 source registry,Existing Professional / Reference Reading,Pre-existing verified access state preserved,12,12,Career,career-w12-command-line-navigation-is-a-small-reproducibility-tool-not-assumed-know,"Command-line navigation is a small reproducibility tool, not assumed knowledge",Lab preparation for,required,YES,Uses the existing canonical Teaching Media read/use guidance for this source.,"Focus on the evidence or professional practice that directly supports “Command-line navigation is a small reproducibility tool, not assumed knowledge.”","After using this resource, be able to explain or apply: Do not infer command-line git status/diff/log or configuration-management depth from this introduction; those are taught explicitly in Weeks 22–23.",Existing verified written source retained as part of the Part 2 companion-reading pathway.,YES,learn.html?week=12&stage=career-lesson&lesson=1&section=career-w12-command-line-navigation-is-a-small-reproducibility-tool-not-assumed-know&from=media&mediaWeek=12&media=githubSkills,YES,NO,PASS
nasaCrewElectronicsRepair,NO — existing written source reused,NASA/TM-2011-216933 — Electronics Repair Training for Spaceflight Crews,NASA,NASA,Pre-existing canonical URL preserved in AU-ESET 301 source registry,Existing Professional / Reference Reading,Pre-existing verified access state preserved,12,12,CETa,concept-4,"Solder safety, fumes, splatter, flux, and alloy choice",Taught in,required,YES,Uses the existing canonical Teaching Media read/use guidance for this source.,"Focus on the evidence or professional practice that directly supports “Solder safety, fumes, splatter, flux, and alloy choice.”","After using this resource, be able to explain or apply: Treat solder alloy/flux/process as controlled variables; identify contamination, overheating and poor wetting risks before rework.",Existing verified written source retained as part of the Part 2 companion-reading pathway.,YES,learn.html?week=12&stage=ceta-lesson&lesson=0&section=concept-4&from=media&mediaWeek=12&media=nasaCrewElectronicsRepair,YES,NO,PASS
saleaeDigitalSignals,NO — existing written source reused,STM32 Nucleo Board — Digital Signals,Saleae,Saleae,Pre-existing canonical URL preserved in AU-ESET 301 source registry,Existing Professional / Reference Reading,Pre-existing verified access state preserved,15,15,Career,career-w15-career-integration-embedded-c-mcu-architecture-and-nonblocking-design,"Career integration: embedded C, MCU architecture, and nonblocking design",Taught in,required,YES,Uses the existing canonical Teaching Media read/use guidance for this source.,"Focus on the evidence or professional practice that directly supports “Career integration: embedded C, MCU architecture, and nonblocking design.”","After using this resource, be able to explain or apply: Preserve sample rate, channel/threshold and measured interval so timing claims are reproducible.",Existing verified written source retained as part of the Part 2 companion-reading pathway.,YES,learn.html?week=15&stage=career-lesson&lesson=1&section=career-w15-career-integration-embedded-c-mcu-architecture-and-nonblocking-design&from=media&mediaWeek=15&media=saleaeDigitalSignals,YES,NO,PASS
pyserial,NO — existing written source reused,pySerial Documentation,pySerial project,pySerial project,Pre-existing canonical URL preserved in AU-ESET 301 source registry,Existing Professional / Reference Reading,Pre-existing verified access state preserved,17,17,Career,career-w17-use-pyserial-as-a-visible-port-bytes-message-pipeline,Use pySerial as a visible port → bytes → message pipeline,Used in,required,YES,Uses the existing canonical Teaching Media read/use guidance for this source.,Focus on the evidence or professional practice that directly supports “Use pySerial as a visible port → bytes → message pipeline.”,"After using this reference, be able to locate, explain, or apply: Expect partial reads and define what timeout means for the test.",Existing verified written source retained as part of the Part 2 companion-reading pathway.,YES,learn.html?week=17&stage=career-lesson&lesson=1&section=career-w17-use-pyserial-as-a-visible-port-bytes-message-pipeline&from=media&mediaWeek=17&media=pyserial,YES,NO,PASS
saleaeI2cGuide,NO — existing written source reused,I2C Analyzer — User Guide,Saleae,Saleae,Pre-existing canonical URL preserved in AU-ESET 301 source registry,Existing Professional / Reference Reading,Pre-existing verified access state preserved,18,18,Career,career-w18-learn-the-logic-analyzer-on-that-known-good-i2c-transaction,Learn the logic analyzer on that known-good I²C transaction,Used in,required,YES,Uses the existing canonical Teaching Media read/use guidance for this source.,Focus on the evidence or professional practice that directly supports “Learn the logic analyzer on that known-good I²C transaction.”,"After using this reference, be able to locate, explain, or apply: Inspect raw waveform whenever decode conflicts with the datasheet transaction.",Existing verified written source retained as part of the Part 2 companion-reading pathway.,YES,learn.html?week=18&stage=career-lesson&lesson=1&section=career-w18-learn-the-logic-analyzer-on-that-known-good-i2c-transaction&from=media&mediaWeek=18&media=saleaeI2cGuide,YES,NO,PASS
saleaeSpiGuide,NO — existing written source reused,SPI Analyzer — User Guide,Saleae,Saleae,Pre-existing canonical URL preserved in AU-ESET 301 source registry,Existing Professional / Reference Reading,Pre-existing verified access state preserved,18,18,Career,career-w18-run-one-small-spi-comparison-transaction,Run one small SPI comparison transaction,Used in,required,YES,Uses the existing canonical Teaching Media read/use guidance for this source.,Focus on the evidence or professional practice that directly supports “Run one small SPI comparison transaction.”,"After using this reference, be able to locate, explain, or apply: If bytes are wrong, verify alignment and CPOL/CPHA against raw edges.",Existing verified written source retained as part of the Part 2 companion-reading pathway.,YES,learn.html?week=18&stage=career-lesson&lesson=1&section=career-w18-run-one-small-spi-comparison-transaction&from=media&mediaWeek=18&media=saleaeSpiGuide,YES,NO,PASS
aacTransmissionLine,NO — existing written source reused,What Is a Transmission Line?,All About Circuits,All About Circuits,Pre-existing canonical URL preserved in AU-ESET 301 source registry,Existing Professional / Reference Reading,Pre-existing verified access state preserved,20,20,CETa,concept-5,"Antennas, feedlines, impedance matching, SWR/VSWR, and feedline types",Taught in,required,YES,Uses the existing canonical Teaching Media read/use guidance for this source.,"Focus on the evidence or professional practice that directly supports “Antennas, feedlines, impedance matching, SWR/VSWR, and feedline types.”","After using this resource, be able to explain or apply: Explain why an RF interconnect can change the signal even when DC continuity is perfect.",Existing verified written source retained as part of the Part 2 companion-reading pathway.,YES,learn.html?week=20&stage=ceta-lesson&lesson=0&section=concept-5&from=media&mediaWeek=20&media=aacTransmissionLine,YES,NO,PASS
nasaRequirementAppendix,NO — existing written source reused,NASA Systems Engineering Handbook Appendix — How to Write a Good Requirement,NASA,NASA,Pre-existing canonical URL preserved in AU-ESET 301 source registry,Existing Professional / Reference Reading,Pre-existing verified access state preserved,22,22,Career,career-w22-a-requirement-describes-observable-behavior-and-conditions,A requirement describes observable behavior and conditions,Used in,required,YES,Uses the existing canonical Teaching Media read/use guidance for this source.,Focus on the evidence or professional practice that directly supports “A requirement describes observable behavior and conditions.”,"After using this reference, be able to locate, explain, or apply: Use ‘shall’ for requirements, active voice, necessary tolerances and testable/implementation-independent wording.",Existing verified written source retained as part of the Part 2 companion-reading pathway.,YES,learn.html?week=22&stage=career-lesson&lesson=1&section=career-w22-a-requirement-describes-observable-behavior-and-conditions&from=media&mediaWeek=22&media=nasaRequirementAppendix,YES,NO,PASS
nasaSystems,NO — existing written source reused,NASA Systems Engineering Handbook,NASA,NASA,Pre-existing canonical URL preserved in AU-ESET 301 source registry,Existing Professional / Reference Reading,Pre-existing verified access state preserved,22,22,Career,career-w22-traceability-controls-scope,Traceability controls scope,Used in,required,YES,Uses the existing canonical Teaching Media read/use guidance for this source.,Focus on the evidence or professional practice that directly supports “Traceability controls scope.”,"After using this reference, be able to locate, explain, or apply: Every verification record should point back to a requirement and vice versa.",Existing verified written source retained as part of the Part 2 companion-reading pathway.,YES,learn.html?week=22&stage=career-lesson&lesson=1&section=career-w22-traceability-controls-scope&from=media&mediaWeek=22&media=nasaSystems,YES,NO,PASS
githubSkills,NO — existing written source reused,Introduction to Git,GitHub Skills,GitHub Skills,Pre-existing canonical URL preserved in AU-ESET 301 source registry,Existing Professional / Reference Reading,Pre-existing verified access state preserved,23,23,Career,career-w23-a-repository-is-the-projects-reconstructable-memory,A repository is the project’s reconstructable memory,Lab preparation for,required,YES,Uses the existing canonical Teaching Media read/use guidance for this source.,Focus on the evidence or professional practice that directly supports “A repository is the project’s reconstructable memory.”,"After using this resource, be able to explain or apply: Do not infer command-line status/diff/log, rollback or complete configuration management from this introduction; those skills are taught by the resources below.",Existing verified written source retained as part of the Part 2 companion-reading pathway.,YES,learn.html?week=23&stage=career-lesson&lesson=1&section=career-w23-a-repository-is-the-projects-reconstructable-memory&from=media&mediaWeek=23&media=githubSkills,YES,NO,PASS
nasaSystems,NO — existing written source reused,NASA Systems Engineering Handbook,NASA,NASA,Pre-existing canonical URL preserved in AU-ESET 301 source registry,Existing Professional / Reference Reading,Pre-existing verified access state preserved,23,23,Career,career-w23-a-controlled-baseline-isolates-future-change,A controlled baseline isolates future change,Used in,required,YES,Uses the existing canonical Teaching Media read/use guidance for this source.,Focus on the evidence or professional practice that directly supports “A controlled baseline isolates future change.”,"After using this reference, be able to locate, explain, or apply: Record versions, BOM identifiers, interfaces and the planned evidence for first power.",Existing verified written source retained as part of the Part 2 companion-reading pathway.,YES,learn.html?week=23&stage=career-lesson&lesson=1&section=career-w23-a-controlled-baseline-isolates-future-change&from=media&mediaWeek=23&media=nasaSystems,YES,NO,PASS
nasaConfigManagement,NO — existing written source reused,NASA Systems Engineering Handbook — 6.5 Configuration Management,NASA,NASA,Pre-existing canonical URL preserved in AU-ESET 301 source registry,Existing Professional / Reference Reading,Pre-existing verified access state preserved,23,23,Career,career-w23-a-repository-is-the-projects-reconstructable-memory,A repository is the project’s reconstructable memory,Used in,required,YES,Uses the existing canonical Teaching Media read/use guidance for this source.,Focus on the evidence or professional practice that directly supports “A repository is the project’s reconstructable memory.”,"After using this reference, be able to locate, explain, or apply: Know exactly which hardware, firmware, documentation and test configuration constitutes the current baseline before modifying it.",Existing verified written source retained as part of the Part 2 companion-reading pathway.,YES,learn.html?week=23&stage=career-lesson&lesson=1&section=career-w23-a-repository-is-the-projects-reconstructable-memory&from=media&mediaWeek=23&media=nasaConfigManagement,YES,NO,PASS
flukeMultimeterGuide,NO — existing written source reused,How to Use a Multimeter — Comprehensive Guide,Fluke,Fluke,Pre-existing canonical URL preserved in AU-ESET 301 source registry,Existing Professional / Reference Reading,Pre-existing verified access state preserved,24,24,Career,career-w24-unpowered-checks-find-cheap-faults,Unpowered checks find cheap faults,Taught in,required,YES,Uses the existing canonical Teaching Media read/use guidance for this source.,Focus on the evidence or professional practice that directly supports “Unpowered checks find cheap faults.”,"After using this reference, be able to locate, explain, or apply: Record expected rail, measured rail, units and decision; never measure resistance on an energized circuit.",Existing verified written source retained as part of the Part 2 companion-reading pathway.,YES,learn.html?week=24&stage=career-lesson&lesson=1&section=career-w24-unpowered-checks-find-cheap-faults&from=media&mediaWeek=24&media=flukeMultimeterGuide,YES,NO,PASS
nasaSensorRangeCheck,NO — existing written source reused,R049 — Missing Software Sensor Range Checking Capabilities,NASA Software Engineering Handbook,NASA Software Engineering Handbook,Pre-existing canonical URL preserved in AU-ESET 301 source registry,Existing Professional / Reference Reading,Pre-existing verified access state preserved,25,25,Career,career-w25-failure-behavior-is-part-of-the-feature,Failure behavior is part of the feature,Taught in,required,YES,Uses the existing canonical Teaching Media read/use guidance for this source.,Focus on the evidence or professional practice that directly supports “Failure behavior is part of the feature.”,"After using this resource, be able to explain or apply: Define the valid range from requirements/datasheet evidence, preserve the raw reading, mark invalid data explicitly and decide the safe application response rather than clamping or hiding the fault.",Existing verified written source retained as part of the Part 2 companion-reading pathway.,YES,learn.html?week=25&stage=career-lesson&lesson=1&section=career-w25-failure-behavior-is-part-of-the-feature&from=media&mediaWeek=25&media=nasaSensorRangeCheck,YES,NO,PASS
stWatchdogGuide,NO — existing written source reused,Getting Started with STM32 Watchdogs,STMicroelectronics,STMicroelectronics,Pre-existing canonical URL preserved in AU-ESET 301 source registry,Existing Professional / Reference Reading,Pre-existing verified access state preserved,26,26,Career,career-w26-timeouts-and-error-states-make-absence-observable,Timeouts and error states make absence observable,Taught in,required,YES,Uses the existing canonical Teaching Media read/use guidance for this source.,Focus on the evidence or professional practice that directly supports “Timeouts and error states make absence observable.”,"After using this resource, be able to explain or apply: Design watchdog service around verified progress, not unconditional kicking.",Existing verified written source retained as part of the Part 2 companion-reading pathway.,YES,learn.html?week=26&stage=career-lesson&lesson=1&section=career-w26-timeouts-and-error-states-make-absence-observable&from=media&mediaWeek=26&media=stWatchdogGuide,YES,NO,PASS
pyserial,NO — existing written source reused,pySerial Documentation,pySerial project,pySerial project,Pre-existing canonical URL preserved in AU-ESET 301 source registry,Existing Professional / Reference Reading,Pre-existing verified access state preserved,27,27,Career,career-w27-automated-test-is-still-a-physical-measurement-system,Automated test is still a physical measurement system,Used in,required,YES,Uses the existing canonical Teaching Media read/use guidance for this source.,Focus on the evidence or professional practice that directly supports “Automated test is still a physical measurement system.”,"After using this reference, be able to locate, explain, or apply: Expect partial reads; define timeout semantics; always close/clean up the port.",Existing verified written source retained as part of the Part 2 companion-reading pathway.,YES,learn.html?week=27&stage=career-lesson&lesson=1&section=career-w27-automated-test-is-still-a-physical-measurement-system&from=media&mediaWeek=27&media=pyserial,YES,NO,PASS
keysightPythonAutomation,NO — existing written source reused,Instrument Control and Automation with Python,Keysight Technologies,Keysight Technologies,Pre-existing canonical URL preserved in AU-ESET 301 source registry,Existing Professional / Reference Reading,Pre-existing verified access state preserved,27,27,Career,career-w27-career-integration-python-hardware-test-automation-and-data-integrity,Career integration: Python hardware-test automation and data integrity,Taught in,required,YES,Uses the existing canonical Teaching Media read/use guidance for this source.,Focus on the evidence or professional practice that directly supports “Career integration: Python hardware-test automation and data integrity.”,"After using this resource, be able to explain or apply: Keep instrument drivers responsible for reliable I/O and test logic responsible for requirement conditions/verdicts; preserve raw returned data before derived reporting.",Existing verified written source retained as part of the Part 2 companion-reading pathway.,YES,learn.html?week=27&stage=career-lesson&lesson=1&section=career-w27-career-integration-python-hardware-test-automation-and-data-integrity&from=media&mediaWeek=27&media=keysightPythonAutomation,YES,NO,PASS
niFaultInjection,NO — existing written source reused,Using Fault Insertion Units for Electronic Testing,National Instruments,National Instruments,Pre-existing canonical URL preserved in AU-ESET 301 source registry,Existing Professional / Reference Reading,Pre-existing verified access state preserved,28,28,Career,career-w28-fault-injection-validates-the-detector-and-diagnostic-path,Fault injection validates the detector and diagnostic path,Taught in,required,YES,Uses the existing canonical Teaching Media read/use guidance for this source.,Focus on the evidence or professional practice that directly supports “Fault injection validates the detector and diagnostic path.”,"After using this resource, be able to explain or apply: Distinguish open circuit, pin-to-pin short, short-to-ground and short-to-power concepts; the course must emulate only electrically safe faults appropriate to the low-voltage project rather than copying high-energy HIL hardware literally.",Existing verified written source retained as part of the Part 2 companion-reading pathway.,YES,learn.html?week=28&stage=career-lesson&lesson=1&section=career-w28-fault-injection-validates-the-detector-and-diagnostic-path&from=media&mediaWeek=28&media=niFaultInjection,YES,NO,PASS
nasaTechnicalPlanning,NO — existing written source reused,NASA Systems Engineering Handbook — 6.1 Technical Planning,NASA,NASA,Pre-existing canonical URL preserved in AU-ESET 301 source registry,Existing Professional / Reference Reading,Pre-existing verified access state preserved,28,28,CETa,concept-6,Field versus shop procedure and project management,Taught in,required,YES,Uses the existing canonical Teaching Media read/use guidance for this source.,Focus on the evidence or professional practice that directly supports “Field versus shop procedure and project management.”,"After using this resource, be able to explain or apply: Scale the method to technician/electronics work. For field service, include authorization/access, safety, tools/spares, outage window, backup/rollback and communication; compare that with the more controlled shop/bench environment.",Existing verified written source retained as part of the Part 2 companion-reading pathway.,YES,learn.html?week=28&stage=ceta-lesson&lesson=0&section=concept-6&from=media&mediaWeek=28&media=nasaTechnicalPlanning,YES,NO,PASS
adafruitSolderProblems,NO — existing written source reused,Adafruit Guide to Excellent Soldering — Common Soldering Problems,Adafruit Learning System,Adafruit Learning System,Pre-existing canonical URL preserved in AU-ESET 301 source registry,Existing Professional / Reference Reading,Pre-existing verified access state preserved,29,29,CETa,concept-1,"Workmanship criteria are observable, not aesthetic preference",Taught in,required,YES,Uses the existing canonical Teaching Media read/use guidance for this source.,"Focus on the evidence or professional practice that directly supports “Workmanship criteria are observable, not aesthetic preference.”","After using this resource, be able to explain or apply: Identify cold/disturbed/overheated joints, wetting problems, bridges, excess/insufficient solder and lifted pads.",Existing verified written source retained as part of the Part 2 companion-reading pathway.,YES,learn.html?week=29&stage=ceta-lesson&lesson=0&section=concept-1&from=media&mediaWeek=29&media=adafruitSolderProblems,YES,NO,PASS
nasaHarness,NO — existing written source reused,"NASA-STD-8739.4 — Crimping, Cables, Harnesses, and Wiring",NASA,NASA,Pre-existing canonical URL preserved in AU-ESET 301 source registry,Existing Professional / Reference Reading,Pre-existing verified access state preserved,29,29,CETa,concept-7,Workmanship is verified by condition plus electrical evidence,Used in,supporting,YES,Uses the existing canonical Teaching Media read/use guidance for this source.,Focus on the evidence or professional practice that directly supports “Workmanship is verified by condition plus electrical evidence.”,"After using this reference, be able to locate, explain, or apply: Name the exact accept/rework/escalate condition and preserve inspection evidence.",Existing verified written source retained as part of the Part 2 companion-reading pathway.,YES,learn.html?week=29&stage=ceta-lesson&lesson=0&section=concept-7&from=media&mediaWeek=29&media=nasaHarness,YES,NO,PASS
tekScopeSetup,NO — existing written source reused,How to Use an Oscilloscope and Probe — Step-by-Step Tutorial,Tektronix,Tektronix,Pre-existing canonical URL preserved in AU-ESET 301 source registry,Existing Professional / Reference Reading,Pre-existing verified access state preserved,29,29,CETa,concept-5,Measurement setup is part of workmanship verification,Taught in,required,YES,Uses the existing canonical Teaching Media read/use guidance for this source.,Focus on the evidence or professional practice that directly supports “Measurement setup is part of workmanship verification.”,"After using this resource, be able to explain or apply: Preserve settings that make the waveform reproducible.",Existing verified written source retained as part of the Part 2 companion-reading pathway.,YES,learn.html?week=29&stage=ceta-lesson&lesson=0&section=concept-5&from=media&mediaWeek=29&media=tekScopeSetup,YES,NO,PASS
gatechResumeGuide,NO — existing written source reused,Georgia Tech Career Center Resume Guide,Georgia Institute of Technology Career Center,Georgia Institute of Technology Career Center,Pre-existing canonical URL preserved in AU-ESET 301 source registry,Existing Professional / Reference Reading,Pre-existing verified access state preserved,30,30,Career,career-w30-career-integration-portfolio-proof-interviews-resumes-and-bridge-role-de,"Career integration: portfolio proof, interviews, resumes, and bridge-role decisions",Taught in,required,YES,Uses the existing canonical Teaching Media read/use guidance for this source.,"Focus on the evidence or professional practice that directly supports “Career integration: portfolio proof, interviews, resumes, and bridge-role decisions.”","After using this reference, be able to locate, explain, or apply: Tailor each project/bullet to the target duties; do not list every project or inflate scope.",Existing verified written source retained as part of the Part 2 companion-reading pathway.,YES,learn.html?week=30&stage=career-lesson&lesson=1&section=career-w30-career-integration-portfolio-proof-interviews-resumes-and-bridge-role-de&from=media&mediaWeek=30&media=gatechResumeGuide,YES,NO,PASS
onetTech,NO — existing written source reused,Electrical and Electronic Engineering Technologists and Technicians,O*NET OnLine / U.S. Department of Labor,O*NET OnLine / U.S. Department of Labor,Pre-existing canonical URL preserved in AU-ESET 301 source registry,Existing Professional / Reference Reading,Pre-existing verified access state preserved,30,30,Career,career-w30-target-roles-by-transferable-task-not-title-alone,"Target roles by transferable task, not title alone",Taught in,required,YES,Uses the existing canonical Teaching Media read/use guidance for this source.,"Focus on the evidence or professional practice that directly supports “Target roles by transferable task, not title alone.”","After using this resource, be able to explain or apply: Map only work actually demonstrated.",Existing verified written source retained as part of the Part 2 companion-reading pathway.,YES,learn.html?week=30&stage=career-lesson&lesson=1&section=career-w30-target-roles-by-transferable-task-not-title-alone&from=media&mediaWeek=30&media=onetTech,YES,NO,PASS
mitTechnicalPresentation,NO — existing written source reused,Technical Presentation,MIT Mechanical Engineering Communication Lab,MIT Mechanical Engineering Communication Lab,Pre-existing canonical URL preserved in AU-ESET 301 source registry,Existing Professional / Reference Reading,Pre-existing verified access state preserved,30,30,Career,career-w30-defend-the-project-at-30-seconds-2-minutes-and-depth,"Defend the project at 30 seconds, 2 minutes, and depth",Taught in,required,YES,Uses the existing canonical Teaching Media read/use guidance for this source.,"Focus on the evidence or professional practice that directly supports “Defend the project at 30 seconds, 2 minutes, and depth.”","After using this resource, be able to explain or apply: Introduce the expected pattern/measurement logic before showing data, then explain how the observed evidence supports or contradicts the hypothesis instead of narrating screenshots chronologically.",Existing verified written source retained as part of the Part 2 companion-reading pathway.,YES,learn.html?week=30&stage=career-lesson&lesson=1&section=career-w30-defend-the-project-at-30-seconds-2-minutes-and-depth&from=media&mediaWeek=30&media=mitTechnicalPresentation,YES,NO,PASS
umichJobSearch,NO — existing written source reused,Search for Jobs or Internships — Strategy and Tracking,University of Michigan Career Center,University of Michigan Career Center,Pre-existing canonical URL preserved in AU-ESET 301 source registry,Existing Professional / Reference Reading,Pre-existing verified access state preserved,31,31,Career,career-w31-use-a-role-filter-before-spending-application-energy,Use a role filter before spending application energy,Taught in,required,YES,Uses the existing canonical Teaching Media read/use guidance for this source.,Focus on the evidence or professional practice that directly supports “Use a role filter before spending application energy.”,"After using this resource, be able to explain or apply: Use the tracker as a feedback instrument: role → application version → response → interview stage → lesson/next change.",Existing verified written source retained as part of the Part 2 companion-reading pathway.,YES,learn.html?week=31&stage=career-lesson&lesson=1&section=career-w31-use-a-role-filter-before-spending-application-energy&from=media&mediaWeek=31&media=umichJobSearch,YES,NO,PASS
litAacDcTextbook,YES,DC Circuits — Free Electronics Textbook,Tony R. Kuphaldt; updated by All About Circuits,All About Circuits,https://www.allaboutcircuits.com/textbook/product/dc-circuits/,Companion Reading,Free online,1,1,CETa,concept-5,Resistance: why the same voltage does not produce the same current everywhere,Taught in,supporting,YES,"Read the entries “Voltage and Current,” “Resistance,” and “Ohm’s Law — How Voltage, Current, and Resistance Relate.”","Follow the physical relationship among voltage, current, and resistance before looking at algebraic rearrangements.","Explain in your own words why increasing resistance reduces current when voltage is fixed, then verify the statement with V = IR.",A second beginner-first written explanation reinforces Alfred’s physical model without replacing it.,NO — conceptual/professional depth,learn.html?week=1&stage=ceta-lesson&lesson=0&section=concept-5&from=media&mediaWeek=1&media=litAacDcTextbook,YES,NO,PASS
litOpenstaxResistance,YES,Resistivity and Resistance — University Physics Volume 2,OpenStax,OpenStax,https://openstax.org/books/university-physics-volume-2/pages/9-3-resistivity-and-resistance,Companion Reading,Free / OER,1,1,CETa,concept-5,Resistance: why the same voltage does not produce the same current everywhere,Used in,optional,YES,"Read §9.3, especially the distinction among resistance, resistivity, geometry, and material.",Notice that resistance is a property of a particular component geometry while resistivity describes the material.,Give one example of changing resistance by changing material and one by changing geometry.,This university-physics treatment adds a material/geometry perspective beyond the circuit-level model.,NO — conceptual/professional depth,learn.html?week=1&stage=ceta-lesson&lesson=0&section=concept-5&from=media&mediaWeek=1&media=litOpenstaxResistance,YES,NO,PASS
litOpenstaxSeriesParallel,YES,Resistors in Series and Parallel — University Physics Volume 2,OpenStax,OpenStax,https://openstax.org/books/university-physics-volume-2/pages/10-2-resistors-in-series-and-parallel,Companion Reading,Free / OER,2,2,CETa,concept-1,Topology determines what is shared,Used in,supporting,YES,Read §10.2 through the worked series and parallel examples.,Track which quantity is shared in series versus parallel and how equivalent resistance follows from topology.,"Take one Alfred Week 2 network and state, before calculating, which branches share voltage and which elements share current.",OpenStax gives a clean university-level second explanation of series/parallel topology.,NO — conceptual/professional depth,learn.html?week=2&stage=ceta-lesson&lesson=0&section=concept-1&from=media&mediaWeek=2&media=litOpenstaxSeriesParallel,YES,NO,PASS
litMit6002Notes,YES,6.002 Circuits and Electronics — Lecture Notes,Anant Agarwal and Jeffrey H. Lang / MIT EECS,MIT OpenCourseWare,https://ocw.mit.edu/courses/6-002-circuits-and-electronics-spring-2007/pages/lecture-notes/,Professional Reading,Free online,2,2,CETa,concept-2,Kirchhoff turns conservation into two diagnostic rules,Used in,optional,YES,"Use Lecture 2, “Basic circuit analysis method”; skim Lecture 1 only if the lumped-circuit abstraction is unfamiliar.",Watch how KCL/KVL are used as conservation statements inside a systematic analysis method.,"Write the same KCL or KVL equation Alfred used, but label each term by the conservation law it represents.",MIT provides a rigorous engineering formulation for learners ready for a more formal explanation.,NO — conceptual/professional depth,learn.html?week=2&stage=ceta-lesson&lesson=0&section=concept-2&from=media&mediaWeek=2&media=litMit6002Notes,YES,NO,PASS
litTekXyzScopes,YES,XYZs of Oscilloscopes Primer,Tektronix,Tektronix,https://www.tek.com/en/documents/primer/xyzs-oscilloscopes-primer,Professional Reading,Free online,3,3,CETa,concept-3,An oscilloscope is a voltage-versus-time instrument,Used in,supporting,YES,"Read the primer sections on waveform types, oscilloscope systems/controls, and taking simple measurements.","Vertical scale, horizontal scale, trigger, coupling, and the idea that the scope displays voltage versus time.","Name the first three controls you would adjust when a repeating waveform is off-screen or unstable, and explain why.",A scope manufacturer explains the instrument from the operator’s perspective with diagrams and measurement vocabulary.,YES,learn.html?week=3&stage=ceta-lesson&lesson=0&section=concept-3&from=media&mediaWeek=3&media=litTekXyzScopes,YES,NO,PASS
litTekAbcProbes,YES,ABCs of Probes Primer,Tektronix,Tektronix,https://www.tek.com/en/documents/whitepaper/abcs-probes-primer,Professional Reading,Free online,3,3,Career,career-w03-reference-grounding-loading-and-bandwidth-can-change-the-result,"Reference, grounding, loading, and bandwidth can change the result",Used in,required,YES,"Read “Probing Safety,” then the sections on probe loading, bandwidth, compensation, and selecting a probe.",Identify how the probe itself can alter the circuit or create a misleading measurement.,List two ways a probe can change the result and one safety check that must happen before connecting it.,Probe technique is part of the measurement system; this manufacturer primer makes that professional constraint explicit.,YES,learn.html?week=3&stage=career-lesson&lesson=1&section=career-w03-reference-grounding-loading-and-bandwidth-can-change-the-result&from=media&mediaWeek=3&media=litTekAbcProbes,YES,NO,PASS
litAdiGroundingAgain,YES,Ask the Applications Engineer—12: Grounding (Again),Walt Kester,Analog Devices,https://www.analog.com/en/resources/analog-dialogue/articles/grounding-again.html,Professional Reading,Free online,3,3,Career,career-w03-reference-grounding-loading-and-bandwidth-can-change-the-result,"Reference, grounding, loading, and bandwidth can change the result",Used in,supporting,YES,Read the opening discussion of AGND/DGND labels and the practical grounding explanation; do not treat every layout recommendation as a universal rule.,Separate internal IC ground naming from the external current-return paths that actually create measurement errors.,Explain why “ground” is not automatically one perfect zero-volt point in a real circuit.,Walt Kester directly addresses a confusion many engineers encounter when moving from schematic symbols to real hardware.,YES,learn.html?week=3&stage=career-lesson&lesson=1&section=career-w03-reference-grounding-loading-and-bandwidth-can-change-the-result&from=media&mediaWeek=3&media=litAdiGroundingAgain,YES,NO,PASS
litOpenstaxRc,YES,RC Circuits — University Physics Volume 2,OpenStax,OpenStax,https://openstax.org/books/university-physics-volume-2/pages/10-5-rc-circuits,Companion Reading,Free / OER,4,4,CETa,concept-7,Capacitors oppose instantaneous voltage change,Used in,supporting,YES,Read §10.5 on charging/discharging and the RC time constant.,Track how capacitor voltage changes continuously and how τ = RC sets the timescale rather than an abrupt switching point.,"Predict whether increasing R or C makes a transient slower, then justify the prediction without calculating.",OpenStax provides a mathematically grounded second treatment of RC transient behavior.,NO — conceptual/professional depth,learn.html?week=4&stage=ceta-lesson&lesson=0&section=concept-7&from=media&mediaWeek=4&media=litOpenstaxRc,YES,NO,PASS
litOpenstaxAc,YES,AC Sources — University Physics Volume 2,OpenStax,OpenStax,https://openstax.org/books/university-physics-volume-2/pages/15-1-ac-sources,Companion Reading,Free / OER,4,4,CETa,concept-1,A waveform needs both vertical and horizontal descriptions,Used in,supporting,YES,Read §15.1 on AC sources and sinusoidal voltage.,"Amplitude, frequency, angular frequency, period, and the difference between an instantaneous value and a waveform description.",Take an Alfred waveform and identify which quantities describe vertical magnitude and which describe horizontal timing.,This university text reinforces waveform vocabulary from a physics perspective.,NO — conceptual/professional depth,learn.html?week=4&stage=ceta-lesson&lesson=0&section=concept-1&from=media&mediaWeek=4&media=litOpenstaxAc,YES,NO,PASS
litJplFailureAnalysis,YES,Failure Analysis — Appendix Four,JPL Electronic Parts Engineering,NASA Jet Propulsion Laboratory,https://parts.jpl.nasa.gov/asic/Appendix.4.html,Failure Analysis,Free online,5,5,Career,career-w05-root-cause-requires-verification-after-the-fix,Root cause requires verification after the fix,Used in,required,YES,Read the overview of failure analysis and the distinction between observed failure and underlying cause.,Notice why the visible failed part or symptom is not automatically the root cause.,"For a hypothetical burned resistor, write one symptom statement, two competing causes, and one test that could separate them.",JPL’s professional failure-analysis framing turns Alfred’s troubleshooting logic into a real engineering practice.,YES,learn.html?week=5&stage=career-lesson&lesson=1&section=career-w05-root-cause-requires-verification-after-the-fix&from=media&mediaWeek=5&media=litJplFailureAnalysis,YES,NO,PASS
litAacAcTextbook,YES,AC Circuits — Free Electronics Textbook,Tony R. Kuphaldt; updated by All About Circuits,All About Circuits,https://www.allaboutcircuits.com/textbook/product/ac-circuits/,Companion Reading,Free online,6,6,CETa,concept-1,Reactance is frequency-dependent opposition,Used in,supporting,YES,"Read “AC Inductor Circuits,” “AC Capacitor Circuits,” and “Review of R, X, and Z.”","Relate frequency to reactance and keep resistance, reactance, and impedance conceptually distinct.",Explain why a capacitor and inductor change opposition in opposite directions as frequency rises.,The free electronics textbook gives another electronics-centered explanation of reactance and impedance.,NO — conceptual/professional depth,learn.html?week=6&stage=ceta-lesson&lesson=0&section=concept-1&from=media&mediaWeek=6&media=litAacAcTextbook,YES,NO,PASS
litOpenstaxRlc,YES,RLC Series Circuits with AC — University Physics Volume 2,OpenStax,OpenStax,https://openstax.org/books/university-physics-volume-2/pages/15-3-rlc-series-circuits-with-ac,Companion Reading,Free / OER,6,6,CETa,concept-6,Resonance is cancellation of opposite reactances,Used in,optional,YES,"Read §15.3, concentrating on impedance and phase in a series RLC circuit.",Use the phasor interpretation to see how capacitive and inductive reactance oppose one another.,State what must be true about XL and XC at series resonance and what that means for total impedance.,OpenStax adds a more formal phasor treatment for learners who benefit from a second mathematical representation.,NO — conceptual/professional depth,learn.html?week=6&stage=ceta-lesson&lesson=0&section=concept-6&from=media&mediaWeek=6&media=litOpenstaxRlc,YES,NO,PASS
litAacCapacitorsTextbook,YES,Capacitors — Free Electronics Textbook Topics,Tony R. Kuphaldt; updated by All About Circuits,All About Circuits,https://www.allaboutcircuits.com/textbook/product/capacitors/,Companion Reading,Free online,7,7,CETa,concept-5,"Capacitors: type, variable capacitance, charge, and coulombs",Used in,supporting,YES,"Use “Factors Affecting Capacitance,” “Practical Considerations — Capacitors,” and the capacitor-type entries.","Connect dielectric, geometry, voltage rating, ESR/leakage, and capacitor type to selection rather than treating capacitance alone as sufficient.",Name three capacitor properties besides capacitance that could make a part unsuitable.,This collection turns the ideal capacitor into a real selectable component.,YES,learn.html?week=7&stage=ceta-lesson&lesson=0&section=concept-5&from=media&mediaWeek=7&media=litAacCapacitorsTextbook,YES,NO,PASS
litAacInductorsTextbook,YES,Inductors — Free Electronics Textbook Topics,Tony R. Kuphaldt; updated by All About Circuits,All About Circuits,https://www.allaboutcircuits.com/textbook/product/inductors/,Companion Reading,Free online,7,7,CETa,concept-6,"Inductors and transformers: construction, cores, turns, and laminations",Used in,supporting,YES,"Use “Factors Affecting Inductance,” “Practical Considerations — Inductors,” and “Inductor Transient Response.”","Core material, saturation/current limits, winding resistance, and stored magnetic energy.",Explain why two inductors with the same nominal inductance may behave differently in a power circuit.,The source adds practical component-selection constraints to Alfred’s ideal inductor model.,YES,learn.html?week=7&stage=ceta-lesson&lesson=0&section=concept-6&from=media&mediaWeek=7&media=litAacInductorsTextbook,YES,NO,PASS
litTiInductiveLoads,YES,Faster Switching of Large Inductive Loads in Digital Output Modules,Texas Instruments,Texas Instruments,https://www.ti.com/document-viewer/lit/html/SNVAA45,Applied Reading,Free online,7,7,Career,career-w07-a-relay-coil-is-an-inductive-load,A relay coil is an inductive load,Used in,required,YES,Read the Introduction and the three clamp configurations described for de-energizing inductive loads.,"Stored magnetic energy, negative voltage transient, freewheel/clamp choices, and the speed-versus-voltage-stress tradeoff.","Compare a flyback diode with a higher-voltage clamp: which protects gently, and which releases the load faster?",TI shows exactly how the “inductive load” model changes a real relay/solenoid driver design.,YES,learn.html?week=7&stage=career-lesson&lesson=1&section=career-w07-a-relay-coil-is-an-inductive-load&from=media&mediaWeek=7&media=litTiInductiveLoads,YES,NO,PASS
litTiMosfetSwitchLoss,YES,MOSFET Power Losses and How They Affect Power-Supply Efficiency,Texas Instruments,Texas Instruments,https://www.ti.com/lit/an/slyt666/slyt666.pdf,Professional Reading,Free PDF,8,8,Career,career-w08-gate-drive-and-switching-loss-are-real-design-constraints,Gate drive and switching loss are real design constraints,Used in,required,YES,"Read the article “MOSFET power losses and how they affect power-supply efficiency,” pp. 22–25 of the 1Q 2016 Analog Applications Journal. Focus on conduction loss, switching loss, gate charge, and the RDS(on)/Qg tradeoff; skim the detailed equations on first pass.",A MOSFET can be fully “on” logically yet still dissipate power because switching is not instantaneous and RDS(on) is not zero.,Identify one MOSFET parameter tied mainly to conduction loss and one tied to switching effort.,A manufacturer engineering article converts the ideal switch model into real selection and efficiency tradeoffs.,YES,learn.html?week=8&stage=career-lesson&lesson=1&section=career-w08-gate-drive-and-switching-loss-are-real-design-constraints&from=media&mediaWeek=8&media=litTiMosfetSwitchLoss,YES,NO,PASS
litAacPowerSuppliesTextbook,YES,Power Supplies — Free Electronics Textbook Topics,Tony R. Kuphaldt; updated by All About Circuits,All About Circuits,https://www.allaboutcircuits.com/textbook/product/power-supplies/,Companion Reading,Free online,9,9,CETa,concept-7,Switch-mode power supply operation,Used in,supporting,YES,"Use the entries on rectification/filtering, linear regulation, switching regulation, and battery ratings as a block-by-block companion.","Follow energy from input through conversion, filtering, regulation, and load rather than memorizing isolated component names.",Draw a four-block power path and state what failure symptom each block could create downstream.,This free textbook collection reinforces Alfred’s block-chain view with additional circuit examples.,NO — conceptual/professional depth,learn.html?week=9&stage=ceta-lesson&lesson=0&section=concept-7&from=media&mediaWeek=9&media=litAacPowerSuppliesTextbook,YES,NO,PASS
litAacOpAmpIntro,YES,Introduction to Operational Amplifiers (Op-amps),All About Circuits,All About Circuits,https://www.allaboutcircuits.com/textbook/semiconductors/chpt-8/introduction-operational-amplifiers/,Companion Reading,Free online,10,10,CETa,concept-6,Operational amplifiers and gain analysis,Used in,supporting,YES,"Read “Introduction to Operational Amplifiers,” then stop before advanced practical limitations unless you want extra depth.","Differential inputs, high open-loop gain, negative feedback, and why external components determine closed-loop behavior.",Explain why “the op-amp makes the inputs equal” is a useful approximation only when negative feedback and operating limits support it.,The free textbook offers a second intuitive entrance to the op-amp abstraction.,NO — conceptual/professional depth,learn.html?week=10&stage=ceta-lesson&lesson=0&section=concept-6&from=media&mediaWeek=10&media=litAacOpAmpIntro,YES,NO,PASS
litAacDigitalTextbook,YES,Digital Circuits — Free Electronics Textbook,Tony R. Kuphaldt; updated by All About Circuits,All About Circuits,https://www.allaboutcircuits.com/textbook/digital/,Companion Reading,Free online,11,11,CETa,concept-4,"Logic gates, truth tables, and flip-flops",Used in,supporting,YES,"Use the chapters on logic gates, combinational logic, and sequential circuits as a written companion; do not attempt the entire digital textbook at once.",Truth tables describe logic relationships; sequential elements add state/history.,Choose one combinational and one sequential example and explain what extra information the sequential case needs.,A full free digital textbook gives a coherent written path that can stand beside Alfred’s logic sequence.,NO — conceptual/professional depth,learn.html?week=11&stage=ceta-lesson&lesson=0&section=concept-4&from=media&mediaWeek=11&media=litAacDigitalTextbook,YES,NO,PASS
litAacDigitalSignalsGates,YES,Digital Signals and Gates,All About Circuits,All About Circuits,https://www.allaboutcircuits.com/textbook/digital/chpt-3/digital-signals-gates/,Companion Reading,Free online,11,11,CETa,concept-2,Logic gates implement conditions,Used in,supporting,YES,Read the digital signals/gates section through the first gate truth-table examples.,"The physical voltage signal is mapped into a logical state; “1” and “0” are abstractions, not literal voltages.",Explain why a logic HIGH specification must be a voltage range rather than one exact value.,This short reading is a useful “make it click” bridge from electrical voltage to Boolean logic.,NO — conceptual/professional depth,learn.html?week=11&stage=ceta-lesson&lesson=0&section=concept-2&from=media&mediaWeek=11&media=litAacDigitalSignalsGates,YES,NO,PASS
litMitMissingSemester,YES,The Missing Semester of Your CS Education — 2026 Written Lectures,MIT CSAIL / SIPB instructors,MIT,https://missing.csail.mit.edu/2026/,Applied Reading,Free online,12,12,Career,career-w12-command-line-navigation-is-a-small-reproducibility-tool-not-assumed-know,"Command-line navigation is a small reproducibility tool, not assumed knowledge",Used in,supporting,YES,Read the 2026 “Course Overview + Introduction to the Shell” and “Command-line Environment” lecture pages only.,"Directories, paths, commands, redirection/pipes, and why repeatable terminal steps become part of technical evidence.","Write a three-command sequence that moves to a project folder, lists its contents, and records one useful command/output in your lab notes.",MIT’s current written tooling course gives professional context to Alfred’s deliberately small command-line introduction.,YES,learn.html?week=12&stage=career-lesson&lesson=1&section=career-w12-command-line-navigation-is-a-small-reproducibility-tool-not-assumed-know&from=media&mediaWeek=12&media=litMitMissingSemester,YES,NO,PASS
litAacTestMeasurementTextbook,YES,Test & Measurement — Free Electronics Textbook Topics,Tony R. Kuphaldt; updated by All About Circuits,All About Circuits,https://www.allaboutcircuits.com/textbook/product/test-measurement/,Companion Reading,Free online,13,13,Career,career-w13-choose-a-high-information-test,Choose a high-information test,Used in,supporting,YES,"Use the entries on voltmeters, multimeters, meter loading, and measurement circuits; choose only the instrument concepts relevant to your fault hypothesis.",A measurement tool changes the circuit and has limits; good troubleshooting asks whether a measurement meaningfully separates hypotheses.,"For one fault hypothesis, name a measurement that would strongly distinguish it from the alternative and explain why.","The free test/measurement collection reinforces that instruments are part of the experiment, not passive truth machines.",YES,learn.html?week=13&stage=career-lesson&lesson=1&section=career-w13-choose-a-high-information-test&from=media&mediaWeek=13&media=litAacTestMeasurementTextbook,YES,NO,PASS
litArmCortexMBeginners,YES,Cortex-M for Beginners — Processor Family Overview,Joseph Yiu / Arm,Arm,https://developer.arm.com/community/arm-community-blogs/b/architectures-and-processors-blog/posts/white-paper-cortex-m-for-beginners-an-overview-of-the-arm-cortex-m-processor-family-and-comparison,Professional Reading,Free online,14,14,CETa,concept-4,"Computer architecture, CPU blocks, memory, block diagrams, and flowcharts",Used in,optional,YES,"Read the overview/feature comparison; focus on processor core, memory/system features, interrupts, and debug/trace—not on choosing among every Cortex-M generation.",Separate the CPU core from the peripherals and system around it.,Describe what “Cortex-M” tells you about the processor and what it does not tell you about a complete microcontroller.,Arm provides the professional architecture vocabulary behind the MCU abstractions Alfred begins introducing.,YES,learn.html?week=14&stage=ceta-lesson&lesson=0&section=concept-4&from=media&mediaWeek=14&media=litArmCortexMBeginners,YES,NO,PASS
litSparkfunUart,YES,Serial Communication — UARTs,SparkFun Education,SparkFun,https://learn.sparkfun.com/tutorials/serial-communication/uarts,Companion Reading,Free online,17,17,CETa,concept-1,UART shares timing rules instead of a clock wire,Used in,supporting,YES,"Read the UART section on data framing, baud rate, start/stop bits, and TX/RX connections.",UART has no shared clock; both endpoints must agree on timing and framing.,"Write a complete example UART contract: baud, data bits, parity, stop bits, and which endpoint TX connects to.",A concise practitioner tutorial provides an alternate written explanation many beginners find easier than a protocol specification.,NO — conceptual/professional depth,learn.html?week=17&stage=ceta-lesson&lesson=0&section=concept-1&from=media&mediaWeek=17&media=litSparkfunUart,YES,NO,PASS
litSparkfunI2c,YES,I2C — Written Tutorial,SparkFun Education,SparkFun,https://learn.sparkfun.com/tutorials/i2c,Companion Reading,Free / CC BY-SA,18,18,CETa,concept-7,I2C uses shared open-drain lines and addressing,Used in,supporting,YES,"Read “I2C at the Hardware Level,” “I2C at the Protocol Level,” and the addressing/ACK discussion.","Open-drain shared lines, pull-ups, START/STOP, address, read/write bit, ACK/NACK.",Describe one valid I²C byte transaction in order from START through STOP.,A beginner-friendly written tutorial provides the intuitive layer before the formal NXP specification.,NO — conceptual/professional depth,learn.html?week=18&stage=ceta-lesson&lesson=0&section=concept-7&from=media&mediaWeek=18&media=litSparkfunI2c,YES,NO,PASS
litNxpI2cSpec,YES,UM10204 — I2C-bus Specification and User Manual,NXP Semiconductors,NXP Semiconductors,https://www.nxp.com/webapp/Download?colCode=UM10204&location=null,Professional Reference,Free PDF,18,18,Career,career-w18-translate-one-i2c-datasheet-into-a-wiring-and-transaction-contract,Translate one I²C datasheet into a wiring and transaction contract,Used in,required,YES,"Use UM10204 §§3.1.3–3.1.6 for data validity, START/STOP, byte format, and ACK/NACK; §3.1.10 for the 7-bit target address/R/W bit; then Table 11 for Standard/Fast-mode timing. Do not read the manual cover-to-cover.","Canonical meanings of SDA/SCL behavior, ACK/NACK, bus free/busy, and timing limits.",Take Alfred’s I²C transaction and annotate which parts are defined by the NXP bus specification versus the peripheral’s own datasheet.,This is the authority source for the I²C bus itself and teaches professional specification-reading discipline.,YES,learn.html?week=18&stage=career-lesson&lesson=1&section=career-w18-translate-one-i2c-datasheet-into-a-wiring-and-transaction-contract&from=media&mediaWeek=18&media=litNxpI2cSpec,YES,NO,PASS
litAdiSpiIntro,YES,Introduction to SPI Interface,Piyu Dhaker,Analog Devices,https://www.analog.com/en/resources/analog-dialogue/articles/introduction-to-spi-interface.html,Companion Reading,Free online,18,18,Career,career-w18-only-now-generalize-the-model-to-spi,Only now generalize the model to SPI,Used in,supporting,YES,"Read the interface overview, the four signal definitions, and the clock polarity/phase discussion.","SCLK, CS, MOSI, MISO, full duplex behavior, and why CPOL/CPHA must match at both ends.",State three ways SPI differs from I²C in wiring or transaction control.,Analog Devices provides a concise professional explanation after the learner already owns the I²C comparison model.,NO — conceptual/professional depth,learn.html?week=18&stage=career-lesson&lesson=1&section=career-w18-only-now-generalize-the-model-to-spi&from=media&mediaWeek=18&media=litAdiSpiIntro,YES,NO,PASS
litFoaFiberBasics,YES,Fiber Optics: Basic Overview,The Fiber Optic Association,The Fiber Optic Association,https://www.foa.org/tech/ref/basic/basics.html,Professional Reading,Free online,19,19,CETa,concept-5,"Coax, copper pairs, fiber, impedance, and termination",Used in,supporting,YES,"Read “Basic Overview,” then follow only the sections on cable/fiber structure, connectors/splicing, and testing that match Week 19.","Core/cladding, transmission path, connector/splice loss, and why inspection/testing are part of the link.",Draw a simple optical link and mark three places where loss or a defect can enter.,"FOA is a professional association whose free reference material is written for technicians, installers, and educators.",YES,learn.html?week=19&stage=ceta-lesson&lesson=0&section=concept-5&from=media&mediaWeek=19&media=litFoaFiberBasics,YES,NO,PASS
litCornellStudyStrategies,YES,Effective Study Strategies,Cornell Learning Strategies Center,Cornell University Learning Strategies Center,https://lsc.cornell.edu/how-to-study/studying-for-and-taking-exams/effective-study-strategies/,Applied Reading,Free online,21,21,CETa,concept-1,Breadth requires selection practice,Used in,supporting,YES,"Read the sections on retrieval practice, interleaving, and spaced practice.","Learning improves when you have to retrieve and discriminate, not merely reread familiar material.","Choose one CETa domain and schedule one retrieval, one interleaved comparison, and one later spaced review.",Cornell provides a written learning-science explanation for the exact study behaviors Alfred asks you to use.,NO — conceptual/professional depth,learn.html?week=21&stage=ceta-lesson&lesson=0&section=concept-1&from=media&mediaWeek=21&media=litCornellStudyStrategies,YES,NO,PASS
litNasaGoodRequirement,YES,How to Write a Good Requirement,NASA Systems Engineering Handbook,NASA,https://www.nasa.gov/reference/appendix-c-how-to-write-a-good-requirement/,Professional Reading,Free online,22,22,Career,career-w22-a-requirement-describes-observable-behavior-and-conditions,A requirement describes observable behavior and conditions,Used in,required,YES,"Read C.1–C.4: correct terms, editorial checklist, goodness checklist, and validation checklist.","“Shall” statements, one thought per requirement, measurable conditions/tolerances, implementation-free wording, clarity, and traceability.",Rewrite one vague requirement into a single observable “shall” statement with a measurable condition.,"NASA’s handbook shows how professional engineering organizations distinguish a requirement from a wish, task, or implementation.",YES,learn.html?week=22&stage=career-lesson&lesson=1&section=career-w22-a-requirement-describes-observable-behavior-and-conditions&from=media&mediaWeek=22&media=litNasaGoodRequirement,YES,NO,PASS
litNasaSystemsAppendix,YES,NASA Systems Engineering Handbook — Appendix,NASA,NASA,https://www.nasa.gov/reference/system-engineering-handbook-appendix/,Professional Reference,Free online,22,22,Career,career-w22-verification-asks-whether-it-meets-the-requirement,Verification asks whether it meets the requirement,Used in,supporting,YES,Use Appendix D (Requirements Verification Matrix) and Appendix E (Validation Requirements Matrix); skim Appendix F only for context.,"The difference between requirement, verification evidence, validation intent, and traceability.","For one Alfred requirement, name the evidence that would verify it and the user/system behavior that would validate it.",NASA exposes the professional systems-engineering artifacts that Alfred is simplifying.,YES,learn.html?week=22&stage=career-lesson&lesson=1&section=career-w22-verification-asks-whether-it-meets-the-requirement&from=media&mediaWeek=22&media=litNasaSystemsAppendix,YES,NO,PASS
litMemfaultWatchdog,YES,A Guide to Watchdog Timers for Embedded Systems,Memfault / Interrupt contributors,Memfault Interrupt,https://interrupt.memfault.com/blog/firmware-watchdog-best-practices,Applied Reading,Free / CC BY-SA,26,26,Career,career-w26-timeouts-and-error-states-make-absence-observable,Timeouts and error states make absence observable,Used in,supporting,YES,"Read the sections explaining hardware/software watchdogs, configuration, feeding/kicking policy, and debugging watchdog resets.",A watchdog is a recovery mechanism with failure modes of its own; feeding it blindly can hide a stuck system.,Define one condition that should reset the system and one place where feeding the watchdog would be unsafe.,A practitioner-written embedded article turns the timeout/error-state model into real firmware reliability practice.,YES,learn.html?week=26&stage=career-lesson&lesson=1&section=career-w26-timeouts-and-error-states-make-absence-observable&from=media&mediaWeek=26&media=litMemfaultWatchdog,YES,NO,PASS
litMemfaultHardfault,YES,How to Debug a HardFault on an ARM Cortex-M MCU,Memfault / Interrupt contributors,Memfault Interrupt,https://interrupt.memfault.com/blog/cortex-m-hardfault-debug,Troubleshooting Reading,Free / CC BY-SA,26,26,Career,career-w26-make-errors-explicit-and-recoverable,Make errors explicit and recoverable,Used in,supporting,YES,"Read the diagnostic workflow: capture fault status registers, stacked registers, and map the program counter back to code.",A crash can leave structured evidence; fault registers and stack state narrow the search instead of encouraging random edits.,List the minimum crash evidence you would want saved before rebooting a failing Cortex-M system.,This widely used practitioner guide demonstrates an evidence-first embedded debugging workflow.,YES,learn.html?week=26&stage=career-lesson&lesson=1&section=career-w26-make-errors-explicit-and-recoverable&from=media&mediaWeek=26&media=litMemfaultHardfault,YES,NO,PASS
litMemfaultDebugInterfaces,YES,A Deep Dive into ARM Cortex-M Debug Interfaces,Memfault / Interrupt contributors,Memfault Interrupt,https://interrupt.memfault.com/blog/a-deep-dive-into-arm-cortex-m-debug-interfaces,Deep Dive,Free / CC BY-SA,26,26,Career,career-w26-diagnostics-must-survive-the-failure-they-describe,Diagnostics must survive the failure they describe,Used in,optional,YES,Read the overview of SWD/JTAG and the Cortex-M debug access architecture; stop before implementation details that exceed the week’s objectives.,"The debug interface provides a path to internal processor/memory state, but the act of debugging can perturb timing.",Explain one capability SWD/JTAG provides and one reason observed behavior under a debugger may differ from free-running behavior.,A practitioner deep dive makes the physical/debug architecture behind Alfred’s SWD statement concrete.,YES,learn.html?week=26&stage=career-lesson&lesson=1&section=career-w26-diagnostics-must-survive-the-failure-they-describe&from=media&mediaWeek=26&media=litMemfaultDebugInterfaces,YES,NO,PASS
litAacAdcDac,YES,Introduction to Digital-Analog Conversion,All About Circuits,All About Circuits,https://www.allaboutcircuits.com/textbook/digital/chpt-13/digital-analog-conversion/,Companion Reading,Free online,25,25,Career,career-w25-triangulate-with-independent-evidence,Triangulate with independent evidence,Used in,supporting,YES,Read the introduction to digital-to-analog/analog-to-digital conversion and the sections explaining resolution/codes.,"A conversion result is a quantized representation, not the analog quantity itself.","Explain why comparing an ADC code with an independent meter reading can reveal whether the problem is sensing, conversion, or software interpretation.",This free textbook reading supplies a compact conversion model for the evidence-triangulation lesson.,NO — conceptual/professional depth,learn.html?week=25&stage=career-lesson&lesson=1&section=career-w25-triangulate-with-independent-evidence&from=media&mediaWeek=25&media=litAacAdcDac,YES,NO,PASS
litAdiAdcStudent,YES,ADALM2000 Activity: Analog-to-Digital Conversion,"Andreea Pop, Antoniu Miclaus, Mark Thoren, Doug Mercer",Analog Devices,https://www.analog.com/en/resources/analog-dialogue/studentzone/studentzone-february-2022.html,Applied Reading,Free online,25,25,Career,career-w25-triangulate-with-independent-evidence,Triangulate with independent evidence,Used in,supporting,YES,"Read the Objective and Background, then follow the examples showing sampling, reference voltage, resolution, and digital codes.",How an analog quantity becomes a code and how reference/resolution affect the expected result.,"For a hypothetical sensor voltage, state what information you need before deciding whether the reported ADC code is plausible.",Analog Devices turns ADC theory into a measurement-oriented educational activity.,YES,learn.html?week=25&stage=career-lesson&lesson=1&section=career-w25-triangulate-with-independent-evidence&from=media&mediaWeek=25&media=litAdiAdcStudent,YES,NO,PASS
litAdiCn0314,YES,CN0314 — Configurable 4–20 mA Loop Powered Transmitter/Receiver,Analog Devices,Analog Devices,https://www.analog.com/en/resources/reference-designs/circuits-from-the-lab/cn0314.html,Case Study,Free online,25,25,Career,career-w25-build-a-thin-end-to-end-slice-first,Build a thin end-to-end slice first,Used in,optional,YES,Read “Circuit Function & Benefits” and the transmitter/receiver descriptions; use Figure 1 and Figure 4 rather than reading every design calculation.,Follow one complete signal path from physical/current-loop quantity through conditioning to an ADC-compatible voltage.,"Identify the input, transformation stages, output, and two design constraints in the reference design.",A real manufacturer reference design shows what an end-to-end analog interface looks like after the simplified models.,YES,learn.html?week=25&stage=career-lesson&lesson=1&section=career-w25-build-a-thin-end-to-end-slice-first&from=media&mediaWeek=25&media=litAdiCn0314,YES,NO,PASS
litArmCortexMBeginners,YES,Cortex-M for Beginners — Processor Family Overview,Joseph Yiu / Arm,Arm,https://developer.arm.com/community/arm-community-blogs/b/architectures-and-processors-blog/posts/white-paper-cortex-m-for-beginners-an-overview-of-the-arm-cortex-m-processor-family-and-comparison,Professional Reading,Free online,16,16,CETa,concept-4,An MCU is a computer plus tightly integrated peripherals,Review of,supporting,YES,Return to the processor/core-versus-MCU distinction and the debug/trace overview.,"Connect the Cortex-M core to the clocks, reset, memory, and peripherals Alfred now treats as one MCU system.",Name which parts of your Week 16 bring-up belong to the processor core and which belong to the specific MCU/peripherals.,The earlier architecture reading now acts as a professional reference during MCU bring-up.,YES,learn.html?week=16&stage=ceta-lesson&lesson=0&section=concept-4&from=media&mediaWeek=16&media=litArmCortexMBeginners,YES,NO,PASS
litMitMissingSemester,YES,The Missing Semester of Your CS Education — 2026 Written Lectures,MIT CSAIL / SIPB instructors,MIT,https://missing.csail.mit.edu/2026/,Applied Reading,Free online,23,23,Career,career-w23-a-repository-is-the-projects-reconstructable-memory,A repository is the project’s reconstructable memory,Review of,supporting,YES,"Use the 2026 Version Control and Git lecture page; focus only on commits, history, branching, and recoverability.",Version control stores a reconstructable history of technical decisions rather than merely copying files.,Explain what evidence a commit should preserve so someone else can reproduce the project state.,The tooling course provides a written professional explanation of why Git is engineering memory.,YES,learn.html?week=23&stage=career-lesson&lesson=1&section=career-w23-a-repository-is-the-projects-reconstructable-memory&from=media&mediaWeek=23&media=litMitMissingSemester,YES,NO,PASS
litJplFailureAnalysis,YES,Failure Analysis — Appendix Four,JPL Electronic Parts Engineering,NASA Jet Propulsion Laboratory,https://parts.jpl.nasa.gov/asic/Appendix.4.html,Failure Analysis,Free online,28,28,Career,career-w28-root-cause-survives-controlled-reversal,Root cause survives controlled reversal,Review of,supporting,YES,"Revisit the failure-analysis distinction between observed failure, mechanism, and actual cause.",A root-cause claim should survive controlled reversal or another independent verification.,Take one fault-injection result and state what evidence would make the root-cause claim stronger than correlation.,JPL’s failure-analysis framing is reused here because Week 28 now asks for defensible causal evidence.,YES,learn.html?week=28&stage=career-lesson&lesson=1&section=career-w28-root-cause-survives-controlled-reversal&from=media&mediaWeek=28&media=litJplFailureAnalysis,YES,NO,PASS
litTekAbcProbes,YES,ABCs of Probes Primer,Tektronix,Tektronix,https://www.tek.com/en/documents/whitepaper/abcs-probes-primer,Professional Reading,Free online,29,29,CETa,concept-5,Measurement setup is part of workmanship verification,Review of,supporting,YES,"Revisit the probe loading, compensation, and safety sections while reviewing workmanship evidence.",A beautiful board can still produce bad evidence if the measurement setup is wrong.,Add one probe/setup verification item to your workmanship evidence checklist.,"Measurement setup is part of proving workmanship, so the probe primer becomes a review reference.",YES,learn.html?week=29&stage=ceta-lesson&lesson=0&section=concept-5&from=media&mediaWeek=29&media=litTekAbcProbes,YES,NO,PASS
litCornellStudyStrategies,YES,Effective Study Strategies,Cornell Learning Strategies Center,Cornell University Learning Strategies Center,https://lsc.cornell.edu/how-to-study/studying-for-and-taking-exams/effective-study-strategies/,Applied Reading,Free online,31,31,CETa,concept-4,"Retention needs spaced retrieval, not permanent cramming",Review of,supporting,YES,"Return to retrieval practice, interleaving, and spaced practice as the course moves into long-term retention.","Retention is maintained by scheduled retrieval and mixed discrimination, not permanent cramming.",Create one four-week retention schedule for a domain you are most likely to forget.,The same learning-science source now supports the transition from exam preparation to durable retention.,NO — conceptual/professional depth,learn.html?week=31&stage=ceta-lesson&lesson=0&section=concept-4&from=media&mediaWeek=31&media=litCornellStudyStrategies,YES,NO,PASS
