Code,Domain,Standard,Classification,Procedural,Physical Evidence,Required Final Level,Accepted Evidence,Benchmark Sources,Status
C1.1,Bench Safety & ESD,"Prepare a low-voltage electronics bench using current limits, safe power-up sequencing, and an explicit stop condition.",CORE,True,required,L4 Role-Proof Evidence,bench setup evidence | pre-power checklist | hazard/stop-condition record,onetTech | blsTech | nasaWorkmanship,KEEP
C1.2,Bench Safety & ESD,"Apply ESD controls appropriate to CMOS/semiconductor handling and explain when straps, mats, grounding, and antistatic storage matter.",CORE,True,required,L3 Diagnostic / Changed-Context Performance,bench setup evidence | pre-power checklist | hazard/stop-condition record,onetTech | blsTech | nasaWorkmanship,KEEP
C1.3,Bench Safety & ESD,"Distinguish safe low-voltage troubleshooting from work that requires qualified supervision, isolation, or energized-work procedures.",CORE,True,required,L3 Diagnostic / Changed-Context Performance,bench setup evidence | pre-power checklist | hazard/stop-condition record,onetTech | blsTech | nasaWorkmanship,KEEP
C1.4,Bench Safety & ESD,"Perform a pre-power inspection for polarity, shorts, connector orientation, exposed conductors, and current-limit settings.",CORE,True,required,L4 Role-Proof Evidence,bench setup evidence | pre-power checklist | hazard/stop-condition record,onetTech | blsTech | nasaWorkmanship,KEEP
C1.5,Bench Safety & ESD,"Choose ESD controls, PPE, ventilation, and tool practices appropriate to low-voltage bench inspection, measurement, and basic assembly, and identify when soldering, rework, cutting, or crimping requires process-specific controls taught later.",CORE,True,required,L3 Diagnostic / Changed-Context Performance,bench setup evidence | pre-power checklist | hazard/stop-condition record,onetTech | blsTech | nasaWorkmanship,REWRITE
C1.6,Bench Safety & ESD,Document a safety or setup hazard and the corrective action before continuing a test.,CORE,True,required,L3 Diagnostic / Changed-Context Performance,bench setup evidence | pre-power checklist | hazard/stop-condition record,onetTech | blsTech | nasaWorkmanship,KEEP
C2.1,"Schematics, Datasheets & Design Intent","Read a schematic by following power rails, grounds, signal flow, reference designators, and functional blocks.",CORE,True,mixed,L4 Role-Proof Evidence,annotated schematic/datasheet | test-point plan | expected-value table,onetTech | blsTech | l3harrisAlpharetta,KEEP
C2.2,"Schematics, Datasheets & Design Intent","Use a component datasheet to identify pinout, absolute maximum ratings, recommended operating conditions, and key electrical characteristics.",CORE,True,mixed,L3 Diagnostic / Changed-Context Performance,annotated schematic/datasheet | test-point plan | expected-value table,onetTech | blsTech | l3harrisAlpharetta,KEEP
C2.3,"Schematics, Datasheets & Design Intent","Distinguish a schematic, wiring diagram, block diagram, layout/PCB view, and timing diagram and choose the right artifact for a troubleshooting task.",CORE,True,mixed,L3 Diagnostic / Changed-Context Performance,annotated schematic/datasheet | test-point plan | expected-value table,onetTech | blsTech | l3harrisAlpharetta,KEEP
C2.4,"Schematics, Datasheets & Design Intent",Trace a signal or power path from connector to load and identify useful test points before probing.,CORE,True,mixed,L4 Role-Proof Evidence,annotated schematic/datasheet | test-point plan | expected-value table,onetTech | blsTech | l3harrisAlpharetta,KEEP
C2.5,"Schematics, Datasheets & Design Intent","Interpret pull-ups, pull-downs, decoupling capacitors, current-limiting resistors, protection devices, and common interface support circuitry.",CORE,True,mixed,L3 Diagnostic / Changed-Context Performance,annotated schematic/datasheet | test-point plan | expected-value table,onetTech | blsTech | l3harrisAlpharetta,KEEP
C2.6,"Schematics, Datasheets & Design Intent",Explain design intent from a schematic well enough to predict expected node voltages or signal behavior before measuring.,CORE,True,mixed,L4 Role-Proof Evidence,annotated schematic/datasheet | test-point plan | expected-value table,onetTech | blsTech | l3harrisAlpharetta,KEEP
C3.1,Measurement & Instrumentation,"Select the correct DMM function, input jack, and circuit connection for voltage, resistance/continuity, or current; explain how each mode interacts with the circuit; then make the measurement safely.",CORE,True,required,L4 Role-Proof Evidence,instrument setup record | raw measurement/capture | manual interpretation | setup validity check,onetTech | blsTech | l3harrisAlpharetta | nasaMetrology,REWRITE
C3.2,Measurement & Instrumentation,"Set bench-supply voltage and a conservative current limit from expected circuit behavior, distinguish CV from current-limit operation, and use current consumption as evidence during bring-up.",CORE,True,required,L4 Role-Proof Evidence,instrument setup record | raw measurement/capture | manual interpretation | setup validity check,onetTech | blsTech | l3harrisAlpharetta | nasaMetrology,REWRITE
C3.3,Measurement & Instrumentation,"Starting with a known waveform, configure probe/reference, attenuation, coupling, vertical scale, timebase, and trigger to obtain a stable oscilloscope display and document the setup.",CORE,True,required,L4 Role-Proof Evidence,instrument setup record | raw measurement/capture | manual interpretation | setup validity check,onetTech | blsTech | l3harrisAlpharetta | nasaMetrology,REWRITE
C3.4,Measurement & Instrumentation,"Predict and measure waveform amplitude, frequency, period, duty cycle, DC offset, and rise/fall behavior, while distinguishing resolution, accuracy, loading, bandwidth, and repeatability limits.",CORE,True,required,L4 Role-Proof Evidence,instrument setup record | raw measurement/capture | manual interpretation | setup validity check,onetTech | blsTech | l3harrisAlpharetta | nasaMetrology,REWRITE
C3.5,Measurement & Instrumentation,"After a known digital-bus transaction exists, configure a logic analyzer with correct reference, threshold, sample rate, channel mapping, and decoder settings; correlate raw and decoded activity and recognize when an oscilloscope is required for analog signal-quality questions.",CORE,True,required,L4 Role-Proof Evidence,instrument setup record | raw measurement/capture | manual interpretation | setup validity check,onetTech | blsTech | l3harrisAlpharetta | nasaMetrology,MOVE
C3.6,Measurement & Instrumentation,"Translate a troubleshooting question into a measurable hypothesis, then choose the instrument, test point, setup, and expected result that will provide the most useful evidence.",CORE,True,required,L4 Role-Proof Evidence,instrument setup record | raw measurement/capture | manual interpretation | setup validity check,onetTech | blsTech | l3harrisAlpharetta | nasaMetrology,REWRITE
C4.1,"Assembly, Soldering, Rework & Harnesses","Identify acceptable and defective solder joints and explain likely causes of cold joints, bridges, insufficient wetting, and lifted pads.",CORE,True,required,L4 Role-Proof Evidence,before/after inspection evidence | continuity/electrical verification | workmanship acceptance decision,l3harrisAlpharetta | rtxRepairTech | nasaWorkmanship | nasaHarness | ipcJ001 | ipcA610 | ipcA620,KEEP
C4.2,"Assembly, Soldering, Rework & Harnesses","Perform a bounded through-hole and basic SMT solder/rework task using appropriate ESD, thermal, ventilation, handling, and pad/trace-protection practices, then inspect and electrically verify the result.",CORE,True,required,L4 Role-Proof Evidence,before/after inspection evidence | continuity/electrical verification | workmanship acceptance decision,l3harrisAlpharetta | rtxRepairTech | nasaWorkmanship | nasaHarness | ipcJ001 | ipcA610 | ipcA620,KEEP
C4.3,"Assembly, Soldering, Rework & Harnesses","Prepare, strip, crimp, strain-relieve, and inspect a low-voltage wire or harness connection using workmanship criteria.",CORE,True,required,L4 Role-Proof Evidence,before/after inspection evidence | continuity/electrical verification | workmanship acceptance decision,l3harrisAlpharetta | rtxRepairTech | nasaWorkmanship | nasaHarness | ipcJ001 | ipcA610 | ipcA620,MOVE
C4.4,"Assembly, Soldering, Rework & Harnesses","Use connector keying, pin numbering, continuity checks, and wire labels to prevent harness miswiring.",CORE,True,required,L4 Role-Proof Evidence,before/after inspection evidence | continuity/electrical verification | workmanship acceptance decision,l3harrisAlpharetta | rtxRepairTech | nasaWorkmanship | nasaHarness | ipcJ001 | ipcA610 | ipcA620,KEEP
C4.5,"Assembly, Soldering, Rework & Harnesses","Document rework with before/after evidence, component orientation, and verification measurements.",CORE,True,required,L4 Role-Proof Evidence,before/after inspection evidence | continuity/electrical verification | workmanship acceptance decision,l3harrisAlpharetta | rtxRepairTech | nasaWorkmanship | nasaHarness | ipcJ001 | ipcA610 | ipcA620,KEEP
C4.6,"Assembly, Soldering, Rework & Harnesses","Given a damaged pad, trace, connector, or harness, inspect the condition and classify it as within the authorized repair process, replacement-required, or escalation-required rather than improvising a repair.",CORE,True,required,L4 Role-Proof Evidence,before/after inspection evidence | continuity/electrical verification | workmanship acceptance decision,l3harrisAlpharetta | rtxRepairTech | nasaWorkmanship | nasaHarness | ipcJ001 | ipcA610 | ipcA620,KEEP
C5.1,Troubleshooting & Root Cause,Reproduce a fault reliably and define the observed symptom before attempting a fix.,CORE,True,mixed,L4 Role-Proof Evidence,symptom record | hypothesis/test log | fault isolation evidence | repair/regression verification,onetTech | blsTech | l3harrisAlpharetta,KEEP
C5.2,Troubleshooting & Root Cause,Form a testable hypothesis from expected versus actual behavior and choose the next measurement that best separates competing causes.,CORE,True,mixed,L4 Role-Proof Evidence,symptom record | hypothesis/test log | fault isolation evidence | repair/regression verification,onetTech | blsTech | l3harrisAlpharetta,KEEP
C5.3,Troubleshooting & Root Cause,"Use divide-and-conquer, known-good substitution, signal tracing, or rail-by-rail checks appropriately without changing multiple variables at once.",CORE,True,mixed,L4 Role-Proof Evidence,symptom record | hypothesis/test log | fault isolation evidence | repair/regression verification,onetTech | blsTech | l3harrisAlpharetta,KEEP
C5.4,Troubleshooting & Root Cause,Distinguish root cause from symptom and verify that a repair removes the cause without creating a new failure.,CORE,True,mixed,L4 Role-Proof Evidence,symptom record | hypothesis/test log | fault isolation evidence | repair/regression verification,onetTech | blsTech | l3harrisAlpharetta,KEEP
C5.5,Troubleshooting & Root Cause,Use fault injection or controlled perturbation to demonstrate that a diagnostic method can detect an expected failure mode.,CORE,True,mixed,L4 Role-Proof Evidence,symptom record | hypothesis/test log | fault isolation evidence | repair/regression verification,onetTech | blsTech | l3harrisAlpharetta,MOVE
C5.6,Troubleshooting & Root Cause,"Write a concise failure report containing symptom, setup, evidence, root cause, corrective action, and verification.",CORE,True,mixed,L4 Role-Proof Evidence,symptom record | hypothesis/test log | fault isolation evidence | repair/regression verification,onetTech | blsTech | l3harrisAlpharetta,KEEP
C6.1,C Programming Fundamentals,"Read, write, and trace small C programs using typed variables, expressions, assignments, conditionals, and loops; predict control flow and resulting values before running the code.",ROLE_EXTENSION,True,not-required,L2 Independent Performance,working C program | compiler diagnostics | debug trace/test cases,l3harrisAlpharetta,REWRITE
C6.2,C Programming Fundamentals,"Use function declarations/prototypes, parameters, return values, and scope to divide C programs into small testable units and explain the data passed into and out of each unit.",ROLE_EXTENSION,True,not-required,L2 Independent Performance,working C program | compiler diagnostics | debug trace/test cases,l3harrisAlpharetta,REWRITE
C6.3,C Programming Fundamentals,"Use arrays, strings, structs, and enums to represent small embedded/test-program data structures while maintaining bounds, type, and lifetime discipline.",ROLE_EXTENSION,True,not-required,L2 Independent Performance,working C program | compiler diagnostics | debug trace/test cases,l3harrisAlpharetta,SPLIT
C6.4,C Programming Fundamentals,"Use bitwise AND, OR, XOR, shifts, and masks to inspect or modify specific bits, and explain the before/after bit pattern rather than treating the operation as a memorized formula.",ROLE_EXTENSION,True,not-required,L2 Independent Performance,working C program | compiler diagnostics | debug trace/test cases,l3harrisAlpharetta,REWRITE
C6.5,C Programming Fundamentals,"Recognize and prevent common C defects including off-by-one errors, uninitialized data, invalid pointer use, out-of-bounds access, integer conversion/overflow problems, and missing validation.",ROLE_EXTENSION,True,not-required,L2 Independent Performance,working C program | compiler diagnostics | debug trace/test cases,l3harrisAlpharetta,REWRITE
C6.6,C Programming Fundamentals,"Build small C programs with warnings enabled, interpret compiler/runtime diagnostics, reproduce failures with controlled inputs, inspect state, and debug by testing one hypothesis at a time.",ROLE_EXTENSION,True,not-required,L2 Independent Performance,working C program | compiler diagnostics | debug trace/test cases,l3harrisAlpharetta,REWRITE
C6.7,C Programming for Embedded/Test Work,"Explain the difference between a value and an address, use pointers to access valid objects/arrays, and identify invalid, null, out-of-bounds, and lifetime-related pointer risks in small C programs.",ROLE_EXTENSION,True,not-required,L2 Independent Performance,working C program | compiler diagnostics | debug trace/test cases,l3harrisAlpharetta,ADD
C7.1,Embedded C & MCU Architecture,"Explain an embedded microcontroller as CPU + memory + clocks + buses + peripherals + registers, and connect each part to what executing C code can observe or control.",ROLE_EXTENSION,True,mixed,L2 Independent Performance,firmware behavior evidence | register/state reasoning | controlled debug record,l3harrisAlpharetta,REWRITE
C7.2,Embedded C & MCU Architecture,"Use fixed-width integer types and volatile appropriately for hardware registers or asynchronously changed state, and explain what volatile does and does not guarantee.",ROLE_EXTENSION,True,mixed,L2 Independent Performance,firmware behavior evidence | register/state reasoning | controlled debug record,l3harrisAlpharetta,REWRITE
C7.3,Embedded C & MCU Architecture,Apply read-modify-write and bit masks to memory-mapped peripheral registers while preserving unrelated bits and checking the relevant register documentation.,ROLE_EXTENSION,True,mixed,L2 Independent Performance,firmware behavior evidence | register/state reasoning | controlled debug record,l3harrisAlpharetta,REWRITE
C7.4,Embedded C & MCU Architecture,"Convert a simple blocking embedded behavior into an explicit nonblocking state machine with named states, transitions, events, and bounded timing behavior.",ROLE_EXTENSION,True,mixed,L2 Independent Performance,firmware behavior evidence | register/state reasoning | controlled debug record,l3harrisAlpharetta,REWRITE
C7.5,Embedded C & MCU Architecture,"Explain polling and interrupts from the CPU/peripheral point of view and choose the simpler correct mechanism for a stated latency, timing, and complexity requirement.",ROLE_EXTENSION,True,mixed,L2 Independent Performance,firmware behavior evidence | register/state reasoning | controlled debug record,l3harrisAlpharetta,REWRITE
C7.6,Embedded C & MCU Architecture,"Separate hardware-access code, application/state logic, and diagnostic output so each layer can be reasoned about, tested, and troubleshot independently.",ROLE_EXTENSION,True,mixed,L2 Independent Performance,firmware behavior evidence | register/state reasoning | controlled debug record,l3harrisAlpharetta,REWRITE
C8.1,STM32 Bring-Up & Debugging,"Create an STM32 project by identifying the exact board/MCU, configuring clocks and pins, generating/inspecting initialization, building the project, and identifying the produced firmware image.",ROLE_EXTENSION,True,required,L3 Diagnostic / Changed-Context Performance,bring-up checklist | SWD/debug evidence | measured GPIO/ADC/timing evidence,l3harrisAlpharetta,REWRITE
C8.2,STM32 Bring-Up & Debugging,"Bring up one STM32 GPIO path from project configuration through firmware state to physical pin behavior, using an independent measurement to prove the result.",ROLE_EXTENSION,True,required,L3 Diagnostic / Changed-Context Performance,bring-up checklist | SWD/debug evidence | measured GPIO/ADC/timing evidence,l3harrisAlpharetta,REWRITE
C8.3,STM32 Bring-Up & Debugging,"Explain the debug-probe/SWD path and use it to connect, halt, step, set breakpoints, and inspect variables/registers so code-flow faults can be separated from hardware faults.",ROLE_EXTENSION,True,required,L3 Diagnostic / Changed-Context Performance,bring-up checklist | SWD/debug evidence | measured GPIO/ADC/timing evidence,l3harrisAlpharetta,REWRITE
C8.4,STM32 Bring-Up & Debugging,"After a known-good GPIO baseline, configure and validate one STM32 timer/event or interrupt path while checking peripheral clock, prescaler/period, time units, flags, and observable timing evidence.",ROLE_EXTENSION,True,required,L3 Diagnostic / Changed-Context Performance,bring-up checklist | SWD/debug evidence | measured GPIO/ADC/timing evidence,l3harrisAlpharetta,SPLIT
C8.5,STM32 Bring-Up & Debugging,"Use staged evidence—power/current, reset/boot, clock/configuration, debug connectivity, minimal firmware, and I/O—to establish a known-good STM32 bring-up baseline before adding complexity.",ROLE_EXTENSION,True,required,L3 Diagnostic / Changed-Context Performance,bring-up checklist | SWD/debug evidence | measured GPIO/ADC/timing evidence,l3harrisAlpharetta,REWRITE
C8.6,STM32 Bring-Up & Debugging,"Capture an STM32 fault reproducibly with board/MCU identity, firmware revision, configuration, measurements/debug evidence, hypothesis, corrective action, and verified retest.",ROLE_EXTENSION,True,required,L3 Diagnostic / Changed-Context Performance,bring-up checklist | SWD/debug evidence | measured GPIO/ADC/timing evidence,l3harrisAlpharetta,REWRITE
C8.7,STM32 Bring-Up & Debugging,"After a known-good digital baseline, configure and validate one STM32 ADC channel using a known input while checking reference voltage, channel/pin mode, resolution/sample settings, raw code, engineering-unit conversion, and independent physical measurement.",ROLE_EXTENSION,True,required,L3 Diagnostic / Changed-Context Performance,bring-up checklist | SWD/debug evidence | measured GPIO/ADC/timing evidence,l3harrisAlpharetta,ADD
C9.1,"UART, I²C & SPI Interfaces","Configure UART parameters and diagnose mismatched baud rate, data bits, parity, stop bits, logic level, or crossed TX/RX connections.",ROLE_EXTENSION,True,required,L3 Diagnostic / Changed-Context Performance,bus capture | raw+decoded evidence | fault diagnosis/retest,l3harrisAlpharetta,KEEP
C9.2,"UART, I²C & SPI Interfaces","Explain I²C addressing, open-drain signaling, pull-up resistors, START/STOP conditions, ACK/NACK, and common stuck-bus faults.",ROLE_EXTENSION,True,required,L3 Diagnostic / Changed-Context Performance,bus capture | raw+decoded evidence | fault diagnosis/retest,l3harrisAlpharetta,KEEP
C9.3,"UART, I²C & SPI Interfaces","Explain SPI clock, MOSI/MISO, chip select, mode/polarity/phase, word length, and common configuration mismatches.",ROLE_EXTENSION,True,required,L3 Diagnostic / Changed-Context Performance,bus capture | raw+decoded evidence | fault diagnosis/retest,l3harrisAlpharetta,KEEP
C9.4,"UART, I²C & SPI Interfaces","Use a logic analyzer capture to correlate firmware actions with actual UART, I²C, or SPI bus transactions.",ROLE_EXTENSION,True,required,L3 Diagnostic / Changed-Context Performance,bus capture | raw+decoded evidence | fault diagnosis/retest,l3harrisAlpharetta,KEEP
C9.5,"UART, I²C & SPI Interfaces","Read a sensor/interface datasheet to determine register address, transaction sequence, timing, and expected response.",ROLE_EXTENSION,True,required,L3 Diagnostic / Changed-Context Performance,bus capture | raw+decoded evidence | fault diagnosis/retest,l3harrisAlpharetta,KEEP
C9.6,"UART, I²C & SPI Interfaces","Diagnose whether an interface failure is most likely firmware configuration, electrical connection, signal integrity, device addressing, or protocol sequencing.",ROLE_EXTENSION,True,required,L3 Diagnostic / Changed-Context Performance,bus capture | raw+decoded evidence | fault diagnosis/retest,l3harrisAlpharetta,KEEP
C10.1,Python Test Automation & Data,"Use Python to open, configure, read from, and write to a serial device with explicit timeouts and error handling.",ROLE_EXTENSION,True,mixed,L3 Diagnostic / Changed-Context Performance,test script | timestamped log | PASS/FAIL output | failure handling evidence,onetTech | l3harrisAlpharetta,KEEP
C10.2,Python Test Automation & Data,Parse incoming measurements into structured values and reject malformed or out-of-range data safely.,ROLE_EXTENSION,True,mixed,L3 Diagnostic / Changed-Context Performance,test script | timestamped log | PASS/FAIL output | failure handling evidence,onetTech | l3harrisAlpharetta,KEEP
C10.3,Python Test Automation & Data,"Log timestamped test data in a reproducible format that preserves units, device identity, and test conditions.",ROLE_EXTENSION,True,mixed,L3 Diagnostic / Changed-Context Performance,test script | timestamped log | PASS/FAIL output | failure handling evidence,onetTech | l3harrisAlpharetta,KEEP
C10.4,Python Test Automation & Data,Write an automated PASS/FAIL check against explicit limits and report why a failure occurred.,ROLE_EXTENSION,True,mixed,L3 Diagnostic / Changed-Context Performance,test script | timestamped log | PASS/FAIL output | failure handling evidence,onetTech | l3harrisAlpharetta,KEEP
C10.5,Python Test Automation & Data,"Plot or summarize test data to reveal trends, drift, noise, or outliers relevant to a hardware decision.",ROLE_EXTENSION,True,mixed,L3 Diagnostic / Changed-Context Performance,test script | timestamped log | PASS/FAIL output | failure handling evidence,onetTech | l3harrisAlpharetta,KEEP
C10.6,Python Test Automation & Data,"Structure a small hardware-test script so setup, stimulus, measurement, evaluation, cleanup, and reporting are separate steps.",ROLE_EXTENSION,True,mixed,L3 Diagnostic / Changed-Context Performance,test script | timestamped log | PASS/FAIL output | failure handling evidence,onetTech | l3harrisAlpharetta,KEEP
C11.1,"Hardware Test, Validation & Quality","Translate a requirement into a measurable verification step with setup, stimulus, expected result, tolerance, and evidence.",CORE,True,mixed,L4 Role-Proof Evidence,controlled test procedure | requirements trace | PASS/FAIL result | anomaly/retest record,onetTech | blsTech | rtxRepairTech,KEEP
C11.2,"Hardware Test, Validation & Quality","Distinguish verification, validation, characterization, troubleshooting, and production test.",CORE,True,mixed,L4 Role-Proof Evidence,controlled test procedure | requirements trace | PASS/FAIL result | anomaly/retest record,onetTech | blsTech | rtxRepairTech,KEEP
C11.3,"Hardware Test, Validation & Quality",Design a repeatable test procedure that controls variables and records enough context for another technician to reproduce it.,CORE,True,mixed,L4 Role-Proof Evidence,controlled test procedure | requirements trace | PASS/FAIL result | anomaly/retest record,onetTech | blsTech | rtxRepairTech,KEEP
C11.4,"Hardware Test, Validation & Quality","Use boundary, nominal, and fault conditions to expose weaknesses that a single happy-path test would miss.",CORE,True,mixed,L4 Role-Proof Evidence,controlled test procedure | requirements trace | PASS/FAIL result | anomaly/retest record,onetTech | blsTech | rtxRepairTech,KEEP
C11.5,"Hardware Test, Validation & Quality","Interpret test results against requirements and identify whether the result is pass, fail, inconclusive, or requires additional data.",CORE,True,mixed,L4 Role-Proof Evidence,controlled test procedure | requirements trace | PASS/FAIL result | anomaly/retest record,onetTech | blsTech | rtxRepairTech,KEEP
C11.6,"Hardware Test, Validation & Quality","Maintain traceability between requirement, test case, result, anomaly, corrective action, and retest evidence.",CORE,True,mixed,L4 Role-Proof Evidence,controlled test procedure | requirements trace | PASS/FAIL result | anomaly/retest record,onetTech | blsTech | rtxRepairTech,KEEP
C12.1,Engineering Workflow & Documentation,"Use repository status, diff, staging, commits, and history to inspect and preserve meaningful firmware/test-script changes so the project state is reviewable and reproducible.",CORE_SUPPORT,True,mixed,L3 Diagnostic / Changed-Context Performance,reconstructable lab notes | versioned evidence package | technical handoff/report,onetTech | blsTech | rtxRepairTech,SPLIT
C12.2,Engineering Workflow & Documentation,"Use basic command-line navigation and a repeatable project structure to build, run, inspect, compare, and archive engineering work without losing configuration or evidence context.",CORE_SUPPORT,True,mixed,L3 Diagnostic / Changed-Context Performance,reconstructable lab notes | versioned evidence package | technical handoff/report,onetTech | blsTech | rtxRepairTech,REWRITE
C12.3,Engineering Workflow & Documentation,"Write lab notes with date, objective, configuration, observations, measurements, anomalies, and next actions.",CORE_SUPPORT,True,mixed,L4 Role-Proof Evidence,reconstructable lab notes | versioned evidence package | technical handoff/report,onetTech | blsTech | rtxRepairTech,KEEP
C12.4,Engineering Workflow & Documentation,"Create a concise test report with purpose, setup, method, results, plots/tables, conclusions, and unresolved risks.",CORE_SUPPORT,True,mixed,L4 Role-Proof Evidence,reconstructable lab notes | versioned evidence package | technical handoff/report,onetTech | blsTech | rtxRepairTech,KEEP
C12.5,Engineering Workflow & Documentation,"Communicate a technical problem to an engineer using observed facts, measurements, attempted checks, and a clear question.",CORE_SUPPORT,True,mixed,L4 Role-Proof Evidence,reconstructable lab notes | versioned evidence package | technical handoff/report,onetTech | blsTech | rtxRepairTech,KEEP
C12.6,Engineering Workflow & Documentation,"Keep filenames, versions, units, screenshots, code, schematics, and evidence organized so a future reviewer can reconstruct the work.",CORE_SUPPORT,True,mixed,L4 Role-Proof Evidence,reconstructable lab notes | versioned evidence package | technical handoff/report,onetTech | blsTech | rtxRepairTech,KEEP
C12.7,"Documentation, Git & Technical Communication","Use branches and named known-good baselines/tags to isolate work, preserve recoverable project states, and tie firmware/documentation state to bench evidence.",CORE_SUPPORT,True,mixed,L3 Diagnostic / Changed-Context Performance,reconstructable lab notes | versioned evidence package | technical handoff/report,onetTech | blsTech | rtxRepairTech,ADD
C13.1,"Portfolio, Interview & Career Transition","Present a project with problem, requirements, architecture, implementation, test evidence, failure/recovery story, and final result.",TRANSITION,True,not-required,L2 Independent Performance,project defense | resume/interview evidence | job-match analysis,onetTech | l3harrisAlpharetta,KEEP
C13.2,"Portfolio, Interview & Career Transition","Explain personal contribution precisely without overstating ownership, certification, job title, or engineering authority.",TRANSITION,True,not-required,L2 Independent Performance,project defense | resume/interview evidence | job-match analysis,onetTech | l3harrisAlpharetta,KEEP
C13.3,"Portfolio, Interview & Career Transition",Answer a hardware troubleshooting interview question using a hypothesis-and-measurement process rather than guessing components.,TRANSITION,True,not-required,L2 Independent Performance,project defense | resume/interview evidence | job-match analysis,onetTech | l3harrisAlpharetta,KEEP
C13.4,"Portfolio, Interview & Career Transition","Tailor a resume bullet to an electronics/test/embedded role using concrete tools, actions, results, and evidence.",TRANSITION,True,not-required,L2 Independent Performance,project defense | resume/interview evidence | job-match analysis,onetTech | l3harrisAlpharetta,KEEP
C13.5,"Portfolio, Interview & Career Transition",Evaluate a job description for must-have versus learnable skills and identify a credible bridge-role application strategy.,TRANSITION,True,not-required,L2 Independent Performance,project defense | resume/interview evidence | job-match analysis,onetTech | l3harrisAlpharetta,KEEP
C13.6,"Portfolio, Interview & Career Transition","Use interview/application feedback to choose the next technical repair, portfolio improvement, or job-search adjustment.",TRANSITION,True,not-required,L2 Independent Performance,project defense | resume/interview evidence | job-match analysis,onetTech | l3harrisAlpharetta,MOVE
C3.7,Measurement & Instrumentation,"Configure and verify a function/signal generator or electronic load as a controlled stimulus or load, including amplitude, offset, frequency/duty, termination, current/power limits, and independent confirmation of the condition actually applied to the DUT.",CORE,True,required,L4 Role-Proof Evidence,stimulus/load setup record | independent verification at DUT | measured response,onetTech | l3harrisAlpharetta | rtxRepairTech,NEW — REQUIRED FOR TECHNICIAN READINESS
C3.8,Measurement & Instrumentation,"For a role-relevant specialty instrument such as an LCR/ESR meter, frequency counter, spectrum analyzer, or similar bench tool, define the measurement question first, configure the instrument within ratings, record critical settings/status, and sanity-check the result against a known or expected condition.",ROLE_EXTENSION,True,mixed,L2 Independent Performance,specialty-instrument setup record | known/expected-condition sanity check | interpreted result,onetTech | l3harrisAlpharetta | rtxRepairTech,NEW — REQUIRED FOR TECHNICIAN READINESS
C14.1,"Production Workmanship, Quality & Traceability","Given a controlled work instruction, traveler, drawing, or test procedure, identify the correct revision, unit/serial identity, required tools/materials, process steps, hold points, and acceptance criteria before beginning work.",CORE,True,required,L3 Diagnostic / Changed-Context Performance,completed traveler/work-instruction check | revision/unit/tool verification,onetTech | rtxRepairTech | nasaWorkmanship,NEW — REQUIRED FOR TECHNICIAN READINESS
C14.2,"Production Workmanship, Quality & Traceability","Inspect an electronic assembly, soldered connection, connector, or harness against defined workmanship criteria and classify the condition as acceptable, rework-required, reject/escalate, or inconclusive without inventing acceptance criteria.",CORE,True,required,L4 Role-Proof Evidence,inspection record | accept/rework/reject decision | annotated evidence image,rtxRepairTech | ipcA610 | ipcA620 | nasaWorkmanship,NEW — REQUIRED FOR TECHNICIAN READINESS
C14.3,"Production Workmanship, Quality & Traceability","Create a nonconformance or anomaly record that separates observed facts from suspected cause, preserves unit/revision/test context, and avoids unauthorized repair or disposition.",CORE,True,required,L3 Diagnostic / Changed-Context Performance,nonconformance/anomaly record | fact-vs-hypothesis separation,onetTech | rtxRepairTech | nasaWorkmanship,NEW — REQUIRED FOR TECHNICIAN READINESS
C14.4,"Production Workmanship, Quality & Traceability","Maintain traceability among unit/serial number, hardware revision, component/part identity, firmware or test-software version, tool/fixture identity, repair action, and retest result.",CORE,True,required,L4 Role-Proof Evidence,traceability record | unit/revision/software/tool linkage,onetTech | rtxRepairTech,NEW — REQUIRED FOR TECHNICIAN READINESS
C14.5,"Production Workmanship, Quality & Traceability","Perform authorized rework or assembly only within the defined process and acceptance criteria, then complete required inspection and electrical/functional verification before declaring the work complete.",CORE,True,required,L4 Role-Proof Evidence,authorized rework evidence | inspection result | electrical/functional retest,rtxRepairTech | ipcJ001 | ipcA610 | nasaWorkmanship,NEW — REQUIRED FOR TECHNICIAN READINESS
C14.6,"Production Workmanship, Quality & Traceability","Distinguish technician/operator authority from engineering, quality, safety, or configuration-control authority and stop/escalate when the required disposition exceeds the learner’s authorized process.",CORE,True,required,L3 Diagnostic / Changed-Context Performance,escalation decision | documented stop/hold point,rtxRepairTech | nasaWorkmanship,NEW — REQUIRED FOR TECHNICIAN READINESS
C15.1,"Metrology, Calibration & Test Assets","Before using an instrument, fixture, cable, probe, or measurement accessory for acceptance evidence, verify identity, calibration/status information when applicable, ratings, visible condition, and required configuration.",CORE,True,required,L4 Role-Proof Evidence,instrument/fixture pre-use record | calibration/status verification,blsTech | rtxRepairTech | nasaMetrology,NEW — REQUIRED FOR TECHNICIAN READINESS
C15.2,"Metrology, Calibration & Test Assets","Perform available self-test, zero, compensation, known-reference, or sanity checks and recognize when a failed pre-use check invalidates subsequent measurements.",CORE,True,required,L3 Diagnostic / Changed-Context Performance,self-test/reference-check result | instrument validity decision,blsTech | nasaMetrology,NEW — REQUIRED FOR TECHNICIAN READINESS
C15.3,"Metrology, Calibration & Test Assets","Use accuracy, resolution, tolerance, repeatability, loading, bandwidth, and stated uncertainty at technician depth to decide whether a measurement can support a PASS/FAIL or troubleshooting conclusion.",CORE,True,mixed,L3 Diagnostic / Changed-Context Performance,measurement capability calculation/justification | acceptability decision,blsTech | nasaMetrology,NEW — REQUIRED FOR TECHNICIAN READINESS
C15.4,"Metrology, Calibration & Test Assets","Reject or quarantine measurement evidence when calibration/status is expired or unknown, the setup exceeds ratings, configuration is invalid, or the instrument/accessory condition makes the result untrustworthy.",CORE,True,required,L4 Role-Proof Evidence,invalid-measurement disposition | remove-from-service/escalation record,rtxRepairTech | nasaMetrology,NEW — REQUIRED FOR TECHNICIAN READINESS
C15.5,"Metrology, Calibration & Test Assets","Use a known-good reference, substitution, independent measurement, or controlled fixture check to distinguish a DUT failure from a cable, probe, fixture, instrument, or test-software failure.",CORE,True,required,L4 Role-Proof Evidence,DUT-vs-test-system isolation record | known-good comparison,onetTech | l3harrisAlpharetta | rtxRepairTech,NEW — REQUIRED FOR TECHNICIAN READINESS
C15.6,"Metrology, Calibration & Test Assets","Maintain a simple inspection/maintenance record for test assets and fixtures, identify preventive-maintenance needs, and remove or escalate equipment that cannot be trusted or safely used.",CORE,True,required,L3 Diagnostic / Changed-Context Performance,asset inspection/maintenance record | service/escalation decision,blsTech | rtxRepairTech | nasaMetrology,NEW — REQUIRED FOR TECHNICIAN READINESS
