ID,Previous standard,Final standard,Status,Source relationship,Primary source ID,Primary source,Primary source URL,Secondary source IDs,Secondary sources,Secondary source URLs,Why relevant,Alfred adaptation,First curriculum use,Primary semantic/mastery week,Evidence route
C1.1,"Prepare a low-voltage electronics bench using current limits, safe power-up sequencing, and an explicit stop condition.","Prepare a low-voltage electronics bench using current limits, safe power-up sequencing, and an explicit stop condition.",KEEP,Informed by,pccEET101A,Portland Community College — EET 101A — Electronic Lab and Essential Work Skills,https://www.pcc.edu/ccog/eet/101a/,gptcElectronics | flukeSafety | nasaESD,Georgia Piedmont Technical College — Electronics Technology — current catalog | Fluke — Electrical Measurement Safety | NASA — NASA-HDBK-8739.21 — ESD Control,https://www.gptc.edu/college-catalog/current/programs/electronics-technology | https://www.fluke.com/en-us/learn/online-courses/electrical-measurement-safety | https://standards.nasa.gov/standard/NASA/NASA-HDBK-873921,Retained because the existing competency remains appropriately scoped; provenance and prerequisite traceability were added.,Alfred sequences the competency inside the shared CETa/Career dependency graph and uses Alfred-specific labs/projects for evidence.,1,1,Required semantic task SEM-C1-01-075; required primary lesson gate; v16.3 integrated lesson checks; Week 1 mastery/teach-back.
C1.2,"Apply ESD controls appropriate to CMOS/semiconductor handling and explain when straps, mats, grounding, and antistatic storage matter.","Apply ESD controls appropriate to CMOS/semiconductor handling and explain when straps, mats, grounding, and antistatic storage matter.",KEEP,Informed by,pccEET101A,Portland Community College — EET 101A — Electronic Lab and Essential Work Skills,https://www.pcc.edu/ccog/eet/101a/,gptcElectronics | flukeSafety | nasaESD,Georgia Piedmont Technical College — Electronics Technology — current catalog | Fluke — Electrical Measurement Safety | NASA — NASA-HDBK-8739.21 — ESD Control,https://www.gptc.edu/college-catalog/current/programs/electronics-technology | https://www.fluke.com/en-us/learn/online-courses/electrical-measurement-safety | https://standards.nasa.gov/standard/NASA/NASA-HDBK-873921,Retained because the existing competency remains appropriately scoped; provenance and prerequisite traceability were added.,Alfred sequences the competency inside the shared CETa/Career dependency graph and uses Alfred-specific labs/projects for evidence.,1,1,Required semantic task SEM-C1-01-075; required primary lesson gate; v16.3 integrated lesson checks; Week 1 mastery/teach-back.
C1.3,"Distinguish safe low-voltage troubleshooting from work that requires qualified supervision, isolation, or energized-work procedures.","Distinguish safe low-voltage troubleshooting from work that requires qualified supervision, isolation, or energized-work procedures.",KEEP,Informed by,pccEET101A,Portland Community College — EET 101A — Electronic Lab and Essential Work Skills,https://www.pcc.edu/ccog/eet/101a/,gptcElectronics | flukeSafety | nasaESD,Georgia Piedmont Technical College — Electronics Technology — current catalog | Fluke — Electrical Measurement Safety | NASA — NASA-HDBK-8739.21 — ESD Control,https://www.gptc.edu/college-catalog/current/programs/electronics-technology | https://www.fluke.com/en-us/learn/online-courses/electrical-measurement-safety | https://standards.nasa.gov/standard/NASA/NASA-HDBK-873921,Retained because the existing competency remains appropriately scoped; provenance and prerequisite traceability were added.,Alfred sequences the competency inside the shared CETa/Career dependency graph and uses Alfred-specific labs/projects for evidence.,1,1,Required semantic task SEM-C1-01-075; required primary lesson gate; v16.3 integrated lesson checks; Week 1 mastery/teach-back.
C1.4,"Perform a pre-power inspection for polarity, shorts, connector orientation, exposed conductors, and current-limit settings.","Perform a pre-power inspection for polarity, shorts, connector orientation, exposed conductors, and current-limit settings.",KEEP,Informed by,pccEET101A,Portland Community College — EET 101A — Electronic Lab and Essential Work Skills,https://www.pcc.edu/ccog/eet/101a/,gptcElectronics | flukeSafety | nasaESD,Georgia Piedmont Technical College — Electronics Technology — current catalog | Fluke — Electrical Measurement Safety | NASA — NASA-HDBK-8739.21 — ESD Control,https://www.gptc.edu/college-catalog/current/programs/electronics-technology | https://www.fluke.com/en-us/learn/online-courses/electrical-measurement-safety | https://standards.nasa.gov/standard/NASA/NASA-HDBK-873921,Retained because the existing competency remains appropriately scoped; provenance and prerequisite traceability were added.,Alfred sequences the competency inside the shared CETa/Career dependency graph and uses Alfred-specific labs/projects for evidence.,1,1,Required semantic task SEM-C1-01-075; required primary lesson gate; v16.3 integrated lesson checks; Week 1 mastery/teach-back.
C1.5,"Choose PPE, ventilation, and tool practices appropriate to soldering, rework, cutting, crimping, and bench assembly.","Choose PPE, ventilation, and tool practices appropriate to soldering, rework, cutting, crimping, and bench assembly.",KEEP,Informed by,pccEET101A,Portland Community College — EET 101A — Electronic Lab and Essential Work Skills,https://www.pcc.edu/ccog/eet/101a/,gptcElectronics | flukeSafety | nasaESD,Georgia Piedmont Technical College — Electronics Technology — current catalog | Fluke — Electrical Measurement Safety | NASA — NASA-HDBK-8739.21 — ESD Control,https://www.gptc.edu/college-catalog/current/programs/electronics-technology | https://www.fluke.com/en-us/learn/online-courses/electrical-measurement-safety | https://standards.nasa.gov/standard/NASA/NASA-HDBK-873921,Retained because the existing competency remains appropriately scoped; provenance and prerequisite traceability were added.,Alfred sequences the competency inside the shared CETa/Career dependency graph and uses Alfred-specific labs/projects for evidence.,12,1,Required semantic task SEM-C1-01-075; required primary lesson gate; v16.3 integrated lesson checks; Week 1 mastery/teach-back.
C1.6,Document a safety or setup hazard and the corrective action before continuing a test.,Document a safety or setup hazard and the corrective action before continuing a test.,KEEP,Informed by,pccEET101A,Portland Community College — EET 101A — Electronic Lab and Essential Work Skills,https://www.pcc.edu/ccog/eet/101a/,gptcElectronics | flukeSafety | nasaESD,Georgia Piedmont Technical College — Electronics Technology — current catalog | Fluke — Electrical Measurement Safety | NASA — NASA-HDBK-8739.21 — ESD Control,https://www.gptc.edu/college-catalog/current/programs/electronics-technology | https://www.fluke.com/en-us/learn/online-courses/electrical-measurement-safety | https://standards.nasa.gov/standard/NASA/NASA-HDBK-873921,Retained because the existing competency remains appropriately scoped; provenance and prerequisite traceability were added.,Alfred sequences the competency inside the shared CETa/Career dependency graph and uses Alfred-specific labs/projects for evidence.,1,1,Required semantic task SEM-C1-01-075; required primary lesson gate; v16.3 integrated lesson checks; Week 1 mastery/teach-back.
C2.1,"Read a schematic by following power rails, grounds, signal flow, reference designators, and functional blocks.","Read a schematic by following power rails, grounds, signal flow, reference designators, and functional blocks.",KEEP,Informed by,gptcElectronics,Georgia Piedmont Technical College — Electronics Technology — current catalog,https://www.gptc.edu/college-catalog/current/programs/electronics-technology,pccEET101B | onetTech,Portland Community College — EET 101B — Electronic Equipment and Lab Skills | O*NET OnLine / U.S. Department of Labor — Electrical and Electronic Engineering Technologists and Technicians,https://www.pcc.edu/ccog/eet/101b/ | https://www.onetonline.org/link/summary/17-3023.00,Retained because the existing competency remains appropriately scoped; provenance and prerequisite traceability were added.,Alfred sequences the competency inside the shared CETa/Career dependency graph and uses Alfred-specific labs/projects for evidence.,2,13,Required semantic task SEM-C2-13-076; required primary lesson gate; v16.3 integrated lesson checks; Week 13 mastery/teach-back.
C2.2,"Use a component datasheet to identify pinout, absolute maximum ratings, recommended operating conditions, and key electrical characteristics.","Use a component datasheet to identify pinout, absolute maximum ratings, recommended operating conditions, and key electrical characteristics.",KEEP,Informed by,gptcElectronics,Georgia Piedmont Technical College — Electronics Technology — current catalog,https://www.gptc.edu/college-catalog/current/programs/electronics-technology,pccEET101B | onetTech,Portland Community College — EET 101B — Electronic Equipment and Lab Skills | O*NET OnLine / U.S. Department of Labor — Electrical and Electronic Engineering Technologists and Technicians,https://www.pcc.edu/ccog/eet/101b/ | https://www.onetonline.org/link/summary/17-3023.00,Retained because the existing competency remains appropriately scoped; provenance and prerequisite traceability were added.,Alfred sequences the competency inside the shared CETa/Career dependency graph and uses Alfred-specific labs/projects for evidence.,7,13,Required semantic task SEM-C2-13-076; required primary lesson gate; v16.3 integrated lesson checks; Week 13 mastery/teach-back.
C2.3,"Distinguish a schematic, wiring diagram, block diagram, layout/PCB view, and timing diagram and choose the right artifact for a troubleshooting task.","Distinguish a schematic, wiring diagram, block diagram, layout/PCB view, and timing diagram and choose the right artifact for a troubleshooting task.",KEEP,Informed by,gptcElectronics,Georgia Piedmont Technical College — Electronics Technology — current catalog,https://www.gptc.edu/college-catalog/current/programs/electronics-technology,pccEET101B | onetTech,Portland Community College — EET 101B — Electronic Equipment and Lab Skills | O*NET OnLine / U.S. Department of Labor — Electrical and Electronic Engineering Technologists and Technicians,https://www.pcc.edu/ccog/eet/101b/ | https://www.onetonline.org/link/summary/17-3023.00,Retained because the existing competency remains appropriately scoped; provenance and prerequisite traceability were added.,Alfred sequences the competency inside the shared CETa/Career dependency graph and uses Alfred-specific labs/projects for evidence.,13,13,Required semantic task SEM-C2-13-076; required primary lesson gate; v16.3 integrated lesson checks; Week 13 mastery/teach-back.
C2.4,Trace a signal or power path from connector to load and identify useful test points before probing.,Trace a signal or power path from connector to load and identify useful test points before probing.,KEEP,Informed by,gptcElectronics,Georgia Piedmont Technical College — Electronics Technology — current catalog,https://www.gptc.edu/college-catalog/current/programs/electronics-technology,pccEET101B | onetTech,Portland Community College — EET 101B — Electronic Equipment and Lab Skills | O*NET OnLine / U.S. Department of Labor — Electrical and Electronic Engineering Technologists and Technicians,https://www.pcc.edu/ccog/eet/101b/ | https://www.onetonline.org/link/summary/17-3023.00,Retained because the existing competency remains appropriately scoped; provenance and prerequisite traceability were added.,Alfred sequences the competency inside the shared CETa/Career dependency graph and uses Alfred-specific labs/projects for evidence.,2,13,Required semantic task SEM-C2-13-076; required primary lesson gate; v16.3 integrated lesson checks; Week 13 mastery/teach-back.
C2.5,"Interpret pull-ups, pull-downs, decoupling capacitors, current-limiting resistors, protection devices, and common interface support circuitry.","Interpret pull-ups, pull-downs, decoupling capacitors, current-limiting resistors, protection devices, and common interface support circuitry.",KEEP,Informed by,gptcElectronics,Georgia Piedmont Technical College — Electronics Technology — current catalog,https://www.gptc.edu/college-catalog/current/programs/electronics-technology,pccEET101B | onetTech,Portland Community College — EET 101B — Electronic Equipment and Lab Skills | O*NET OnLine / U.S. Department of Labor — Electrical and Electronic Engineering Technologists and Technicians,https://www.pcc.edu/ccog/eet/101b/ | https://www.onetonline.org/link/summary/17-3023.00,Retained because the existing competency remains appropriately scoped; provenance and prerequisite traceability were added.,Alfred sequences the competency inside the shared CETa/Career dependency graph and uses Alfred-specific labs/projects for evidence.,4,13,Required semantic task SEM-C2-13-076; required primary lesson gate; v16.3 integrated lesson checks; Week 13 mastery/teach-back.
C2.6,Explain design intent from a schematic well enough to predict expected node voltages or signal behavior before measuring.,Explain design intent from a schematic well enough to predict expected node voltages or signal behavior before measuring.,KEEP,Informed by,gptcElectronics,Georgia Piedmont Technical College — Electronics Technology — current catalog,https://www.gptc.edu/college-catalog/current/programs/electronics-technology,pccEET101B | onetTech,Portland Community College — EET 101B — Electronic Equipment and Lab Skills | O*NET OnLine / U.S. Department of Labor — Electrical and Electronic Engineering Technologists and Technicians,https://www.pcc.edu/ccog/eet/101b/ | https://www.onetonline.org/link/summary/17-3023.00,Retained because the existing competency remains appropriately scoped; provenance and prerequisite traceability were added.,Alfred sequences the competency inside the shared CETa/Career dependency graph and uses Alfred-specific labs/projects for evidence.,2,13,Required semantic task SEM-C2-13-076; required primary lesson gate; v16.3 integrated lesson checks; Week 13 mastery/teach-back.
C3.1,"Configure and use a DMM correctly for voltage, resistance/continuity, and current without creating a hazardous or circuit-altering connection.","Select the correct DMM function, input jack, and circuit connection for voltage, resistance/continuity, or current; explain how each mode interacts with the circuit; then make the measurement safely.",REWRITE,Adapted from / informed by,flukeDMM,Fluke — Digital Multimeter Basics,https://www.fluke.com/en-us/learn/online-courses/digital-multimeter-basics-online-course,pccEET101A,Portland Community College — EET 101A — Electronic Lab and Essential Work Skills,https://www.pcc.edu/ccog/eet/101a/,Rewritten to expose the beginner prerequisite/mental model while preserving the same competency identity and assessment domain.,Alfred sequences the competency inside the shared CETa/Career dependency graph and uses Alfred-specific labs/projects for evidence.,1,3,Required semantic task SEM-C3-03-077; required primary lesson gate; v16.3 integrated lesson checks; Week 3 mastery/teach-back.
C3.2,Configure a bench power supply in constant-voltage/current-limit operation and use current consumption as a bring-up diagnostic.,"Set bench-supply voltage and a conservative current limit from expected circuit behavior, distinguish CV from current-limit operation, and use current consumption as evidence during bring-up.",REWRITE,Informed by,pccEET101A,Portland Community College — EET 101A — Electronic Lab and Essential Work Skills,https://www.pcc.edu/ccog/eet/101a/,flukeDMM,Fluke — Digital Multimeter Basics,https://www.fluke.com/en-us/learn/online-courses/digital-multimeter-basics-online-course,Rewritten to expose the beginner prerequisite/mental model while preserving the same competency identity and assessment domain.,Alfred sequences the competency inside the shared CETa/Career dependency graph and uses Alfred-specific labs/projects for evidence.,1,3,Required semantic task SEM-C3-03-077; required primary lesson gate; v16.3 integrated lesson checks; Week 3 mastery/teach-back.
C3.3,"Configure an oscilloscope probe, coupling, vertical scale, timebase, trigger, and reference ground to obtain a stable useful measurement.","Starting with a known waveform, configure probe/reference, attenuation, coupling, vertical scale, timebase, and trigger to obtain a stable oscilloscope display and document the setup.",REWRITE,Adapted from / informed by,tekScope,Tektronix — The XYZs of Oscilloscopes,https://www.tek.com/en/documents/primer/xyzs-oscilloscopes-primer,pccEET101A,Portland Community College — EET 101A — Electronic Lab and Essential Work Skills,https://www.pcc.edu/ccog/eet/101a/,Rewritten to expose the beginner prerequisite/mental model while preserving the same competency identity and assessment domain.,Alfred sequences the competency inside the shared CETa/Career dependency graph and uses Alfred-specific labs/projects for evidence.,3,3,Required semantic task SEM-C3-03-077; required primary lesson gate; v16.3 integrated lesson checks; Week 3 mastery/teach-back.
C3.4,"Measure amplitude, frequency, period, duty cycle, rise/fall behavior, and DC offset from waveforms and explain measurement limitations.","Predict and measure waveform amplitude, frequency, period, duty cycle, DC offset, and rise/fall behavior, while distinguishing resolution, accuracy, loading, bandwidth, and repeatability limits.",REWRITE,Informed by,tekScope,Tektronix — The XYZs of Oscilloscopes,https://www.tek.com/en/documents/primer/xyzs-oscilloscopes-primer,pccEET101B,Portland Community College — EET 101B — Electronic Equipment and Lab Skills,https://www.pcc.edu/ccog/eet/101b/,Rewritten to expose the beginner prerequisite/mental model while preserving the same competency identity and assessment domain.,Alfred sequences the competency inside the shared CETa/Career dependency graph and uses Alfred-specific labs/projects for evidence.,3,3,Required semantic task SEM-C3-03-077; required primary lesson gate; v16.3 integrated lesson checks; Week 3 mastery/teach-back.
C3.5,"Use a logic analyzer to capture and decode digital activity while checking sample rate, thresholds, channel mapping, and timing context.","Configure a logic analyzer with correct reference, threshold, sample rate, channel mapping, and protocol settings before decoding digital activity; recognize when an oscilloscope is needed to investigate electrical signal quality.",REWRITE,Informed by,saleae,Saleae — Logic Analyzer Learning and Support,https://support.saleae.com/,pccEET101B,Portland Community College — EET 101B — Electronic Equipment and Lab Skills,https://www.pcc.edu/ccog/eet/101b/,Rewritten to expose the beginner prerequisite/mental model while preserving the same competency identity and assessment domain.,Alfred sequences the competency inside the shared CETa/Career dependency graph and uses Alfred-specific labs/projects for evidence.,11,3,Required semantic task SEM-C3-03-077; required primary lesson gate; v16.3 integrated lesson checks; Week 3 mastery/teach-back.
C3.6,Select a measurement instrument based on the hypothesis being tested rather than probing randomly.,"Translate a troubleshooting question into a measurable hypothesis, then choose the instrument, test point, setup, and expected result that will provide the most useful evidence.",REWRITE,Adapted from / informed by,pccEET101A,Portland Community College — EET 101A — Electronic Lab and Essential Work Skills,https://www.pcc.edu/ccog/eet/101a/,pccEET101B | flukeDMM | tekScope,Portland Community College — EET 101B — Electronic Equipment and Lab Skills | Fluke — Digital Multimeter Basics | Tektronix — The XYZs of Oscilloscopes,https://www.pcc.edu/ccog/eet/101b/ | https://www.fluke.com/en-us/learn/online-courses/digital-multimeter-basics-online-course | https://www.tek.com/en/documents/primer/xyzs-oscilloscopes-primer,Rewritten to expose the beginner prerequisite/mental model while preserving the same competency identity and assessment domain.,Alfred sequences the competency inside the shared CETa/Career dependency graph and uses Alfred-specific labs/projects for evidence.,3,3,Required semantic task SEM-C3-03-077; required primary lesson gate; v16.3 integrated lesson checks; Week 3 mastery/teach-back.
C4.1,"Identify acceptable and defective solder joints and explain likely causes of cold joints, bridges, insufficient wetting, and lifted pads.","Identify acceptable and defective solder joints and explain likely causes of cold joints, bridges, insufficient wetting, and lifted pads.",KEEP,Informed by,gptcElectronics,Georgia Piedmont Technical College — Electronics Technology — current catalog,https://www.gptc.edu/college-catalog/current/programs/electronics-technology,nasaHarness | nasaESD | onetTech,"NASA — NASA-STD-8739.4 — Crimping, Cables, Harnesses, and Wiring | NASA — NASA-HDBK-8739.21 — ESD Control | O*NET OnLine / U.S. Department of Labor — Electrical and Electronic Engineering Technologists and Technicians",https://standards.nasa.gov/standard/NASA/NASA-STD-87394 | https://standards.nasa.gov/standard/NASA/NASA-HDBK-873921 | https://www.onetonline.org/link/summary/17-3023.00,Retained because the existing competency remains appropriately scoped; provenance and prerequisite traceability were added.,Alfred sequences the competency inside the shared CETa/Career dependency graph and uses Alfred-specific labs/projects for evidence.,12,12,Required semantic task SEM-C4-12-078; required primary lesson gate; v16.3 integrated lesson checks; Week 12 mastery/teach-back.
C4.2,"Plan a safe through-hole or basic SMT rework sequence that minimizes heat, mechanical stress, and ESD exposure.","Plan a safe through-hole or basic SMT rework sequence that minimizes heat, mechanical stress, and ESD exposure.",KEEP,Informed by,gptcElectronics,Georgia Piedmont Technical College — Electronics Technology — current catalog,https://www.gptc.edu/college-catalog/current/programs/electronics-technology,nasaHarness | nasaESD | onetTech,"NASA — NASA-STD-8739.4 — Crimping, Cables, Harnesses, and Wiring | NASA — NASA-HDBK-8739.21 — ESD Control | O*NET OnLine / U.S. Department of Labor — Electrical and Electronic Engineering Technologists and Technicians",https://standards.nasa.gov/standard/NASA/NASA-STD-87394 | https://standards.nasa.gov/standard/NASA/NASA-HDBK-873921 | https://www.onetonline.org/link/summary/17-3023.00,Retained because the existing competency remains appropriately scoped; provenance and prerequisite traceability were added.,Alfred sequences the competency inside the shared CETa/Career dependency graph and uses Alfred-specific labs/projects for evidence.,8,12,Required semantic task SEM-C4-12-078; required primary lesson gate; v16.3 integrated lesson checks; Week 12 mastery/teach-back.
C4.3,"Prepare, strip, crimp, strain-relieve, and inspect a low-voltage wire or harness connection using workmanship criteria.","Prepare, strip, crimp, strain-relieve, and inspect a low-voltage wire or harness connection using workmanship criteria.",KEEP,Informed by,gptcElectronics,Georgia Piedmont Technical College — Electronics Technology — current catalog,https://www.gptc.edu/college-catalog/current/programs/electronics-technology,nasaHarness | nasaESD | onetTech,"NASA — NASA-STD-8739.4 — Crimping, Cables, Harnesses, and Wiring | NASA — NASA-HDBK-8739.21 — ESD Control | O*NET OnLine / U.S. Department of Labor — Electrical and Electronic Engineering Technologists and Technicians",https://standards.nasa.gov/standard/NASA/NASA-STD-87394 | https://standards.nasa.gov/standard/NASA/NASA-HDBK-873921 | https://www.onetonline.org/link/summary/17-3023.00,Retained because the existing competency remains appropriately scoped; provenance and prerequisite traceability were added.,Alfred sequences the competency inside the shared CETa/Career dependency graph and uses Alfred-specific labs/projects for evidence.,19,12,Required semantic task SEM-C4-12-078; required primary lesson gate; v16.3 integrated lesson checks; Week 12 mastery/teach-back.
C4.4,"Use connector keying, pin numbering, continuity checks, and wire labels to prevent harness miswiring.","Use connector keying, pin numbering, continuity checks, and wire labels to prevent harness miswiring.",KEEP,Informed by,gptcElectronics,Georgia Piedmont Technical College — Electronics Technology — current catalog,https://www.gptc.edu/college-catalog/current/programs/electronics-technology,nasaHarness | nasaESD | onetTech,"NASA — NASA-STD-8739.4 — Crimping, Cables, Harnesses, and Wiring | NASA — NASA-HDBK-8739.21 — ESD Control | O*NET OnLine / U.S. Department of Labor — Electrical and Electronic Engineering Technologists and Technicians",https://standards.nasa.gov/standard/NASA/NASA-STD-87394 | https://standards.nasa.gov/standard/NASA/NASA-HDBK-873921 | https://www.onetonline.org/link/summary/17-3023.00,Retained because the existing competency remains appropriately scoped; provenance and prerequisite traceability were added.,Alfred sequences the competency inside the shared CETa/Career dependency graph and uses Alfred-specific labs/projects for evidence.,7,12,Required semantic task SEM-C4-12-078; required primary lesson gate; v16.3 integrated lesson checks; Week 12 mastery/teach-back.
C4.5,"Document rework with before/after evidence, component orientation, and verification measurements.","Document rework with before/after evidence, component orientation, and verification measurements.",KEEP,Informed by,gptcElectronics,Georgia Piedmont Technical College — Electronics Technology — current catalog,https://www.gptc.edu/college-catalog/current/programs/electronics-technology,nasaHarness | nasaESD | onetTech,"NASA — NASA-STD-8739.4 — Crimping, Cables, Harnesses, and Wiring | NASA — NASA-HDBK-8739.21 — ESD Control | O*NET OnLine / U.S. Department of Labor — Electrical and Electronic Engineering Technologists and Technicians",https://standards.nasa.gov/standard/NASA/NASA-STD-87394 | https://standards.nasa.gov/standard/NASA/NASA-HDBK-873921 | https://www.onetonline.org/link/summary/17-3023.00,Retained because the existing competency remains appropriately scoped; provenance and prerequisite traceability were added.,Alfred sequences the competency inside the shared CETa/Career dependency graph and uses Alfred-specific labs/projects for evidence.,12,12,Required semantic task SEM-C4-12-078; required primary lesson gate; v16.3 integrated lesson checks; Week 12 mastery/teach-back.
C4.6,"Explain when a damaged pad, trace, connector, or harness should be repaired, replaced, or escalated rather than improvised.","Explain when a damaged pad, trace, connector, or harness should be repaired, replaced, or escalated rather than improvised.",KEEP,Informed by,gptcElectronics,Georgia Piedmont Technical College — Electronics Technology — current catalog,https://www.gptc.edu/college-catalog/current/programs/electronics-technology,nasaHarness | nasaESD | onetTech,"NASA — NASA-STD-8739.4 — Crimping, Cables, Harnesses, and Wiring | NASA — NASA-HDBK-8739.21 — ESD Control | O*NET OnLine / U.S. Department of Labor — Electrical and Electronic Engineering Technologists and Technicians",https://standards.nasa.gov/standard/NASA/NASA-STD-87394 | https://standards.nasa.gov/standard/NASA/NASA-HDBK-873921 | https://www.onetonline.org/link/summary/17-3023.00,Retained because the existing competency remains appropriately scoped; provenance and prerequisite traceability were added.,Alfred sequences the competency inside the shared CETa/Career dependency graph and uses Alfred-specific labs/projects for evidence.,12,12,Required semantic task SEM-C4-12-078; required primary lesson gate; v16.3 integrated lesson checks; Week 12 mastery/teach-back.
C5.1,Reproduce a fault reliably and define the observed symptom before attempting a fix.,Reproduce a fault reliably and define the observed symptom before attempting a fix.,KEEP,Informed by / cross-checked against,pccEET101B,Portland Community College — EET 101B — Electronic Equipment and Lab Skills,https://www.pcc.edu/ccog/eet/101b/,onetTech | nasaSystems,O*NET OnLine / U.S. Department of Labor — Electrical and Electronic Engineering Technologists and Technicians | NASA — NASA Systems Engineering Handbook,https://www.onetonline.org/link/summary/17-3023.00 | https://www.nasa.gov/reference/systems-engineering-handbook/,Retained because the existing competency remains appropriately scoped; provenance and prerequisite traceability were added.,Alfred sequences the competency inside the shared CETa/Career dependency graph and uses Alfred-specific labs/projects for evidence.,2,13,Required semantic task SEM-C5-13-079; required primary lesson gate; v16.3 integrated lesson checks; Week 13 mastery/teach-back.
C5.2,Form a testable hypothesis from expected versus actual behavior and choose the next measurement that best separates competing causes.,Form a testable hypothesis from expected versus actual behavior and choose the next measurement that best separates competing causes.,KEEP,Informed by / cross-checked against,pccEET101B,Portland Community College — EET 101B — Electronic Equipment and Lab Skills,https://www.pcc.edu/ccog/eet/101b/,onetTech | nasaSystems,O*NET OnLine / U.S. Department of Labor — Electrical and Electronic Engineering Technologists and Technicians | NASA — NASA Systems Engineering Handbook,https://www.onetonline.org/link/summary/17-3023.00 | https://www.nasa.gov/reference/systems-engineering-handbook/,Retained because the existing competency remains appropriately scoped; provenance and prerequisite traceability were added.,Alfred sequences the competency inside the shared CETa/Career dependency graph and uses Alfred-specific labs/projects for evidence.,2,13,Required semantic task SEM-C5-13-079; required primary lesson gate; v16.3 integrated lesson checks; Week 13 mastery/teach-back.
C5.3,"Use divide-and-conquer, known-good substitution, signal tracing, or rail-by-rail checks appropriately without changing multiple variables at once.","Use divide-and-conquer, known-good substitution, signal tracing, or rail-by-rail checks appropriately without changing multiple variables at once.",KEEP,Informed by / cross-checked against,pccEET101B,Portland Community College — EET 101B — Electronic Equipment and Lab Skills,https://www.pcc.edu/ccog/eet/101b/,onetTech | nasaSystems,O*NET OnLine / U.S. Department of Labor — Electrical and Electronic Engineering Technologists and Technicians | NASA — NASA Systems Engineering Handbook,https://www.onetonline.org/link/summary/17-3023.00 | https://www.nasa.gov/reference/systems-engineering-handbook/,Retained because the existing competency remains appropriately scoped; provenance and prerequisite traceability were added.,Alfred sequences the competency inside the shared CETa/Career dependency graph and uses Alfred-specific labs/projects for evidence.,2,13,Required semantic task SEM-C5-13-079; required primary lesson gate; v16.3 integrated lesson checks; Week 13 mastery/teach-back.
C5.4,Distinguish root cause from symptom and verify that a repair removes the cause without creating a new failure.,Distinguish root cause from symptom and verify that a repair removes the cause without creating a new failure.,KEEP,Informed by / cross-checked against,pccEET101B,Portland Community College — EET 101B — Electronic Equipment and Lab Skills,https://www.pcc.edu/ccog/eet/101b/,onetTech | nasaSystems,O*NET OnLine / U.S. Department of Labor — Electrical and Electronic Engineering Technologists and Technicians | NASA — NASA Systems Engineering Handbook,https://www.onetonline.org/link/summary/17-3023.00 | https://www.nasa.gov/reference/systems-engineering-handbook/,Retained because the existing competency remains appropriately scoped; provenance and prerequisite traceability were added.,Alfred sequences the competency inside the shared CETa/Career dependency graph and uses Alfred-specific labs/projects for evidence.,5,13,Required semantic task SEM-C5-13-079; required primary lesson gate; v16.3 integrated lesson checks; Week 13 mastery/teach-back.
C5.5,Use fault injection or controlled perturbation to demonstrate that a diagnostic method can detect an expected failure mode.,Use fault injection or controlled perturbation to demonstrate that a diagnostic method can detect an expected failure mode.,KEEP,Informed by / cross-checked against,pccEET101B,Portland Community College — EET 101B — Electronic Equipment and Lab Skills,https://www.pcc.edu/ccog/eet/101b/,onetTech | nasaSystems,O*NET OnLine / U.S. Department of Labor — Electrical and Electronic Engineering Technologists and Technicians | NASA — NASA Systems Engineering Handbook,https://www.onetonline.org/link/summary/17-3023.00 | https://www.nasa.gov/reference/systems-engineering-handbook/,Retained because the existing competency remains appropriately scoped; provenance and prerequisite traceability were added.,Alfred sequences the competency inside the shared CETa/Career dependency graph and uses Alfred-specific labs/projects for evidence.,28,13,Required semantic task SEM-C5-13-079; required primary lesson gate; v16.3 integrated lesson checks; Week 13 mastery/teach-back.
C5.6,"Write a concise failure report containing symptom, setup, evidence, root cause, corrective action, and verification.","Write a concise failure report containing symptom, setup, evidence, root cause, corrective action, and verification.",KEEP,Informed by / cross-checked against,pccEET101B,Portland Community College — EET 101B — Electronic Equipment and Lab Skills,https://www.pcc.edu/ccog/eet/101b/,onetTech | nasaSystems,O*NET OnLine / U.S. Department of Labor — Electrical and Electronic Engineering Technologists and Technicians | NASA — NASA Systems Engineering Handbook,https://www.onetonline.org/link/summary/17-3023.00 | https://www.nasa.gov/reference/systems-engineering-handbook/,Retained because the existing competency remains appropriately scoped; provenance and prerequisite traceability were added.,Alfred sequences the competency inside the shared CETa/Career dependency graph and uses Alfred-specific labs/projects for evidence.,13,13,Required semantic task SEM-C5-13-079; required primary lesson gate; v16.3 integrated lesson checks; Week 13 mastery/teach-back.
C6.1,"Write and explain C expressions using integer types, operators, precedence, conditionals, and loops.","Read, write, and trace small C programs using typed variables, expressions, assignments, conditionals, and loops; predict control flow and resulting values before running the code.",REWRITE,Informed by,tamuESET,Texas A&M University — Electronic Systems Engineering Technology (ESET) course descriptions,https://catalog.tamu.edu/undergraduate/course-descriptions/eset/,beejC,Brian Hall / open textbook — Beej's Guide to C Programming,https://beej.us/guide/bgc/,Rewritten to expose the beginner prerequisite/mental model while preserving the same competency identity and assessment domain.,Alfred sequences the competency inside the shared CETa/Career dependency graph and uses Alfred-specific labs/projects for evidence.,14,14,Required semantic task SEM-C6-14-080; required primary lesson gate; v16.3 integrated lesson checks; Week 14 mastery/teach-back.
C6.2,"Use functions, prototypes, parameters, return values, and scope to organize code into testable units.","Use function declarations/prototypes, parameters, return values, and scope to divide C programs into small testable units and explain the data passed into and out of each unit.",REWRITE,Informed by,tamuESET,Texas A&M University — Electronic Systems Engineering Technology (ESET) course descriptions,https://catalog.tamu.edu/undergraduate/course-descriptions/eset/,beejC,Brian Hall / open textbook — Beej's Guide to C Programming,https://beej.us/guide/bgc/,Rewritten to expose the beginner prerequisite/mental model while preserving the same competency identity and assessment domain.,Alfred sequences the competency inside the shared CETa/Career dependency graph and uses Alfred-specific labs/projects for evidence.,14,14,Required semantic task SEM-C6-14-080; required primary lesson gate; v16.3 integrated lesson checks; Week 14 mastery/teach-back.
C6.3,"Use arrays, strings, structs, enums, and pointers without confusing values, addresses, and object lifetimes.","Use arrays, strings, structs, enums, addresses, and pointers while clearly distinguishing stored values from memory addresses and respecting bounds and object lifetime.",REWRITE,Informed by,cs50C,Harvard University — CS50x Week 4 — Memory and Pointers,https://cs50.harvard.edu/x/notes/4/,beejC,Brian Hall / open textbook — Beej's Guide to C Programming,https://beej.us/guide/bgc/,Rewritten to expose the beginner prerequisite/mental model while preserving the same competency identity and assessment domain.,Alfred sequences the competency inside the shared CETa/Career dependency graph and uses Alfred-specific labs/projects for evidence.,14,14,Required semantic task SEM-C6-14-080; required primary lesson gate; v16.3 integrated lesson checks; Week 14 mastery/teach-back.
C6.4,"Use bitwise AND, OR, XOR, shifts, and masks to inspect or modify individual bits.","Use bitwise AND, OR, XOR, shifts, and masks to inspect or modify specific bits, and explain the before/after bit pattern rather than treating the operation as a memorized formula.",REWRITE,Informed by,armEmbedded,Arm — Embedded C Programming with Arm Cortex-M,https://developer.arm.com/community/arm-community-blogs/b/embedded-and-microcontrollers-blog/posts/embedded-c-programming-with-arm-cortex-m-video-course,beejC,Brian Hall / open textbook — Beej's Guide to C Programming,https://beej.us/guide/bgc/,Rewritten to expose the beginner prerequisite/mental model while preserving the same competency identity and assessment domain.,Alfred sequences the competency inside the shared CETa/Career dependency graph and uses Alfred-specific labs/projects for evidence.,11,14,Required semantic task SEM-C6-14-080; required primary lesson gate; v16.3 integrated lesson checks; Week 14 mastery/teach-back.
C6.5,"Identify common C defects such as off-by-one errors, uninitialized variables, invalid pointer use, integer overflow, and missing bounds checks.","Recognize and prevent common C defects including off-by-one errors, uninitialized data, invalid pointer use, out-of-bounds access, integer conversion/overflow problems, and missing validation.",REWRITE,Informed by,tamuESET,Texas A&M University — Electronic Systems Engineering Technology (ESET) course descriptions,https://catalog.tamu.edu/undergraduate/course-descriptions/eset/,beejC | cs50C | armEmbedded,Brian Hall / open textbook — Beej's Guide to C Programming | Harvard University — CS50x Week 4 — Memory and Pointers | Arm — Embedded C Programming with Arm Cortex-M,https://beej.us/guide/bgc/ | https://cs50.harvard.edu/x/notes/4/ | https://developer.arm.com/community/arm-community-blogs/b/embedded-and-microcontrollers-blog/posts/embedded-c-programming-with-arm-cortex-m-video-course,Rewritten to expose the beginner prerequisite/mental model while preserving the same competency identity and assessment domain.,Alfred sequences the competency inside the shared CETa/Career dependency graph and uses Alfred-specific labs/projects for evidence.,14,14,Required semantic task SEM-C6-14-080; required primary lesson gate; v16.3 integrated lesson checks; Week 14 mastery/teach-back.
C6.6,"Compile with warnings enabled, read diagnostics, and debug a small program methodically rather than changing code at random.","Build small C programs with warnings enabled, interpret compiler/runtime diagnostics, reproduce failures with controlled inputs, inspect state, and debug by testing one hypothesis at a time.",REWRITE,Informed by,tamuESET,Texas A&M University — Electronic Systems Engineering Technology (ESET) course descriptions,https://catalog.tamu.edu/undergraduate/course-descriptions/eset/,beejC | cs50C | armEmbedded,Brian Hall / open textbook — Beej's Guide to C Programming | Harvard University — CS50x Week 4 — Memory and Pointers | Arm — Embedded C Programming with Arm Cortex-M,https://beej.us/guide/bgc/ | https://cs50.harvard.edu/x/notes/4/ | https://developer.arm.com/community/arm-community-blogs/b/embedded-and-microcontrollers-blog/posts/embedded-c-programming-with-arm-cortex-m-video-course,Rewritten to expose the beginner prerequisite/mental model while preserving the same competency identity and assessment domain.,Alfred sequences the competency inside the shared CETa/Career dependency graph and uses Alfred-specific labs/projects for evidence.,14,14,Required semantic task SEM-C6-14-080; required primary lesson gate; v16.3 integrated lesson checks; Week 14 mastery/teach-back.
C7.1,"Explain the role of CPU, registers, memory, peripherals, clocking, interrupts, and buses in a microcontroller system.","Explain an embedded microcontroller as CPU + memory + clocks + buses + peripherals + registers, and connect each part to what executing C code can observe or control.",REWRITE,Informed by,tamuESET,Texas A&M University — Electronic Systems Engineering Technology (ESET) course descriptions,https://catalog.tamu.edu/undergraduate/course-descriptions/eset/,armKit | stTraining,Arm University Program — Efficient Embedded Systems Education Kit | STMicroelectronics — STM32 Online Training,https://www.arm.com/resources/education/education-kits/efficient-embedded-systems | https://www.st.com/content/st_com/en/support/learning/stm32-online-training.html,Rewritten to expose the beginner prerequisite/mental model while preserving the same competency identity and assessment domain.,Alfred sequences the competency inside the shared CETa/Career dependency graph and uses Alfred-specific labs/projects for evidence.,11,15,Required semantic task SEM-C7-15-081; required primary lesson gate; v16.3 integrated lesson checks; Week 15 mastery/teach-back.
C7.2,Use volatile and fixed-width integer types appropriately when code interacts with hardware registers or asynchronous events.,"Use fixed-width integer types and volatile appropriately for hardware registers or asynchronously changed state, and explain what volatile does and does not guarantee.",REWRITE,Informed by,tamuESET,Texas A&M University — Electronic Systems Engineering Technology (ESET) course descriptions,https://catalog.tamu.edu/undergraduate/course-descriptions/eset/,armEmbedded | armKit | stTraining,Arm — Embedded C Programming with Arm Cortex-M | Arm University Program — Efficient Embedded Systems Education Kit | STMicroelectronics — STM32 Online Training,https://developer.arm.com/community/arm-community-blogs/b/embedded-and-microcontrollers-blog/posts/embedded-c-programming-with-arm-cortex-m-video-course | https://www.arm.com/resources/education/education-kits/efficient-embedded-systems | https://www.st.com/content/st_com/en/support/learning/stm32-online-training.html,Rewritten to expose the beginner prerequisite/mental model while preserving the same competency identity and assessment domain.,Alfred sequences the competency inside the shared CETa/Career dependency graph and uses Alfred-specific labs/projects for evidence.,15,15,Required semantic task SEM-C7-15-081; required primary lesson gate; v16.3 integrated lesson checks; Week 15 mastery/teach-back.
C7.3,Apply read-modify-write and bit-mask operations to peripheral control registers while preserving unrelated bits.,Apply read-modify-write and bit masks to memory-mapped peripheral registers while preserving unrelated bits and checking the relevant register documentation.,REWRITE,Informed by,tamuESET,Texas A&M University — Electronic Systems Engineering Technology (ESET) course descriptions,https://catalog.tamu.edu/undergraduate/course-descriptions/eset/,armEmbedded | armKit | stTraining,Arm — Embedded C Programming with Arm Cortex-M | Arm University Program — Efficient Embedded Systems Education Kit | STMicroelectronics — STM32 Online Training,https://developer.arm.com/community/arm-community-blogs/b/embedded-and-microcontrollers-blog/posts/embedded-c-programming-with-arm-cortex-m-video-course | https://www.arm.com/resources/education/education-kits/efficient-embedded-systems | https://www.st.com/content/st_com/en/support/learning/stm32-online-training.html,Rewritten to expose the beginner prerequisite/mental model while preserving the same competency identity and assessment domain.,Alfred sequences the competency inside the shared CETa/Career dependency graph and uses Alfred-specific labs/projects for evidence.,11,15,Required semantic task SEM-C7-15-081; required primary lesson gate; v16.3 integrated lesson checks; Week 15 mastery/teach-back.
C7.4,Design a nonblocking state machine for a simple embedded behavior instead of relying on long blocking delays.,"Convert a simple blocking embedded behavior into an explicit nonblocking state machine with named states, transitions, events, and bounded timing behavior.",REWRITE,Informed by,tamuESET,Texas A&M University — Electronic Systems Engineering Technology (ESET) course descriptions,https://catalog.tamu.edu/undergraduate/course-descriptions/eset/,armEmbedded | armKit | stTraining,Arm — Embedded C Programming with Arm Cortex-M | Arm University Program — Efficient Embedded Systems Education Kit | STMicroelectronics — STM32 Online Training,https://developer.arm.com/community/arm-community-blogs/b/embedded-and-microcontrollers-blog/posts/embedded-c-programming-with-arm-cortex-m-video-course | https://www.arm.com/resources/education/education-kits/efficient-embedded-systems | https://www.st.com/content/st_com/en/support/learning/stm32-online-training.html,Rewritten to expose the beginner prerequisite/mental model while preserving the same competency identity and assessment domain.,Alfred sequences the competency inside the shared CETa/Career dependency graph and uses Alfred-specific labs/projects for evidence.,15,15,Required semantic task SEM-C7-15-081; required primary lesson gate; v16.3 integrated lesson checks; Week 15 mastery/teach-back.
C7.5,Explain polling versus interrupts and select the simpler correct approach for a given timing requirement.,"Explain polling and interrupts from the CPU/peripheral point of view and choose the simpler correct mechanism for a stated latency, timing, and complexity requirement.",REWRITE,Informed by,tamuESET,Texas A&M University — Electronic Systems Engineering Technology (ESET) course descriptions,https://catalog.tamu.edu/undergraduate/course-descriptions/eset/,armEmbedded | armKit | stTraining,Arm — Embedded C Programming with Arm Cortex-M | Arm University Program — Efficient Embedded Systems Education Kit | STMicroelectronics — STM32 Online Training,https://developer.arm.com/community/arm-community-blogs/b/embedded-and-microcontrollers-blog/posts/embedded-c-programming-with-arm-cortex-m-video-course | https://www.arm.com/resources/education/education-kits/efficient-embedded-systems | https://www.st.com/content/st_com/en/support/learning/stm32-online-training.html,Rewritten to expose the beginner prerequisite/mental model while preserving the same competency identity and assessment domain.,Alfred sequences the competency inside the shared CETa/Career dependency graph and uses Alfred-specific labs/projects for evidence.,15,15,Required semantic task SEM-C7-15-081; required primary lesson gate; v16.3 integrated lesson checks; Week 15 mastery/teach-back.
C7.6,"Separate hardware abstraction, application logic, and diagnostic output so firmware is easier to test and troubleshoot.","Separate hardware-access code, application/state logic, and diagnostic output so each layer can be reasoned about, tested, and troubleshot independently.",REWRITE,Informed by,tamuESET,Texas A&M University — Electronic Systems Engineering Technology (ESET) course descriptions,https://catalog.tamu.edu/undergraduate/course-descriptions/eset/,armEmbedded | armKit | stTraining,Arm — Embedded C Programming with Arm Cortex-M | Arm University Program — Efficient Embedded Systems Education Kit | STMicroelectronics — STM32 Online Training,https://developer.arm.com/community/arm-community-blogs/b/embedded-and-microcontrollers-blog/posts/embedded-c-programming-with-arm-cortex-m-video-course | https://www.arm.com/resources/education/education-kits/efficient-embedded-systems | https://www.st.com/content/st_com/en/support/learning/stm32-online-training.html,Rewritten to expose the beginner prerequisite/mental model while preserving the same competency identity and assessment domain.,Alfred sequences the competency inside the shared CETa/Career dependency graph and uses Alfred-specific labs/projects for evidence.,15,15,Required semantic task SEM-C7-15-081; required primary lesson gate; v16.3 integrated lesson checks; Week 15 mastery/teach-back.
C8.1,"Create an STM32 project with correct MCU/board selection, clock configuration, pin mapping, and generated initialization code.","Create an STM32 project by identifying the exact board/MCU, configuring clocks and pins, generating/inspecting initialization, building the project, and identifying the produced firmware image.",REWRITE,Adapted from / informed by,stTraining,STMicroelectronics — STM32 Online Training,https://www.st.com/content/st_com/en/support/learning/stm32-online-training.html,stMooc,STMicroelectronics — STM32CubeMX and STM32Cube HAL Basics,https://www.st.com/content/st_com/en/support/learning/stm32-moocs/stm32cubemx-and-cubeHhal-basics.html,Rewritten to expose the beginner prerequisite/mental model while preserving the same competency identity and assessment domain.,Alfred sequences the competency inside the shared CETa/Career dependency graph and uses Alfred-specific labs/projects for evidence.,16,16,Required semantic task SEM-C8-16-082; required primary lesson gate; v16.3 integrated lesson checks; Week 16 mastery/teach-back.
C8.2,Bring up a GPIO input/output and verify both firmware state and physical pin behavior.,"Bring up one STM32 GPIO path from project configuration through firmware state to physical pin behavior, using an independent measurement to prove the result.",REWRITE,Adapted from / informed by,stTraining,STMicroelectronics — STM32 Online Training,https://www.st.com/content/st_com/en/support/learning/stm32-online-training.html,stMooc | tamuESET | armKit,STMicroelectronics — STM32CubeMX and STM32Cube HAL Basics | Texas A&M University — Electronic Systems Engineering Technology (ESET) course descriptions | Arm University Program — Efficient Embedded Systems Education Kit,https://www.st.com/content/st_com/en/support/learning/stm32-moocs/stm32cubemx-and-cubeHhal-basics.html | https://catalog.tamu.edu/undergraduate/course-descriptions/eset/ | https://www.arm.com/resources/education/education-kits/efficient-embedded-systems,Rewritten to expose the beginner prerequisite/mental model while preserving the same competency identity and assessment domain.,Alfred sequences the competency inside the shared CETa/Career dependency graph and uses Alfred-specific labs/projects for evidence.,16,16,Required semantic task SEM-C8-16-082; required primary lesson gate; v16.3 integrated lesson checks; Week 16 mastery/teach-back.
C8.3,"Use SWD debugging to halt, step, inspect variables/registers, set breakpoints, and distinguish code-flow problems from hardware problems.","Explain the debug-probe/SWD path and use it to connect, halt, step, set breakpoints, and inspect variables/registers so code-flow faults can be separated from hardware faults.",REWRITE,Adapted from / informed by,stTraining,STMicroelectronics — STM32 Online Training,https://www.st.com/content/st_com/en/support/learning/stm32-online-training.html,armKit,Arm University Program — Efficient Embedded Systems Education Kit,https://www.arm.com/resources/education/education-kits/efficient-embedded-systems,Rewritten to expose the beginner prerequisite/mental model while preserving the same competency identity and assessment domain.,Alfred sequences the competency inside the shared CETa/Career dependency graph and uses Alfred-specific labs/projects for evidence.,16,16,Required semantic task SEM-C8-16-082; required primary lesson gate; v16.3 integrated lesson checks; Week 16 mastery/teach-back.
C8.4,"Configure and validate a timer, ADC, or interrupt source while checking assumptions about clocks and units.","Configure and validate a timer, ADC, or interrupt source by tracing clock/units/configuration assumptions through firmware state and physical or measured evidence.",REWRITE,Adapted from / informed by,stTraining,STMicroelectronics — STM32 Online Training,https://www.st.com/content/st_com/en/support/learning/stm32-online-training.html,stMooc | tamuESET | armKit,STMicroelectronics — STM32CubeMX and STM32Cube HAL Basics | Texas A&M University — Electronic Systems Engineering Technology (ESET) course descriptions | Arm University Program — Efficient Embedded Systems Education Kit,https://www.st.com/content/st_com/en/support/learning/stm32-moocs/stm32cubemx-and-cubeHhal-basics.html | https://catalog.tamu.edu/undergraduate/course-descriptions/eset/ | https://www.arm.com/resources/education/education-kits/efficient-embedded-systems,Rewritten to expose the beginner prerequisite/mental model while preserving the same competency identity and assessment domain.,Alfred sequences the competency inside the shared CETa/Career dependency graph and uses Alfred-specific labs/projects for evidence.,18,16,Required semantic task SEM-C8-16-082; required primary lesson gate; v16.3 integrated lesson checks; Week 16 mastery/teach-back.
C8.5,"Use current draw, reset behavior, clock configuration, boot configuration, and debug connectivity as early board bring-up checks.","Use staged evidence—power/current, reset/boot, clock/configuration, debug connectivity, minimal firmware, and I/O—to establish a known-good STM32 bring-up baseline before adding complexity.",REWRITE,Adapted from / informed by,stTraining,STMicroelectronics — STM32 Online Training,https://www.st.com/content/st_com/en/support/learning/stm32-online-training.html,stMooc | tamuESET | armKit,STMicroelectronics — STM32CubeMX and STM32Cube HAL Basics | Texas A&M University — Electronic Systems Engineering Technology (ESET) course descriptions | Arm University Program — Efficient Embedded Systems Education Kit,https://www.st.com/content/st_com/en/support/learning/stm32-moocs/stm32cubemx-and-cubeHhal-basics.html | https://catalog.tamu.edu/undergraduate/course-descriptions/eset/ | https://www.arm.com/resources/education/education-kits/efficient-embedded-systems,Rewritten to expose the beginner prerequisite/mental model while preserving the same competency identity and assessment domain.,Alfred sequences the competency inside the shared CETa/Career dependency graph and uses Alfred-specific labs/projects for evidence.,16,16,Required semantic task SEM-C8-16-082; required primary lesson gate; v16.3 integrated lesson checks; Week 16 mastery/teach-back.
C8.6,"Capture a reproducible STM32 fault with firmware revision, configuration, measurements, and a verified fix.","Capture an STM32 fault reproducibly with board/MCU identity, firmware revision, configuration, measurements/debug evidence, hypothesis, corrective action, and verified retest.",REWRITE,Adapted from / informed by,stTraining,STMicroelectronics — STM32 Online Training,https://www.st.com/content/st_com/en/support/learning/stm32-online-training.html,stMooc | tamuESET | armKit,STMicroelectronics — STM32CubeMX and STM32Cube HAL Basics | Texas A&M University — Electronic Systems Engineering Technology (ESET) course descriptions | Arm University Program — Efficient Embedded Systems Education Kit,https://www.st.com/content/st_com/en/support/learning/stm32-moocs/stm32cubemx-and-cubeHhal-basics.html | https://catalog.tamu.edu/undergraduate/course-descriptions/eset/ | https://www.arm.com/resources/education/education-kits/efficient-embedded-systems,Rewritten to expose the beginner prerequisite/mental model while preserving the same competency identity and assessment domain.,Alfred sequences the competency inside the shared CETa/Career dependency graph and uses Alfred-specific labs/projects for evidence.,16,16,Required semantic task SEM-C8-16-082; required primary lesson gate; v16.3 integrated lesson checks; Week 16 mastery/teach-back.
C9.1,"Configure UART parameters and diagnose mismatched baud rate, data bits, parity, stop bits, logic level, or crossed TX/RX connections.","Configure UART parameters and diagnose mismatched baud rate, data bits, parity, stop bits, logic level, or crossed TX/RX connections.",KEEP,Informed by,stTraining,STMicroelectronics — STM32 Online Training,https://www.st.com/content/st_com/en/support/learning/stm32-online-training.html,saleae | sparkfunSerial | sparkfunI2C | sparkfunSPI,Saleae — Logic Analyzer Learning and Support | SparkFun — Serial Communication | SparkFun — I2C | SparkFun — Serial Peripheral Interface (SPI),https://support.saleae.com/ | https://learn.sparkfun.com/tutorials/serial-communication/all | https://learn.sparkfun.com/tutorials/i2c/all | https://learn.sparkfun.com/tutorials/serial-peripheral-interface-spi/all,Retained because the existing competency remains appropriately scoped; provenance and prerequisite traceability were added.,Alfred sequences the competency inside the shared CETa/Career dependency graph and uses Alfred-specific labs/projects for evidence.,17,18,Required semantic task SEM-C9-18-083; required primary lesson gate; v16.3 integrated lesson checks; Week 18 mastery/teach-back.
C9.2,"Explain I²C addressing, open-drain signaling, pull-up resistors, START/STOP conditions, ACK/NACK, and common stuck-bus faults.","Explain I²C addressing, open-drain signaling, pull-up resistors, START/STOP conditions, ACK/NACK, and common stuck-bus faults.",KEEP,Informed by,stTraining,STMicroelectronics — STM32 Online Training,https://www.st.com/content/st_com/en/support/learning/stm32-online-training.html,saleae | sparkfunSerial | sparkfunI2C | sparkfunSPI,Saleae — Logic Analyzer Learning and Support | SparkFun — Serial Communication | SparkFun — I2C | SparkFun — Serial Peripheral Interface (SPI),https://support.saleae.com/ | https://learn.sparkfun.com/tutorials/serial-communication/all | https://learn.sparkfun.com/tutorials/i2c/all | https://learn.sparkfun.com/tutorials/serial-peripheral-interface-spi/all,Retained because the existing competency remains appropriately scoped; provenance and prerequisite traceability were added.,Alfred sequences the competency inside the shared CETa/Career dependency graph and uses Alfred-specific labs/projects for evidence.,18,18,Required semantic task SEM-C9-18-083; required primary lesson gate; v16.3 integrated lesson checks; Week 18 mastery/teach-back.
C9.3,"Explain SPI clock, MOSI/MISO, chip select, mode/polarity/phase, word length, and common configuration mismatches.","Explain SPI clock, MOSI/MISO, chip select, mode/polarity/phase, word length, and common configuration mismatches.",KEEP,Informed by,stTraining,STMicroelectronics — STM32 Online Training,https://www.st.com/content/st_com/en/support/learning/stm32-online-training.html,saleae | sparkfunSerial | sparkfunI2C | sparkfunSPI,Saleae — Logic Analyzer Learning and Support | SparkFun — Serial Communication | SparkFun — I2C | SparkFun — Serial Peripheral Interface (SPI),https://support.saleae.com/ | https://learn.sparkfun.com/tutorials/serial-communication/all | https://learn.sparkfun.com/tutorials/i2c/all | https://learn.sparkfun.com/tutorials/serial-peripheral-interface-spi/all,Retained because the existing competency remains appropriately scoped; provenance and prerequisite traceability were added.,Alfred sequences the competency inside the shared CETa/Career dependency graph and uses Alfred-specific labs/projects for evidence.,18,18,Required semantic task SEM-C9-18-083; required primary lesson gate; v16.3 integrated lesson checks; Week 18 mastery/teach-back.
C9.4,"Use a logic analyzer capture to correlate firmware actions with actual UART, I²C, or SPI bus transactions.","Use a logic analyzer capture to correlate firmware actions with actual UART, I²C, or SPI bus transactions.",KEEP,Informed by,stTraining,STMicroelectronics — STM32 Online Training,https://www.st.com/content/st_com/en/support/learning/stm32-online-training.html,saleae | sparkfunSerial | sparkfunI2C | sparkfunSPI,Saleae — Logic Analyzer Learning and Support | SparkFun — Serial Communication | SparkFun — I2C | SparkFun — Serial Peripheral Interface (SPI),https://support.saleae.com/ | https://learn.sparkfun.com/tutorials/serial-communication/all | https://learn.sparkfun.com/tutorials/i2c/all | https://learn.sparkfun.com/tutorials/serial-peripheral-interface-spi/all,Retained because the existing competency remains appropriately scoped; provenance and prerequisite traceability were added.,Alfred sequences the competency inside the shared CETa/Career dependency graph and uses Alfred-specific labs/projects for evidence.,17,18,Required semantic task SEM-C9-18-083; required primary lesson gate; v16.3 integrated lesson checks; Week 18 mastery/teach-back.
C9.5,"Read a sensor/interface datasheet to determine register address, transaction sequence, timing, and expected response.","Read a sensor/interface datasheet to determine register address, transaction sequence, timing, and expected response.",KEEP,Informed by,stTraining,STMicroelectronics — STM32 Online Training,https://www.st.com/content/st_com/en/support/learning/stm32-online-training.html,saleae | sparkfunSerial | sparkfunI2C | sparkfunSPI,Saleae — Logic Analyzer Learning and Support | SparkFun — Serial Communication | SparkFun — I2C | SparkFun — Serial Peripheral Interface (SPI),https://support.saleae.com/ | https://learn.sparkfun.com/tutorials/serial-communication/all | https://learn.sparkfun.com/tutorials/i2c/all | https://learn.sparkfun.com/tutorials/serial-peripheral-interface-spi/all,Retained because the existing competency remains appropriately scoped; provenance and prerequisite traceability were added.,Alfred sequences the competency inside the shared CETa/Career dependency graph and uses Alfred-specific labs/projects for evidence.,18,18,Required semantic task SEM-C9-18-083; required primary lesson gate; v16.3 integrated lesson checks; Week 18 mastery/teach-back.
C9.6,"Diagnose whether an interface failure is most likely firmware configuration, electrical connection, signal integrity, device addressing, or protocol sequencing.","Diagnose whether an interface failure is most likely firmware configuration, electrical connection, signal integrity, device addressing, or protocol sequencing.",KEEP,Informed by,stTraining,STMicroelectronics — STM32 Online Training,https://www.st.com/content/st_com/en/support/learning/stm32-online-training.html,saleae | sparkfunSerial | sparkfunI2C | sparkfunSPI,Saleae — Logic Analyzer Learning and Support | SparkFun — Serial Communication | SparkFun — I2C | SparkFun — Serial Peripheral Interface (SPI),https://support.saleae.com/ | https://learn.sparkfun.com/tutorials/serial-communication/all | https://learn.sparkfun.com/tutorials/i2c/all | https://learn.sparkfun.com/tutorials/serial-peripheral-interface-spi/all,Retained because the existing competency remains appropriately scoped; provenance and prerequisite traceability were added.,Alfred sequences the competency inside the shared CETa/Career dependency graph and uses Alfred-specific labs/projects for evidence.,17,18,Required semantic task SEM-C9-18-083; required primary lesson gate; v16.3 integrated lesson checks; Week 18 mastery/teach-back.
C10.1,"Use Python to open, configure, read from, and write to a serial device with explicit timeouts and error handling.","Use Python to open, configure, read from, and write to a serial device with explicit timeouts and error handling.",KEEP,Informed by,pythonDocs,Python Software Foundation — Python 3 Documentation,https://docs.python.org/3/,pyserial | pytest | onetTech,pySerial project — pySerial Documentation | pytest project — pytest Documentation | O*NET OnLine / U.S. Department of Labor — Electrical and Electronic Engineering Technologists and Technicians,https://pyserial.readthedocs.io/ | https://docs.pytest.org/ | https://www.onetonline.org/link/summary/17-3023.00,Retained because the existing competency remains appropriately scoped; provenance and prerequisite traceability were added.,Alfred sequences the competency inside the shared CETa/Career dependency graph and uses Alfred-specific labs/projects for evidence.,17,27,Required semantic task SEM-C10-27-084; required primary lesson gate; v16.3 integrated lesson checks; Week 27 mastery/teach-back.
C10.2,Parse incoming measurements into structured values and reject malformed or out-of-range data safely.,Parse incoming measurements into structured values and reject malformed or out-of-range data safely.,KEEP,Informed by,pythonDocs,Python Software Foundation — Python 3 Documentation,https://docs.python.org/3/,pyserial | pytest | onetTech,pySerial project — pySerial Documentation | pytest project — pytest Documentation | O*NET OnLine / U.S. Department of Labor — Electrical and Electronic Engineering Technologists and Technicians,https://pyserial.readthedocs.io/ | https://docs.pytest.org/ | https://www.onetonline.org/link/summary/17-3023.00,Retained because the existing competency remains appropriately scoped; provenance and prerequisite traceability were added.,Alfred sequences the competency inside the shared CETa/Career dependency graph and uses Alfred-specific labs/projects for evidence.,17,27,Required semantic task SEM-C10-27-084; required primary lesson gate; v16.3 integrated lesson checks; Week 27 mastery/teach-back.
C10.3,"Log timestamped test data in a reproducible format that preserves units, device identity, and test conditions.","Log timestamped test data in a reproducible format that preserves units, device identity, and test conditions.",KEEP,Informed by,pythonDocs,Python Software Foundation — Python 3 Documentation,https://docs.python.org/3/,pyserial | pytest | onetTech,pySerial project — pySerial Documentation | pytest project — pytest Documentation | O*NET OnLine / U.S. Department of Labor — Electrical and Electronic Engineering Technologists and Technicians,https://pyserial.readthedocs.io/ | https://docs.pytest.org/ | https://www.onetonline.org/link/summary/17-3023.00,Retained because the existing competency remains appropriately scoped; provenance and prerequisite traceability were added.,Alfred sequences the competency inside the shared CETa/Career dependency graph and uses Alfred-specific labs/projects for evidence.,17,27,Required semantic task SEM-C10-27-084; required primary lesson gate; v16.3 integrated lesson checks; Week 27 mastery/teach-back.
C10.4,Write an automated PASS/FAIL check against explicit limits and report why a failure occurred.,Write an automated PASS/FAIL check against explicit limits and report why a failure occurred.,KEEP,Informed by,pythonDocs,Python Software Foundation — Python 3 Documentation,https://docs.python.org/3/,pyserial | pytest | onetTech,pySerial project — pySerial Documentation | pytest project — pytest Documentation | O*NET OnLine / U.S. Department of Labor — Electrical and Electronic Engineering Technologists and Technicians,https://pyserial.readthedocs.io/ | https://docs.pytest.org/ | https://www.onetonline.org/link/summary/17-3023.00,Retained because the existing competency remains appropriately scoped; provenance and prerequisite traceability were added.,Alfred sequences the competency inside the shared CETa/Career dependency graph and uses Alfred-specific labs/projects for evidence.,27,27,Required semantic task SEM-C10-27-084; required primary lesson gate; v16.3 integrated lesson checks; Week 27 mastery/teach-back.
C10.5,"Plot or summarize test data to reveal trends, drift, noise, or outliers relevant to a hardware decision.","Plot or summarize test data to reveal trends, drift, noise, or outliers relevant to a hardware decision.",KEEP,Informed by,pythonDocs,Python Software Foundation — Python 3 Documentation,https://docs.python.org/3/,pyserial | pytest | onetTech,pySerial project — pySerial Documentation | pytest project — pytest Documentation | O*NET OnLine / U.S. Department of Labor — Electrical and Electronic Engineering Technologists and Technicians,https://pyserial.readthedocs.io/ | https://docs.pytest.org/ | https://www.onetonline.org/link/summary/17-3023.00,Retained because the existing competency remains appropriately scoped; provenance and prerequisite traceability were added.,Alfred sequences the competency inside the shared CETa/Career dependency graph and uses Alfred-specific labs/projects for evidence.,27,27,Required semantic task SEM-C10-27-084; required primary lesson gate; v16.3 integrated lesson checks; Week 27 mastery/teach-back.
C10.6,"Structure a small hardware-test script so setup, stimulus, measurement, evaluation, cleanup, and reporting are separate steps.","Structure a small hardware-test script so setup, stimulus, measurement, evaluation, cleanup, and reporting are separate steps.",KEEP,Informed by,pythonDocs,Python Software Foundation — Python 3 Documentation,https://docs.python.org/3/,pyserial | pytest | onetTech,pySerial project — pySerial Documentation | pytest project — pytest Documentation | O*NET OnLine / U.S. Department of Labor — Electrical and Electronic Engineering Technologists and Technicians,https://pyserial.readthedocs.io/ | https://docs.pytest.org/ | https://www.onetonline.org/link/summary/17-3023.00,Retained because the existing competency remains appropriately scoped; provenance and prerequisite traceability were added.,Alfred sequences the competency inside the shared CETa/Career dependency graph and uses Alfred-specific labs/projects for evidence.,27,27,Required semantic task SEM-C10-27-084; required primary lesson gate; v16.3 integrated lesson checks; Week 27 mastery/teach-back.
C11.1,"Translate a requirement into a measurable verification step with setup, stimulus, expected result, tolerance, and evidence.","Translate a requirement into a measurable verification step with setup, stimulus, expected result, tolerance, and evidence.",KEEP,Informed by / cross-checked against,abetETAC,"ABET — Criteria for Accrediting Engineering Technology Programs, 2026–2027",https://www.abet.org/accreditation/accreditation-criteria/criteria-for-accrediting-engineering-technology-programs-2026-2027/,nasaSystems | onetTech,NASA — NASA Systems Engineering Handbook | O*NET OnLine / U.S. Department of Labor — Electrical and Electronic Engineering Technologists and Technicians,https://www.nasa.gov/reference/systems-engineering-handbook/ | https://www.onetonline.org/link/summary/17-3023.00,Retained because the existing competency remains appropriately scoped; provenance and prerequisite traceability were added.,Alfred sequences the competency inside the shared CETa/Career dependency graph and uses Alfred-specific labs/projects for evidence.,22,28,Required semantic task SEM-C11-28-085; required primary lesson gate; v16.3 integrated lesson checks; Week 28 mastery/teach-back.
C11.2,"Distinguish verification, validation, characterization, troubleshooting, and production test.","Distinguish verification, validation, characterization, troubleshooting, and production test.",KEEP,Informed by / cross-checked against,abetETAC,"ABET — Criteria for Accrediting Engineering Technology Programs, 2026–2027",https://www.abet.org/accreditation/accreditation-criteria/criteria-for-accrediting-engineering-technology-programs-2026-2027/,nasaSystems | onetTech,NASA — NASA Systems Engineering Handbook | O*NET OnLine / U.S. Department of Labor — Electrical and Electronic Engineering Technologists and Technicians,https://www.nasa.gov/reference/systems-engineering-handbook/ | https://www.onetonline.org/link/summary/17-3023.00,Retained because the existing competency remains appropriately scoped; provenance and prerequisite traceability were added.,Alfred sequences the competency inside the shared CETa/Career dependency graph and uses Alfred-specific labs/projects for evidence.,20,28,Required semantic task SEM-C11-28-085; required primary lesson gate; v16.3 integrated lesson checks; Week 28 mastery/teach-back.
C11.3,Design a repeatable test procedure that controls variables and records enough context for another technician to reproduce it.,Design a repeatable test procedure that controls variables and records enough context for another technician to reproduce it.,KEEP,Informed by / cross-checked against,abetETAC,"ABET — Criteria for Accrediting Engineering Technology Programs, 2026–2027",https://www.abet.org/accreditation/accreditation-criteria/criteria-for-accrediting-engineering-technology-programs-2026-2027/,nasaSystems | onetTech,NASA — NASA Systems Engineering Handbook | O*NET OnLine / U.S. Department of Labor — Electrical and Electronic Engineering Technologists and Technicians,https://www.nasa.gov/reference/systems-engineering-handbook/ | https://www.onetonline.org/link/summary/17-3023.00,Retained because the existing competency remains appropriately scoped; provenance and prerequisite traceability were added.,Alfred sequences the competency inside the shared CETa/Career dependency graph and uses Alfred-specific labs/projects for evidence.,22,28,Required semantic task SEM-C11-28-085; required primary lesson gate; v16.3 integrated lesson checks; Week 28 mastery/teach-back.
C11.4,"Use boundary, nominal, and fault conditions to expose weaknesses that a single happy-path test would miss.","Use boundary, nominal, and fault conditions to expose weaknesses that a single happy-path test would miss.",KEEP,Informed by / cross-checked against,abetETAC,"ABET — Criteria for Accrediting Engineering Technology Programs, 2026–2027",https://www.abet.org/accreditation/accreditation-criteria/criteria-for-accrediting-engineering-technology-programs-2026-2027/,nasaSystems | onetTech,NASA — NASA Systems Engineering Handbook | O*NET OnLine / U.S. Department of Labor — Electrical and Electronic Engineering Technologists and Technicians,https://www.nasa.gov/reference/systems-engineering-handbook/ | https://www.onetonline.org/link/summary/17-3023.00,Retained because the existing competency remains appropriately scoped; provenance and prerequisite traceability were added.,Alfred sequences the competency inside the shared CETa/Career dependency graph and uses Alfred-specific labs/projects for evidence.,22,28,Required semantic task SEM-C11-28-085; required primary lesson gate; v16.3 integrated lesson checks; Week 28 mastery/teach-back.
C11.5,"Interpret test results against requirements and identify whether the result is pass, fail, inconclusive, or requires additional data.","Interpret test results against requirements and identify whether the result is pass, fail, inconclusive, or requires additional data.",KEEP,Informed by / cross-checked against,abetETAC,"ABET — Criteria for Accrediting Engineering Technology Programs, 2026–2027",https://www.abet.org/accreditation/accreditation-criteria/criteria-for-accrediting-engineering-technology-programs-2026-2027/,nasaSystems | onetTech,NASA — NASA Systems Engineering Handbook | O*NET OnLine / U.S. Department of Labor — Electrical and Electronic Engineering Technologists and Technicians,https://www.nasa.gov/reference/systems-engineering-handbook/ | https://www.onetonline.org/link/summary/17-3023.00,Retained because the existing competency remains appropriately scoped; provenance and prerequisite traceability were added.,Alfred sequences the competency inside the shared CETa/Career dependency graph and uses Alfred-specific labs/projects for evidence.,21,28,Required semantic task SEM-C11-28-085; required primary lesson gate; v16.3 integrated lesson checks; Week 28 mastery/teach-back.
C11.6,"Maintain traceability between requirement, test case, result, anomaly, corrective action, and retest evidence.","Maintain traceability between requirement, test case, result, anomaly, corrective action, and retest evidence.",KEEP,Informed by / cross-checked against,abetETAC,"ABET — Criteria for Accrediting Engineering Technology Programs, 2026–2027",https://www.abet.org/accreditation/accreditation-criteria/criteria-for-accrediting-engineering-technology-programs-2026-2027/,nasaSystems | onetTech,NASA — NASA Systems Engineering Handbook | O*NET OnLine / U.S. Department of Labor — Electrical and Electronic Engineering Technologists and Technicians,https://www.nasa.gov/reference/systems-engineering-handbook/ | https://www.onetonline.org/link/summary/17-3023.00,Retained because the existing competency remains appropriately scoped; provenance and prerequisite traceability were added.,Alfred sequences the competency inside the shared CETa/Career dependency graph and uses Alfred-specific labs/projects for evidence.,22,28,Required semantic task SEM-C11-28-085; required primary lesson gate; v16.3 integrated lesson checks; Week 28 mastery/teach-back.
C12.1,Use Git commits and branches to preserve meaningful firmware/test-script history and make changes reviewable.,"Use version control from a known mental model: repository/working tree → status/diff → commit/history → branch/tag, then apply those tools to preserve reviewable firmware, scripts, documentation, and known-good project baselines.",REWRITE,Adapted from / informed by,githubSkills,GitHub Skills — Introduction to GitHub,https://github.com/skills/introduction-to-github,pccEET101A,Portland Community College — EET 101A — Electronic Lab and Essential Work Skills,https://www.pcc.edu/ccog/eet/101a/,Rewritten to expose the beginner prerequisite/mental model while preserving the same competency identity and assessment domain.,Alfred sequences the competency inside the shared CETa/Career dependency graph and uses Alfred-specific labs/projects for evidence.,12,22,Required semantic task SEM-C12-22-086; required primary lesson gate; v16.3 integrated lesson checks; Week 22 mastery/teach-back.
C12.2,"Use basic command-line tools and a repeatable project structure to build, run, inspect, and archive engineering work.","Use basic command-line navigation and a repeatable project structure to build, run, inspect, compare, and archive engineering work without losing configuration or evidence context.",REWRITE,Informed by,githubSkills,GitHub Skills — Introduction to GitHub,https://github.com/skills/introduction-to-github,pccEET101A,Portland Community College — EET 101A — Electronic Lab and Essential Work Skills,https://www.pcc.edu/ccog/eet/101a/,Rewritten to expose the beginner prerequisite/mental model while preserving the same competency identity and assessment domain.,Alfred sequences the competency inside the shared CETa/Career dependency graph and uses Alfred-specific labs/projects for evidence.,14,22,Required semantic task SEM-C12-22-086; required primary lesson gate; v16.3 integrated lesson checks; Week 22 mastery/teach-back.
C12.3,"Write lab notes with date, objective, configuration, observations, measurements, anomalies, and next actions.","Write lab notes with date, objective, configuration, observations, measurements, anomalies, and next actions.",KEEP,Informed by,githubSkills,GitHub Skills — Introduction to GitHub,https://github.com/skills/introduction-to-github,pccEET101A | onetTech,Portland Community College — EET 101A — Electronic Lab and Essential Work Skills | O*NET OnLine / U.S. Department of Labor — Electrical and Electronic Engineering Technologists and Technicians,https://www.pcc.edu/ccog/eet/101a/ | https://www.onetonline.org/link/summary/17-3023.00,Retained because the existing competency remains appropriately scoped; provenance and prerequisite traceability were added.,Alfred sequences the competency inside the shared CETa/Career dependency graph and uses Alfred-specific labs/projects for evidence.,5,22,Required semantic task SEM-C12-22-086; required primary lesson gate; v16.3 integrated lesson checks; Week 22 mastery/teach-back.
C12.4,"Create a concise test report with purpose, setup, method, results, plots/tables, conclusions, and unresolved risks.","Create a concise test report with purpose, setup, method, results, plots/tables, conclusions, and unresolved risks.",KEEP,Informed by,githubSkills,GitHub Skills — Introduction to GitHub,https://github.com/skills/introduction-to-github,pccEET101A | onetTech,Portland Community College — EET 101A — Electronic Lab and Essential Work Skills | O*NET OnLine / U.S. Department of Labor — Electrical and Electronic Engineering Technologists and Technicians,https://www.pcc.edu/ccog/eet/101a/ | https://www.onetonline.org/link/summary/17-3023.00,Retained because the existing competency remains appropriately scoped; provenance and prerequisite traceability were added.,Alfred sequences the competency inside the shared CETa/Career dependency graph and uses Alfred-specific labs/projects for evidence.,20,22,Required semantic task SEM-C12-22-086; required primary lesson gate; v16.3 integrated lesson checks; Week 22 mastery/teach-back.
C12.5,"Communicate a technical problem to an engineer using observed facts, measurements, attempted checks, and a clear question.","Communicate a technical problem to an engineer using observed facts, measurements, attempted checks, and a clear question.",KEEP,Informed by,githubSkills,GitHub Skills — Introduction to GitHub,https://github.com/skills/introduction-to-github,pccEET101A | onetTech,Portland Community College — EET 101A — Electronic Lab and Essential Work Skills | O*NET OnLine / U.S. Department of Labor — Electrical and Electronic Engineering Technologists and Technicians,https://www.pcc.edu/ccog/eet/101a/ | https://www.onetonline.org/link/summary/17-3023.00,Retained because the existing competency remains appropriately scoped; provenance and prerequisite traceability were added.,Alfred sequences the competency inside the shared CETa/Career dependency graph and uses Alfred-specific labs/projects for evidence.,20,22,Required semantic task SEM-C12-22-086; required primary lesson gate; v16.3 integrated lesson checks; Week 22 mastery/teach-back.
C12.6,"Keep filenames, versions, units, screenshots, code, schematics, and evidence organized so a future reviewer can reconstruct the work.","Keep filenames, versions, units, screenshots, code, schematics, and evidence organized so a future reviewer can reconstruct the work.",KEEP,Informed by,githubSkills,GitHub Skills — Introduction to GitHub,https://github.com/skills/introduction-to-github,pccEET101A | onetTech,Portland Community College — EET 101A — Electronic Lab and Essential Work Skills | O*NET OnLine / U.S. Department of Labor — Electrical and Electronic Engineering Technologists and Technicians,https://www.pcc.edu/ccog/eet/101a/ | https://www.onetonline.org/link/summary/17-3023.00,Retained because the existing competency remains appropriately scoped; provenance and prerequisite traceability were added.,Alfred sequences the competency inside the shared CETa/Career dependency graph and uses Alfred-specific labs/projects for evidence.,12,22,Required semantic task SEM-C12-22-086; required primary lesson gate; v16.3 integrated lesson checks; Week 22 mastery/teach-back.
C13.1,"Present a project with problem, requirements, architecture, implementation, test evidence, failure/recovery story, and final result.","Present a project with problem, requirements, architecture, implementation, test evidence, failure/recovery story, and final result.",KEEP,Alfred-authored integration; cross-checked against,onetTech,O*NET OnLine / U.S. Department of Labor — Electrical and Electronic Engineering Technologists and Technicians,https://www.onetonline.org/link/summary/17-3023.00,blsTech,U.S. Bureau of Labor Statistics — Electrical and Electronic Engineering Technologists and Technicians,https://www.bls.gov/ooh/architecture-and-engineering/electrical-and-electronics-engineering-technicians.htm,Retained because the existing competency remains appropriately scoped; provenance and prerequisite traceability were added.,Alfred sequences the competency inside the shared CETa/Career dependency graph and uses Alfred-specific labs/projects for evidence.,22,30,Required semantic task SEM-C13-30-087; required primary lesson gate; v16.3 integrated lesson checks; Week 30 mastery/teach-back.
C13.2,"Explain personal contribution precisely without overstating ownership, certification, job title, or engineering authority.","Explain personal contribution precisely without overstating ownership, certification, job title, or engineering authority.",KEEP,Alfred-authored integration; cross-checked against,onetTech,O*NET OnLine / U.S. Department of Labor — Electrical and Electronic Engineering Technologists and Technicians,https://www.onetonline.org/link/summary/17-3023.00,blsTech,U.S. Bureau of Labor Statistics — Electrical and Electronic Engineering Technologists and Technicians,https://www.bls.gov/ooh/architecture-and-engineering/electrical-and-electronics-engineering-technicians.htm,Retained because the existing competency remains appropriately scoped; provenance and prerequisite traceability were added.,Alfred sequences the competency inside the shared CETa/Career dependency graph and uses Alfred-specific labs/projects for evidence.,23,30,Required semantic task SEM-C13-30-087; required primary lesson gate; v16.3 integrated lesson checks; Week 30 mastery/teach-back.
C13.3,Answer a hardware troubleshooting interview question using a hypothesis-and-measurement process rather than guessing components.,Answer a hardware troubleshooting interview question using a hypothesis-and-measurement process rather than guessing components.,KEEP,Alfred-authored integration; cross-checked against,onetTech,O*NET OnLine / U.S. Department of Labor — Electrical and Electronic Engineering Technologists and Technicians,https://www.onetonline.org/link/summary/17-3023.00,blsTech,U.S. Bureau of Labor Statistics — Electrical and Electronic Engineering Technologists and Technicians,https://www.bls.gov/ooh/architecture-and-engineering/electrical-and-electronics-engineering-technicians.htm,Retained because the existing competency remains appropriately scoped; provenance and prerequisite traceability were added.,Alfred sequences the competency inside the shared CETa/Career dependency graph and uses Alfred-specific labs/projects for evidence.,30,30,Required semantic task SEM-C13-30-087; required primary lesson gate; v16.3 integrated lesson checks; Week 30 mastery/teach-back.
C13.4,"Tailor a resume bullet to an electronics/test/embedded role using concrete tools, actions, results, and evidence.","Tailor a resume bullet to an electronics/test/embedded role using concrete tools, actions, results, and evidence.",KEEP,Alfred-authored integration; cross-checked against,onetTech,O*NET OnLine / U.S. Department of Labor — Electrical and Electronic Engineering Technologists and Technicians,https://www.onetonline.org/link/summary/17-3023.00,blsTech,U.S. Bureau of Labor Statistics — Electrical and Electronic Engineering Technologists and Technicians,https://www.bls.gov/ooh/architecture-and-engineering/electrical-and-electronics-engineering-technicians.htm,Retained because the existing competency remains appropriately scoped; provenance and prerequisite traceability were added.,Alfred sequences the competency inside the shared CETa/Career dependency graph and uses Alfred-specific labs/projects for evidence.,30,30,Required semantic task SEM-C13-30-087; required primary lesson gate; v16.3 integrated lesson checks; Week 30 mastery/teach-back.
C13.5,Evaluate a job description for must-have versus learnable skills and identify a credible bridge-role application strategy.,Evaluate a job description for must-have versus learnable skills and identify a credible bridge-role application strategy.,KEEP,Alfred-authored integration; cross-checked against,onetTech,O*NET OnLine / U.S. Department of Labor — Electrical and Electronic Engineering Technologists and Technicians,https://www.onetonline.org/link/summary/17-3023.00,blsTech,U.S. Bureau of Labor Statistics — Electrical and Electronic Engineering Technologists and Technicians,https://www.bls.gov/ooh/architecture-and-engineering/electrical-and-electronics-engineering-technicians.htm,Retained because the existing competency remains appropriately scoped; provenance and prerequisite traceability were added.,Alfred sequences the competency inside the shared CETa/Career dependency graph and uses Alfred-specific labs/projects for evidence.,30,30,Required semantic task SEM-C13-30-087; required primary lesson gate; v16.3 integrated lesson checks; Week 30 mastery/teach-back.
C13.6,"Use interview/application feedback to choose the next technical repair, portfolio improvement, or job-search adjustment.","Use interview/application feedback to choose the next technical repair, portfolio improvement, or job-search adjustment.",KEEP,Alfred-authored integration; cross-checked against,onetTech,O*NET OnLine / U.S. Department of Labor — Electrical and Electronic Engineering Technologists and Technicians,https://www.onetonline.org/link/summary/17-3023.00,blsTech,U.S. Bureau of Labor Statistics — Electrical and Electronic Engineering Technologists and Technicians,https://www.bls.gov/ooh/architecture-and-engineering/electrical-and-electronics-engineering-technicians.htm,Retained because the existing competency remains appropriately scoped; provenance and prerequisite traceability were added.,Alfred sequences the competency inside the shared CETa/Career dependency graph and uses Alfred-specific labs/projects for evidence.,31,30,Required semantic task SEM-C13-30-087; required primary lesson gate; v16.3 integrated lesson checks; Week 30 mastery/teach-back.
