careerCode,careerCategory,careerCategoryTitle,careerStandard,careerFirstTargetWeek,relationshipType,prerequisiteCetaCodes,concurrentCetaCodes,laterCetaReinforcementCodes,verifiedSupportCetaCodes,pendingSupportCetaCodes,allSupportCetaCodes,relationshipAuthorityStatus,tandemStatus,relationshipPurpose,evidenceSeparation
C1.1,C1,Bench Safety & ESD,"Prepare a low-voltage electronics bench using current limits, safe power-up sequencing, and an explicit stop condition.",1,CONCURRENT_SHARED,,1.1; 1.4; 1.5; 1.6; 1.7; 1.10.1; 1.10.3; 1.14,8.3; 8.4,1.1; 1.4; 1.5; 1.6; 1.7; 1.10.1; 1.10.3; 1.14; 8.3; 8.4,,1.1; 1.4; 1.5; 1.6; 1.7; 1.10.1; 1.10.3; 1.14; 8.3; 8.4,ALL_CETA_SUPPORT_ROUTES_ACTIVE,REMEDIATION_REQUIRED,Verified live CETa teaching and Career performance are activated in the same week; neither evidence stream substitutes for the other.,CETa objective mastery does not satisfy Career physical/performance evidence; Career performance does not replace CETa mastery.
C1.2,C1,Bench Safety & ESD,"Apply ESD controls appropriate to CMOS/semiconductor handling and explain when straps, mats, grounding, and antistatic storage matter.",1,CONCURRENT_SHARED,,1.1; 1.4; 1.5; 1.6; 1.7; 1.10.1; 1.10.3; 1.14,8.3; 8.4,1.1; 1.4; 1.5; 1.6; 1.7; 1.10.1; 1.10.3; 1.14; 8.3; 8.4,,1.1; 1.4; 1.5; 1.6; 1.7; 1.10.1; 1.10.3; 1.14; 8.3; 8.4,ALL_CETA_SUPPORT_ROUTES_ACTIVE,REMEDIATION_REQUIRED,Verified live CETa teaching and Career performance are activated in the same week; neither evidence stream substitutes for the other.,CETa objective mastery does not satisfy Career physical/performance evidence; Career performance does not replace CETa mastery.
C1.3,C1,Bench Safety & ESD,"Distinguish safe low-voltage troubleshooting from work that requires qualified supervision, isolation, or energized-work procedures.",1,CONCURRENT_SHARED,,1.1; 1.4; 1.5; 1.6; 1.7; 1.10.1; 1.10.3; 1.14,8.3; 8.4,1.1; 1.4; 1.5; 1.6; 1.7; 1.10.1; 1.10.3; 1.14; 8.3; 8.4,,1.1; 1.4; 1.5; 1.6; 1.7; 1.10.1; 1.10.3; 1.14; 8.3; 8.4,ALL_CETA_SUPPORT_ROUTES_ACTIVE,REMEDIATION_REQUIRED,Verified live CETa teaching and Career performance are activated in the same week; neither evidence stream substitutes for the other.,CETa objective mastery does not satisfy Career physical/performance evidence; Career performance does not replace CETa mastery.
C1.4,C1,Bench Safety & ESD,"Perform a pre-power inspection for polarity, shorts, connector orientation, exposed conductors, and current-limit settings.",1,CONCURRENT_SHARED,,1.1; 1.4; 1.5; 1.6; 1.7; 1.10.1; 1.10.3; 1.14,8.3; 8.4,1.1; 1.4; 1.5; 1.6; 1.7; 1.10.1; 1.10.3; 1.14; 8.3; 8.4,,1.1; 1.4; 1.5; 1.6; 1.7; 1.10.1; 1.10.3; 1.14; 8.3; 8.4,ALL_CETA_SUPPORT_ROUTES_ACTIVE,REMEDIATION_REQUIRED,Verified live CETa teaching and Career performance are activated in the same week; neither evidence stream substitutes for the other.,CETa objective mastery does not satisfy Career physical/performance evidence; Career performance does not replace CETa mastery.
C1.5,C1,Bench Safety & ESD,"Choose ESD controls, PPE, ventilation, and tool practices appropriate to low-voltage bench inspection, measurement, and basic assembly, and identify when soldering, rework, cutting, or crimping requires process-specific controls taught later.",1,CONCURRENT_SHARED,,1.1; 1.4; 1.5; 1.6; 1.7; 1.10.1; 1.10.3; 1.14,8.3; 8.4,1.1; 1.4; 1.5; 1.6; 1.7; 1.10.1; 1.10.3; 1.14; 8.3; 8.4,,1.1; 1.4; 1.5; 1.6; 1.7; 1.10.1; 1.10.3; 1.14; 8.3; 8.4,ALL_CETA_SUPPORT_ROUTES_ACTIVE,REMEDIATION_REQUIRED,Verified live CETa teaching and Career performance are activated in the same week; neither evidence stream substitutes for the other.,CETa objective mastery does not satisfy Career physical/performance evidence; Career performance does not replace CETa mastery.
C1.6,C1,Bench Safety & ESD,Document a safety or setup hazard and the corrective action before continuing a test.,1,CONCURRENT_SHARED,,1.1; 1.4; 1.5; 1.6; 1.7; 1.10.1; 1.10.3; 1.14,8.3; 8.4,1.1; 1.4; 1.5; 1.6; 1.7; 1.10.1; 1.10.3; 1.14; 8.3; 8.4,,1.1; 1.4; 1.5; 1.6; 1.7; 1.10.1; 1.10.3; 1.14; 8.3; 8.4,ALL_CETA_SUPPORT_ROUTES_ACTIVE,REMEDIATION_REQUIRED,Verified live CETa teaching and Career performance are activated in the same week; neither evidence stream substitutes for the other.,CETa objective mastery does not satisfy Career physical/performance evidence; Career performance does not replace CETa mastery.
C2.1,C2,"Schematics, Datasheets & Design Intent","Read a schematic by following power rails, grounds, signal flow, reference designators, and functional blocks.",2,CAREER_TO_CETA_FORMALIZATION,,,3.1; 6.1; 6.2; 6.3; 6.4; 6.6; 6.8; 6.10,3.1; 6.1; 6.2; 6.3; 6.4; 6.6; 6.8; 6.10,2.6; 2.13,2.6; 2.13; 3.1; 6.1; 6.2; 6.3; 6.4; 6.6; 6.8; 6.10,VERIFIED_CORE_WITH_PENDING_SECONDARY_CETA_ROUTES,VERIFIED,Career introduces the bounded technician behavior before a verified live CETa route formalizes broader terminology/theory. Pending/stale CETa routes never count as prerequisites.,CETa objective mastery does not satisfy Career physical/performance evidence; Career performance does not replace CETa mastery.
C2.2,C2,"Schematics, Datasheets & Design Intent","Use a component datasheet to identify pinout, absolute maximum ratings, recommended operating conditions, and key electrical characteristics.",7,CONCURRENT_SHARED,,3.1,6.1; 6.2; 6.3; 6.4; 6.6; 6.8; 6.10,3.1; 6.1; 6.2; 6.3; 6.4; 6.6; 6.8; 6.10,2.6; 2.13,2.6; 2.13; 3.1; 6.1; 6.2; 6.3; 6.4; 6.6; 6.8; 6.10,VERIFIED_CORE_WITH_PENDING_SECONDARY_CETA_ROUTES,REMEDIATION_REQUIRED,Verified live CETa teaching and Career performance are activated in the same week; neither evidence stream substitutes for the other.,CETa objective mastery does not satisfy Career physical/performance evidence; Career performance does not replace CETa mastery.
C2.3,C2,"Schematics, Datasheets & Design Intent","Distinguish a schematic, wiring diagram, block diagram, layout/PCB view, and timing diagram and choose the right artifact for a troubleshooting task.",13,CONCURRENT_SHARED,3.1,6.1; 6.2; 6.3; 6.4; 6.6; 6.8; 6.10,,3.1; 6.1; 6.2; 6.3; 6.4; 6.6; 6.8; 6.10,2.6; 2.13,2.6; 2.13; 3.1; 6.1; 6.2; 6.3; 6.4; 6.6; 6.8; 6.10,VERIFIED_CORE_WITH_PENDING_SECONDARY_CETA_ROUTES,REMEDIATION_REQUIRED,Verified live CETa teaching and Career performance are activated in the same week; neither evidence stream substitutes for the other.,CETa objective mastery does not satisfy Career physical/performance evidence; Career performance does not replace CETa mastery.
C2.4,C2,"Schematics, Datasheets & Design Intent",Trace a signal or power path from connector to load and identify useful test points before probing.,2,CAREER_TO_CETA_FORMALIZATION,,,3.1; 6.1; 6.2; 6.3; 6.4; 6.6; 6.8; 6.10,3.1; 6.1; 6.2; 6.3; 6.4; 6.6; 6.8; 6.10,2.6; 2.13,2.6; 2.13; 3.1; 6.1; 6.2; 6.3; 6.4; 6.6; 6.8; 6.10,VERIFIED_CORE_WITH_PENDING_SECONDARY_CETA_ROUTES,VERIFIED,Career introduces the bounded technician behavior before a verified live CETa route formalizes broader terminology/theory. Pending/stale CETa routes never count as prerequisites.,CETa objective mastery does not satisfy Career physical/performance evidence; Career performance does not replace CETa mastery.
C2.5,C2,"Schematics, Datasheets & Design Intent","Interpret pull-ups, pull-downs, decoupling capacitors, current-limiting resistors, protection devices, and common interface support circuitry.",7,CONCURRENT_SHARED,,3.1,6.1; 6.2; 6.3; 6.4; 6.6; 6.8; 6.10,3.1; 6.1; 6.2; 6.3; 6.4; 6.6; 6.8; 6.10,2.6; 2.13,2.6; 2.13; 3.1; 6.1; 6.2; 6.3; 6.4; 6.6; 6.8; 6.10,VERIFIED_CORE_WITH_PENDING_SECONDARY_CETA_ROUTES,REMEDIATION_REQUIRED,Verified live CETa teaching and Career performance are activated in the same week; neither evidence stream substitutes for the other.,CETa objective mastery does not satisfy Career physical/performance evidence; Career performance does not replace CETa mastery.
C2.6,C2,"Schematics, Datasheets & Design Intent",Explain design intent from a schematic well enough to predict expected node voltages or signal behavior before measuring.,2,CAREER_TO_CETA_FORMALIZATION,,,3.1; 6.1; 6.2; 6.3; 6.4; 6.6; 6.8; 6.10,3.1; 6.1; 6.2; 6.3; 6.4; 6.6; 6.8; 6.10,2.6; 2.13,2.6; 2.13; 3.1; 6.1; 6.2; 6.3; 6.4; 6.6; 6.8; 6.10,VERIFIED_CORE_WITH_PENDING_SECONDARY_CETA_ROUTES,VERIFIED,Career introduces the bounded technician behavior before a verified live CETa route formalizes broader terminology/theory. Pending/stale CETa routes never count as prerequisites.,CETa objective mastery does not satisfy Career physical/performance evidence; Career performance does not replace CETa mastery.
C3.1,C3,Measurement & Instrumentation,"Select the correct DMM function, input jack, and circuit connection for voltage, resistance/continuity, or current; explain how each mode interacts with the circuit; then make the measurement safely.",1,CAREER_TO_CETA_FORMALIZATION,,,8.3; 8.4; 8.6; 8.12; 8.12.1; 9.1; 9.3; 11.8; 21.7,8.3; 8.4; 8.6; 8.12; 8.12.1; 9.1; 9.3; 11.8; 21.7,8.1; 8.5; 8.7; 8.9; 8.13; 8.14,8.1; 8.3; 8.4; 8.5; 8.6; 8.7; 8.9; 8.12; 8.12.1; 8.13; 8.14; 9.1; 9.3; 11.8; 21.7,VERIFIED_CORE_WITH_PENDING_SECONDARY_CETA_ROUTES,REMEDIATION_REQUIRED,Career introduces the bounded technician behavior before a verified live CETa route formalizes broader terminology/theory. Pending/stale CETa routes never count as prerequisites.,CETa objective mastery does not satisfy Career physical/performance evidence; Career performance does not replace CETa mastery.
C3.2,C3,Measurement & Instrumentation,"Set bench-supply voltage and a conservative current limit from expected circuit behavior, distinguish CV from current-limit operation, and use current consumption as evidence during bring-up.",1,CAREER_TO_CETA_FORMALIZATION,,,8.3; 8.4; 8.6; 8.12; 8.12.1; 9.1; 9.3; 11.8; 21.7,8.3; 8.4; 8.6; 8.12; 8.12.1; 9.1; 9.3; 11.8; 21.7,8.1; 8.5; 8.7; 8.9; 8.13; 8.14,8.1; 8.3; 8.4; 8.5; 8.6; 8.7; 8.9; 8.12; 8.12.1; 8.13; 8.14; 9.1; 9.3; 11.8; 21.7,VERIFIED_CORE_WITH_PENDING_SECONDARY_CETA_ROUTES,REMEDIATION_REQUIRED,Career introduces the bounded technician behavior before a verified live CETa route formalizes broader terminology/theory. Pending/stale CETa routes never count as prerequisites.,CETa objective mastery does not satisfy Career physical/performance evidence; Career performance does not replace CETa mastery.
C3.3,C3,Measurement & Instrumentation,"Starting with a known waveform, configure probe/reference, attenuation, coupling, vertical scale, timebase, and trigger to obtain a stable oscilloscope display and document the setup.",3,CONCURRENT_SHARED,9.1; 9.3,8.3; 8.4; 8.6; 8.12; 8.12.1,11.8; 21.7,8.3; 8.4; 8.6; 8.12; 8.12.1; 9.1; 9.3; 11.8; 21.7,8.1; 8.5; 8.7; 8.9; 8.13; 8.14,8.1; 8.3; 8.4; 8.5; 8.6; 8.7; 8.9; 8.12; 8.12.1; 8.13; 8.14; 9.1; 9.3; 11.8; 21.7,VERIFIED_CORE_WITH_PENDING_SECONDARY_CETA_ROUTES,REMEDIATION_REQUIRED,Verified live CETa teaching and Career performance are activated in the same week; neither evidence stream substitutes for the other.,CETa objective mastery does not satisfy Career physical/performance evidence; Career performance does not replace CETa mastery.
C3.4,C3,Measurement & Instrumentation,"Predict and measure waveform amplitude, frequency, period, duty cycle, DC offset, and rise/fall behavior, while distinguishing resolution, accuracy, loading, bandwidth, and repeatability limits.",3,CONCURRENT_SHARED,9.1; 9.3,8.3; 8.4; 8.6; 8.12; 8.12.1,11.8; 21.7,8.3; 8.4; 8.6; 8.12; 8.12.1; 9.1; 9.3; 11.8; 21.7,8.1; 8.5; 8.7; 8.9; 8.13; 8.14,8.1; 8.3; 8.4; 8.5; 8.6; 8.7; 8.9; 8.12; 8.12.1; 8.13; 8.14; 9.1; 9.3; 11.8; 21.7,VERIFIED_CORE_WITH_PENDING_SECONDARY_CETA_ROUTES,REMEDIATION_REQUIRED,Verified live CETa teaching and Career performance are activated in the same week; neither evidence stream substitutes for the other.,CETa objective mastery does not satisfy Career physical/performance evidence; Career performance does not replace CETa mastery.
C3.5,C3,Measurement & Instrumentation,"After a known digital-bus transaction exists, configure a logic analyzer with correct reference, threshold, sample rate, channel mapping, and decoder settings; correlate raw and decoded activity and recognize when an oscilloscope is required for analog signal-quality questions.",18,CETA_TO_CAREER,8.3; 8.4; 8.6; 8.12; 8.12.1; 9.1; 9.3; 11.8,,21.7,8.3; 8.4; 8.6; 8.12; 8.12.1; 9.1; 9.3; 11.8; 21.7,8.1; 8.5; 8.7; 8.9; 8.13; 8.14,8.1; 8.3; 8.4; 8.5; 8.6; 8.7; 8.9; 8.12; 8.12.1; 8.13; 8.14; 9.1; 9.3; 11.8; 21.7,VERIFIED_CORE_WITH_PENDING_SECONDARY_CETA_ROUTES,REMEDIATION_REQUIRED,"Verified live CETa theory/model is taught first; Career converts it into technician decisions, measurements, troubleshooting, or evidence.",CETa objective mastery does not satisfy Career physical/performance evidence; Career performance does not replace CETa mastery.
C3.6,C3,Measurement & Instrumentation,"Translate a troubleshooting question into a measurable hypothesis, then choose the instrument, test point, setup, and expected result that will provide the most useful evidence.",3,CONCURRENT_SHARED,9.1; 9.3,8.3; 8.4; 8.6; 8.12; 8.12.1,11.8; 21.7,8.3; 8.4; 8.6; 8.12; 8.12.1; 9.1; 9.3; 11.8; 21.7,8.1; 8.5; 8.7; 8.9; 8.13; 8.14,8.1; 8.3; 8.4; 8.5; 8.6; 8.7; 8.9; 8.12; 8.12.1; 8.13; 8.14; 9.1; 9.3; 11.8; 21.7,VERIFIED_CORE_WITH_PENDING_SECONDARY_CETA_ROUTES,REMEDIATION_REQUIRED,Verified live CETa teaching and Career performance are activated in the same week; neither evidence stream substitutes for the other.,CETa objective mastery does not satisfy Career physical/performance evidence; Career performance does not replace CETa mastery.
C4.1,C4,"Assembly, Soldering, Rework & Harnesses","Identify acceptable and defective solder joints and explain likely causes of cold joints, bridges, insufficient wetting, and lifted pads.",12,CONCURRENT_SHARED,1.5; 1.6,5.1; 5.4; 5.7; 5.8; 5.8.1; 5.8.2; 5.9; 5.10; 5.11; 5.12,7.11; 7.12; 7.13,1.5; 1.6; 5.1; 5.4; 5.7; 5.8; 5.8.1; 5.8.2; 5.9; 5.10; 5.11; 5.12; 7.11; 7.12; 7.13,,1.5; 1.6; 5.1; 5.4; 5.7; 5.8; 5.8.1; 5.8.2; 5.9; 5.10; 5.11; 5.12; 7.11; 7.12; 7.13,ALL_CETA_SUPPORT_ROUTES_ACTIVE,REMEDIATION_REQUIRED,Verified live CETa teaching and Career performance are activated in the same week; neither evidence stream substitutes for the other.,CETa objective mastery does not satisfy Career physical/performance evidence; Career performance does not replace CETa mastery.
C4.2,C4,"Assembly, Soldering, Rework & Harnesses","Perform a bounded through-hole and basic SMT solder/rework task using appropriate ESD, thermal, ventilation, handling, and pad/trace-protection practices, then inspect and electrically verify the result.",12,CONCURRENT_SHARED,1.5; 1.6,5.1; 5.4; 5.7; 5.8; 5.8.1; 5.8.2; 5.9; 5.10; 5.11; 5.12,7.11; 7.12; 7.13,1.5; 1.6; 5.1; 5.4; 5.7; 5.8; 5.8.1; 5.8.2; 5.9; 5.10; 5.11; 5.12; 7.11; 7.12; 7.13,,1.5; 1.6; 5.1; 5.4; 5.7; 5.8; 5.8.1; 5.8.2; 5.9; 5.10; 5.11; 5.12; 7.11; 7.12; 7.13,ALL_CETA_SUPPORT_ROUTES_ACTIVE,REMEDIATION_REQUIRED,Verified live CETa teaching and Career performance are activated in the same week; neither evidence stream substitutes for the other.,CETa objective mastery does not satisfy Career physical/performance evidence; Career performance does not replace CETa mastery.
C4.3,C4,"Assembly, Soldering, Rework & Harnesses","Prepare, strip, crimp, strain-relieve, and inspect a low-voltage wire or harness connection using workmanship criteria.",19,CONCURRENT_SHARED,1.5; 1.6; 5.1; 5.4; 5.7; 5.8; 5.8.1; 5.8.2; 5.9; 5.10; 5.11; 5.12,7.11; 7.12; 7.13,,1.5; 1.6; 5.1; 5.4; 5.7; 5.8; 5.8.1; 5.8.2; 5.9; 5.10; 5.11; 5.12; 7.11; 7.12; 7.13,,1.5; 1.6; 5.1; 5.4; 5.7; 5.8; 5.8.1; 5.8.2; 5.9; 5.10; 5.11; 5.12; 7.11; 7.12; 7.13,ALL_CETA_SUPPORT_ROUTES_ACTIVE,REMEDIATION_REQUIRED,Verified live CETa teaching and Career performance are activated in the same week; neither evidence stream substitutes for the other.,CETa objective mastery does not satisfy Career physical/performance evidence; Career performance does not replace CETa mastery.
C4.4,C4,"Assembly, Soldering, Rework & Harnesses","Use connector keying, pin numbering, continuity checks, and wire labels to prevent harness miswiring.",19,CONCURRENT_SHARED,1.5; 1.6; 5.1; 5.4; 5.7; 5.8; 5.8.1; 5.8.2; 5.9; 5.10; 5.11; 5.12,7.11; 7.12; 7.13,,1.5; 1.6; 5.1; 5.4; 5.7; 5.8; 5.8.1; 5.8.2; 5.9; 5.10; 5.11; 5.12; 7.11; 7.12; 7.13,,1.5; 1.6; 5.1; 5.4; 5.7; 5.8; 5.8.1; 5.8.2; 5.9; 5.10; 5.11; 5.12; 7.11; 7.12; 7.13,ALL_CETA_SUPPORT_ROUTES_ACTIVE,REMEDIATION_REQUIRED,Verified live CETa teaching and Career performance are activated in the same week; neither evidence stream substitutes for the other.,CETa objective mastery does not satisfy Career physical/performance evidence; Career performance does not replace CETa mastery.
C4.5,C4,"Assembly, Soldering, Rework & Harnesses","Document rework with before/after evidence, component orientation, and verification measurements.",12,CONCURRENT_SHARED,1.5; 1.6,5.1; 5.4; 5.7; 5.8; 5.8.1; 5.8.2; 5.9; 5.10; 5.11; 5.12,7.11; 7.12; 7.13,1.5; 1.6; 5.1; 5.4; 5.7; 5.8; 5.8.1; 5.8.2; 5.9; 5.10; 5.11; 5.12; 7.11; 7.12; 7.13,,1.5; 1.6; 5.1; 5.4; 5.7; 5.8; 5.8.1; 5.8.2; 5.9; 5.10; 5.11; 5.12; 7.11; 7.12; 7.13,ALL_CETA_SUPPORT_ROUTES_ACTIVE,REMEDIATION_REQUIRED,Verified live CETa teaching and Career performance are activated in the same week; neither evidence stream substitutes for the other.,CETa objective mastery does not satisfy Career physical/performance evidence; Career performance does not replace CETa mastery.
C4.6,C4,"Assembly, Soldering, Rework & Harnesses","Given a damaged pad, trace, connector, or harness, inspect the condition and classify it as within the authorized repair process, replacement-required, or escalation-required rather than improvising a repair.",7,CETA_TO_CAREER,1.5; 1.6,,5.1; 5.4; 5.7; 5.8; 5.8.1; 5.8.2; 5.9; 5.10; 5.11; 5.12; 7.11; 7.12; 7.13,1.5; 1.6; 5.1; 5.4; 5.7; 5.8; 5.8.1; 5.8.2; 5.9; 5.10; 5.11; 5.12; 7.11; 7.12; 7.13,,1.5; 1.6; 5.1; 5.4; 5.7; 5.8; 5.8.1; 5.8.2; 5.9; 5.10; 5.11; 5.12; 7.11; 7.12; 7.13,ALL_CETA_SUPPORT_ROUTES_ACTIVE,REMEDIATION_REQUIRED,"Verified live CETa theory/model is taught first; Career converts it into technician decisions, measurements, troubleshooting, or evidence.",CETa objective mastery does not satisfy Career physical/performance evidence; Career performance does not replace CETa mastery.
C5.1,C5,Troubleshooting & Root Cause,Reproduce a fault reliably and define the observed symptom before attempting a fix.,5,CETA_TO_CAREER,4.10; 8.3; 8.6,,6.2; 6.4; 6.6; 6.8; 21.4; 21.7,4.10; 6.2; 6.4; 6.6; 6.8; 8.3; 8.6; 21.4; 21.7,,4.10; 6.2; 6.4; 6.6; 6.8; 8.3; 8.6; 21.4; 21.7,ALL_CETA_SUPPORT_ROUTES_ACTIVE,REMEDIATION_REQUIRED,"Verified live CETa theory/model is taught first; Career converts it into technician decisions, measurements, troubleshooting, or evidence.",CETa objective mastery does not satisfy Career physical/performance evidence; Career performance does not replace CETa mastery.
C5.2,C5,Troubleshooting & Root Cause,Form a testable hypothesis from expected versus actual behavior and choose the next measurement that best separates competing causes.,2,CONCURRENT_SHARED,,4.10,6.2; 6.4; 6.6; 6.8; 8.3; 8.6; 21.4; 21.7,4.10; 6.2; 6.4; 6.6; 6.8; 8.3; 8.6; 21.4; 21.7,,4.10; 6.2; 6.4; 6.6; 6.8; 8.3; 8.6; 21.4; 21.7,ALL_CETA_SUPPORT_ROUTES_ACTIVE,VERIFIED,Verified live CETa teaching and Career performance are activated in the same week; neither evidence stream substitutes for the other.,CETa objective mastery does not satisfy Career physical/performance evidence; Career performance does not replace CETa mastery.
C5.3,C5,Troubleshooting & Root Cause,"Use divide-and-conquer, known-good substitution, signal tracing, or rail-by-rail checks appropriately without changing multiple variables at once.",2,CONCURRENT_SHARED,,4.10,6.2; 6.4; 6.6; 6.8; 8.3; 8.6; 21.4; 21.7,4.10; 6.2; 6.4; 6.6; 6.8; 8.3; 8.6; 21.4; 21.7,,4.10; 6.2; 6.4; 6.6; 6.8; 8.3; 8.6; 21.4; 21.7,ALL_CETA_SUPPORT_ROUTES_ACTIVE,VERIFIED,Verified live CETa teaching and Career performance are activated in the same week; neither evidence stream substitutes for the other.,CETa objective mastery does not satisfy Career physical/performance evidence; Career performance does not replace CETa mastery.
C5.4,C5,Troubleshooting & Root Cause,Distinguish root cause from symptom and verify that a repair removes the cause without creating a new failure.,5,CETA_TO_CAREER,4.10; 8.3; 8.6,,6.2; 6.4; 6.6; 6.8; 21.4; 21.7,4.10; 6.2; 6.4; 6.6; 6.8; 8.3; 8.6; 21.4; 21.7,,4.10; 6.2; 6.4; 6.6; 6.8; 8.3; 8.6; 21.4; 21.7,ALL_CETA_SUPPORT_ROUTES_ACTIVE,REMEDIATION_REQUIRED,"Verified live CETa theory/model is taught first; Career converts it into technician decisions, measurements, troubleshooting, or evidence.",CETa objective mastery does not satisfy Career physical/performance evidence; Career performance does not replace CETa mastery.
C5.5,C5,Troubleshooting & Root Cause,Use fault injection or controlled perturbation to demonstrate that a diagnostic method can detect an expected failure mode.,28,CONCURRENT_SHARED,4.10; 6.2; 6.4; 6.6; 6.8; 8.3; 8.6,21.4; 21.7,,4.10; 6.2; 6.4; 6.6; 6.8; 8.3; 8.6; 21.4; 21.7,,4.10; 6.2; 6.4; 6.6; 6.8; 8.3; 8.6; 21.4; 21.7,ALL_CETA_SUPPORT_ROUTES_ACTIVE,REMEDIATION_REQUIRED,Verified live CETa teaching and Career performance are activated in the same week; neither evidence stream substitutes for the other.,CETa objective mastery does not satisfy Career physical/performance evidence; Career performance does not replace CETa mastery.
C5.6,C5,Troubleshooting & Root Cause,"Write a concise failure report containing symptom, setup, evidence, root cause, corrective action, and verification.",13,CONCURRENT_SHARED,4.10; 8.3; 8.6,6.2; 6.4; 6.6; 6.8,21.4; 21.7,4.10; 6.2; 6.4; 6.6; 6.8; 8.3; 8.6; 21.4; 21.7,,4.10; 6.2; 6.4; 6.6; 6.8; 8.3; 8.6; 21.4; 21.7,ALL_CETA_SUPPORT_ROUTES_ACTIVE,REMEDIATION_REQUIRED,Verified live CETa teaching and Career performance are activated in the same week; neither evidence stream substitutes for the other.,CETa objective mastery does not satisfy Career physical/performance evidence; Career performance does not replace CETa mastery.
C6.1,C6,C Programming Fundamentals,"Read, write, and trace small C programs using typed variables, expressions, assignments, conditionals, and loops; predict control flow and resulting values before running the code.",14,CAREER_EXTENSION,9.4; 13.1; 13.2; 13.11,15.3; 15.4; 15.6,16.1; 16.3,9.4; 13.1; 13.2; 13.11; 15.3; 15.4; 15.6; 16.1; 16.3,,9.4; 13.1; 13.2; 13.11; 15.3; 15.4; 15.6; 16.1; 16.3,ALL_CETA_SUPPORT_ROUTES_ACTIVE,REMEDIATION_REQUIRED,Career skill extends beyond CETa scope while using only verified live CETa routes for any sequencing claim.,CETa objective mastery does not satisfy Career physical/performance evidence; Career performance does not replace CETa mastery.
C6.2,C6,C Programming Fundamentals,"Use function declarations/prototypes, parameters, return values, and scope to divide C programs into small testable units and explain the data passed into and out of each unit.",14,CAREER_EXTENSION,9.4; 13.1; 13.2; 13.11,15.3; 15.4; 15.6,16.1; 16.3,9.4; 13.1; 13.2; 13.11; 15.3; 15.4; 15.6; 16.1; 16.3,,9.4; 13.1; 13.2; 13.11; 15.3; 15.4; 15.6; 16.1; 16.3,ALL_CETA_SUPPORT_ROUTES_ACTIVE,REMEDIATION_REQUIRED,Career skill extends beyond CETa scope while using only verified live CETa routes for any sequencing claim.,CETa objective mastery does not satisfy Career physical/performance evidence; Career performance does not replace CETa mastery.
C6.3,C6,C Programming Fundamentals,"Use arrays, strings, structs, and enums to represent small embedded/test-program data structures while maintaining bounds, type, and lifetime discipline.",14,CAREER_EXTENSION,9.4; 13.1; 13.2; 13.11,15.3; 15.4; 15.6,16.1; 16.3,9.4; 13.1; 13.2; 13.11; 15.3; 15.4; 15.6; 16.1; 16.3,,9.4; 13.1; 13.2; 13.11; 15.3; 15.4; 15.6; 16.1; 16.3,ALL_CETA_SUPPORT_ROUTES_ACTIVE,REMEDIATION_REQUIRED,Career skill extends beyond CETa scope while using only verified live CETa routes for any sequencing claim.,CETa objective mastery does not satisfy Career physical/performance evidence; Career performance does not replace CETa mastery.
C6.4,C6,C Programming Fundamentals,"Use bitwise AND, OR, XOR, shifts, and masks to inspect or modify specific bits, and explain the before/after bit pattern rather than treating the operation as a memorized formula.",14,CAREER_EXTENSION,9.4; 13.1; 13.2; 13.11,15.3; 15.4; 15.6,16.1; 16.3,9.4; 13.1; 13.2; 13.11; 15.3; 15.4; 15.6; 16.1; 16.3,,9.4; 13.1; 13.2; 13.11; 15.3; 15.4; 15.6; 16.1; 16.3,ALL_CETA_SUPPORT_ROUTES_ACTIVE,REMEDIATION_REQUIRED,Career skill extends beyond CETa scope while using only verified live CETa routes for any sequencing claim.,CETa objective mastery does not satisfy Career physical/performance evidence; Career performance does not replace CETa mastery.
C6.5,C6,C Programming Fundamentals,"Recognize and prevent common C defects including off-by-one errors, uninitialized data, invalid pointer use, out-of-bounds access, integer conversion/overflow problems, and missing validation.",14,CAREER_EXTENSION,9.4; 13.1; 13.2; 13.11,15.3; 15.4; 15.6,16.1; 16.3,9.4; 13.1; 13.2; 13.11; 15.3; 15.4; 15.6; 16.1; 16.3,,9.4; 13.1; 13.2; 13.11; 15.3; 15.4; 15.6; 16.1; 16.3,ALL_CETA_SUPPORT_ROUTES_ACTIVE,REMEDIATION_REQUIRED,Career skill extends beyond CETa scope while using only verified live CETa routes for any sequencing claim.,CETa objective mastery does not satisfy Career physical/performance evidence; Career performance does not replace CETa mastery.
C6.6,C6,C Programming Fundamentals,"Build small C programs with warnings enabled, interpret compiler/runtime diagnostics, reproduce failures with controlled inputs, inspect state, and debug by testing one hypothesis at a time.",14,CAREER_EXTENSION,9.4; 13.1; 13.2; 13.11,15.3; 15.4; 15.6,16.1; 16.3,9.4; 13.1; 13.2; 13.11; 15.3; 15.4; 15.6; 16.1; 16.3,,9.4; 13.1; 13.2; 13.11; 15.3; 15.4; 15.6; 16.1; 16.3,ALL_CETA_SUPPORT_ROUTES_ACTIVE,REMEDIATION_REQUIRED,Career skill extends beyond CETa scope while using only verified live CETa routes for any sequencing claim.,CETa objective mastery does not satisfy Career physical/performance evidence; Career performance does not replace CETa mastery.
C6.7,C6,C Programming Fundamentals,"Explain the difference between a value and an address, use pointers to access valid objects/arrays, and identify invalid, null, out-of-bounds, and lifetime-related pointer risks in small C programs.",14,CAREER_EXTENSION,9.4; 13.1; 13.2; 13.11,15.3; 15.4; 15.6,16.1; 16.3,9.4; 13.1; 13.2; 13.11; 15.3; 15.4; 15.6; 16.1; 16.3,,9.4; 13.1; 13.2; 13.11; 15.3; 15.4; 15.6; 16.1; 16.3,ALL_CETA_SUPPORT_ROUTES_ACTIVE,REMEDIATION_REQUIRED,Career skill extends beyond CETa scope while using only verified live CETa routes for any sequencing claim.,CETa objective mastery does not satisfy Career physical/performance evidence; Career performance does not replace CETa mastery.
C7.1,C7,Embedded C & MCU Architecture,"Explain an embedded microcontroller as CPU + memory + clocks + buses + peripherals + registers, and connect each part to what executing C code can observe or control.",15,CAREER_EXTENSION,13.2; 13.3; 13.4; 13.11; 13.12; 15.3; 15.4; 15.5; 15.6,,,13.2; 13.3; 13.4; 13.11; 13.12; 15.3; 15.4; 15.5; 15.6,,13.2; 13.3; 13.4; 13.11; 13.12; 15.3; 15.4; 15.5; 15.6,ALL_CETA_SUPPORT_ROUTES_ACTIVE,REMEDIATION_REQUIRED,Career skill extends beyond CETa scope while using only verified live CETa routes for any sequencing claim.,CETa objective mastery does not satisfy Career physical/performance evidence; Career performance does not replace CETa mastery.
C7.2,C7,Embedded C & MCU Architecture,"Use fixed-width integer types and volatile appropriately for hardware registers or asynchronously changed state, and explain what volatile does and does not guarantee.",15,CAREER_EXTENSION,13.2; 13.3; 13.4; 13.11; 13.12; 15.3; 15.4; 15.5; 15.6,,,13.2; 13.3; 13.4; 13.11; 13.12; 15.3; 15.4; 15.5; 15.6,,13.2; 13.3; 13.4; 13.11; 13.12; 15.3; 15.4; 15.5; 15.6,ALL_CETA_SUPPORT_ROUTES_ACTIVE,REMEDIATION_REQUIRED,Career skill extends beyond CETa scope while using only verified live CETa routes for any sequencing claim.,CETa objective mastery does not satisfy Career physical/performance evidence; Career performance does not replace CETa mastery.
C7.3,C7,Embedded C & MCU Architecture,Apply read-modify-write and bit masks to memory-mapped peripheral registers while preserving unrelated bits and checking the relevant register documentation.,15,CAREER_EXTENSION,13.2; 13.3; 13.4; 13.11; 13.12; 15.3; 15.4; 15.5; 15.6,,,13.2; 13.3; 13.4; 13.11; 13.12; 15.3; 15.4; 15.5; 15.6,,13.2; 13.3; 13.4; 13.11; 13.12; 15.3; 15.4; 15.5; 15.6,ALL_CETA_SUPPORT_ROUTES_ACTIVE,REMEDIATION_REQUIRED,Career skill extends beyond CETa scope while using only verified live CETa routes for any sequencing claim.,CETa objective mastery does not satisfy Career physical/performance evidence; Career performance does not replace CETa mastery.
C7.4,C7,Embedded C & MCU Architecture,"Convert a simple blocking embedded behavior into an explicit nonblocking state machine with named states, transitions, events, and bounded timing behavior.",15,CAREER_EXTENSION,13.2; 13.3; 13.4; 13.11; 13.12; 15.3; 15.4; 15.5; 15.6,,,13.2; 13.3; 13.4; 13.11; 13.12; 15.3; 15.4; 15.5; 15.6,,13.2; 13.3; 13.4; 13.11; 13.12; 15.3; 15.4; 15.5; 15.6,ALL_CETA_SUPPORT_ROUTES_ACTIVE,REMEDIATION_REQUIRED,Career skill extends beyond CETa scope while using only verified live CETa routes for any sequencing claim.,CETa objective mastery does not satisfy Career physical/performance evidence; Career performance does not replace CETa mastery.
C7.5,C7,Embedded C & MCU Architecture,"Explain polling and interrupts from the CPU/peripheral point of view and choose the simpler correct mechanism for a stated latency, timing, and complexity requirement.",15,CAREER_EXTENSION,13.2; 13.3; 13.4; 13.11; 13.12; 15.3; 15.4; 15.5; 15.6,,,13.2; 13.3; 13.4; 13.11; 13.12; 15.3; 15.4; 15.5; 15.6,,13.2; 13.3; 13.4; 13.11; 13.12; 15.3; 15.4; 15.5; 15.6,ALL_CETA_SUPPORT_ROUTES_ACTIVE,REMEDIATION_REQUIRED,Career skill extends beyond CETa scope while using only verified live CETa routes for any sequencing claim.,CETa objective mastery does not satisfy Career physical/performance evidence; Career performance does not replace CETa mastery.
C7.6,C7,Embedded C & MCU Architecture,"Separate hardware-access code, application/state logic, and diagnostic output so each layer can be reasoned about, tested, and troubleshot independently.",15,CAREER_EXTENSION,13.2; 13.3; 13.4; 13.11; 13.12; 15.3; 15.4; 15.5; 15.6,,,13.2; 13.3; 13.4; 13.11; 13.12; 15.3; 15.4; 15.5; 15.6,,13.2; 13.3; 13.4; 13.11; 13.12; 15.3; 15.4; 15.5; 15.6,ALL_CETA_SUPPORT_ROUTES_ACTIVE,REMEDIATION_REQUIRED,Career skill extends beyond CETa scope while using only verified live CETa routes for any sequencing claim.,CETa objective mastery does not satisfy Career physical/performance evidence; Career performance does not replace CETa mastery.
C8.1,C8,STM32 Bring-Up & Debugging,"Create an STM32 project by identifying the exact board/MCU, configuring clocks and pins, generating/inspecting initialization, building the project, and identifying the produced firmware image.",16,CAREER_EXTENSION,8.3; 13.11; 15.1; 15.2; 15.3; 15.4; 15.5; 15.6; 15.8,,16.3,8.3; 13.11; 15.1; 15.2; 15.3; 15.4; 15.5; 15.6; 15.8; 16.3,,8.3; 13.11; 15.1; 15.2; 15.3; 15.4; 15.5; 15.6; 15.8; 16.3,ALL_CETA_SUPPORT_ROUTES_ACTIVE,REMEDIATION_REQUIRED,Career skill extends beyond CETa scope while using only verified live CETa routes for any sequencing claim.,CETa objective mastery does not satisfy Career physical/performance evidence; Career performance does not replace CETa mastery.
C8.2,C8,STM32 Bring-Up & Debugging,"Bring up one STM32 GPIO path from project configuration through firmware state to physical pin behavior, using an independent measurement to prove the result.",16,CAREER_EXTENSION,8.3; 13.11; 15.1; 15.2; 15.3; 15.4; 15.5; 15.6; 15.8,,16.3,8.3; 13.11; 15.1; 15.2; 15.3; 15.4; 15.5; 15.6; 15.8; 16.3,,8.3; 13.11; 15.1; 15.2; 15.3; 15.4; 15.5; 15.6; 15.8; 16.3,ALL_CETA_SUPPORT_ROUTES_ACTIVE,REMEDIATION_REQUIRED,Career skill extends beyond CETa scope while using only verified live CETa routes for any sequencing claim.,CETa objective mastery does not satisfy Career physical/performance evidence; Career performance does not replace CETa mastery.
C8.3,C8,STM32 Bring-Up & Debugging,"Explain the debug-probe/SWD path and use it to connect, halt, step, set breakpoints, and inspect variables/registers so code-flow faults can be separated from hardware faults.",16,CAREER_EXTENSION,8.3; 13.11; 15.1; 15.2; 15.3; 15.4; 15.5; 15.6; 15.8,,16.3,8.3; 13.11; 15.1; 15.2; 15.3; 15.4; 15.5; 15.6; 15.8; 16.3,,8.3; 13.11; 15.1; 15.2; 15.3; 15.4; 15.5; 15.6; 15.8; 16.3,ALL_CETA_SUPPORT_ROUTES_ACTIVE,REMEDIATION_REQUIRED,Career skill extends beyond CETa scope while using only verified live CETa routes for any sequencing claim.,CETa objective mastery does not satisfy Career physical/performance evidence; Career performance does not replace CETa mastery.
C8.4,C8,STM32 Bring-Up & Debugging,"After a known-good GPIO baseline, configure and validate one STM32 timer/event or interrupt path while checking peripheral clock, prescaler/period, time units, flags, and observable timing evidence.",16,CAREER_EXTENSION,8.3; 13.11; 15.1; 15.2; 15.3; 15.4; 15.5; 15.6; 15.8,,16.3,8.3; 13.11; 15.1; 15.2; 15.3; 15.4; 15.5; 15.6; 15.8; 16.3,,8.3; 13.11; 15.1; 15.2; 15.3; 15.4; 15.5; 15.6; 15.8; 16.3,ALL_CETA_SUPPORT_ROUTES_ACTIVE,REMEDIATION_REQUIRED,Career skill extends beyond CETa scope while using only verified live CETa routes for any sequencing claim.,CETa objective mastery does not satisfy Career physical/performance evidence; Career performance does not replace CETa mastery.
C8.5,C8,STM32 Bring-Up & Debugging,"Use staged evidence—power/current, reset/boot, clock/configuration, debug connectivity, minimal firmware, and I/O—to establish a known-good STM32 bring-up baseline before adding complexity.",16,CAREER_EXTENSION,8.3; 13.11; 15.1; 15.2; 15.3; 15.4; 15.5; 15.6; 15.8,,16.3,8.3; 13.11; 15.1; 15.2; 15.3; 15.4; 15.5; 15.6; 15.8; 16.3,,8.3; 13.11; 15.1; 15.2; 15.3; 15.4; 15.5; 15.6; 15.8; 16.3,ALL_CETA_SUPPORT_ROUTES_ACTIVE,REMEDIATION_REQUIRED,Career skill extends beyond CETa scope while using only verified live CETa routes for any sequencing claim.,CETa objective mastery does not satisfy Career physical/performance evidence; Career performance does not replace CETa mastery.
C8.6,C8,STM32 Bring-Up & Debugging,"Capture an STM32 fault reproducibly with board/MCU identity, firmware revision, configuration, measurements/debug evidence, hypothesis, corrective action, and verified retest.",16,CAREER_EXTENSION,8.3; 13.11; 15.1; 15.2; 15.3; 15.4; 15.5; 15.6; 15.8,,16.3,8.3; 13.11; 15.1; 15.2; 15.3; 15.4; 15.5; 15.6; 15.8; 16.3,,8.3; 13.11; 15.1; 15.2; 15.3; 15.4; 15.5; 15.6; 15.8; 16.3,ALL_CETA_SUPPORT_ROUTES_ACTIVE,REMEDIATION_REQUIRED,Career skill extends beyond CETa scope while using only verified live CETa routes for any sequencing claim.,CETa objective mastery does not satisfy Career physical/performance evidence; Career performance does not replace CETa mastery.
C8.7,C8,STM32 Bring-Up & Debugging,"After a known-good digital baseline, configure and validate one STM32 ADC channel using a known input while checking reference voltage, channel/pin mode, resolution/sample settings, raw code, engineering-unit conversion, and independent physical measurement.",16,CAREER_EXTENSION,8.3; 13.11; 15.1; 15.2; 15.3; 15.4; 15.5; 15.6; 15.8,,16.3,8.3; 13.11; 15.1; 15.2; 15.3; 15.4; 15.5; 15.6; 15.8; 16.3,,8.3; 13.11; 15.1; 15.2; 15.3; 15.4; 15.5; 15.6; 15.8; 16.3,ALL_CETA_SUPPORT_ROUTES_ACTIVE,REMEDIATION_REQUIRED,Career skill extends beyond CETa scope while using only verified live CETa routes for any sequencing claim.,CETa objective mastery does not satisfy Career physical/performance evidence; Career performance does not replace CETa mastery.
C9.1,C9,"UART, I²C & SPI Interfaces","Configure UART parameters and diagnose mismatched baud rate, data bits, parity, stop bits, logic level, or crossed TX/RX connections.",17,CAREER_EXTENSION,13.5; 13.9; 13.11; 15.4,,12.1; 12.2; 12.3; 12.4; 12.5,12.1; 12.2; 12.3; 12.4; 12.5; 13.5; 13.9; 13.11; 15.4,,12.1; 12.2; 12.3; 12.4; 12.5; 13.5; 13.9; 13.11; 15.4,ALL_CETA_SUPPORT_ROUTES_ACTIVE,REMEDIATION_REQUIRED,Career skill extends beyond CETa scope while using only verified live CETa routes for any sequencing claim.,CETa objective mastery does not satisfy Career physical/performance evidence; Career performance does not replace CETa mastery.
C9.2,C9,"UART, I²C & SPI Interfaces","Explain I²C addressing, open-drain signaling, pull-up resistors, START/STOP conditions, ACK/NACK, and common stuck-bus faults.",18,CAREER_EXTENSION,13.5; 13.9; 13.11; 15.4,12.1; 12.2; 12.3; 12.4; 12.5,,12.1; 12.2; 12.3; 12.4; 12.5; 13.5; 13.9; 13.11; 15.4,,12.1; 12.2; 12.3; 12.4; 12.5; 13.5; 13.9; 13.11; 15.4,ALL_CETA_SUPPORT_ROUTES_ACTIVE,REMEDIATION_REQUIRED,Career skill extends beyond CETa scope while using only verified live CETa routes for any sequencing claim.,CETa objective mastery does not satisfy Career physical/performance evidence; Career performance does not replace CETa mastery.
C9.3,C9,"UART, I²C & SPI Interfaces","Explain SPI clock, MOSI/MISO, chip select, mode/polarity/phase, word length, and common configuration mismatches.",18,CAREER_EXTENSION,13.5; 13.9; 13.11; 15.4,12.1; 12.2; 12.3; 12.4; 12.5,,12.1; 12.2; 12.3; 12.4; 12.5; 13.5; 13.9; 13.11; 15.4,,12.1; 12.2; 12.3; 12.4; 12.5; 13.5; 13.9; 13.11; 15.4,ALL_CETA_SUPPORT_ROUTES_ACTIVE,REMEDIATION_REQUIRED,Career skill extends beyond CETa scope while using only verified live CETa routes for any sequencing claim.,CETa objective mastery does not satisfy Career physical/performance evidence; Career performance does not replace CETa mastery.
C9.4,C9,"UART, I²C & SPI Interfaces","Use a logic analyzer capture to correlate firmware actions with actual UART, I²C, or SPI bus transactions.",18,CAREER_EXTENSION,13.5; 13.9; 13.11; 15.4,12.1; 12.2; 12.3; 12.4; 12.5,,12.1; 12.2; 12.3; 12.4; 12.5; 13.5; 13.9; 13.11; 15.4,,12.1; 12.2; 12.3; 12.4; 12.5; 13.5; 13.9; 13.11; 15.4,ALL_CETA_SUPPORT_ROUTES_ACTIVE,REMEDIATION_REQUIRED,Career skill extends beyond CETa scope while using only verified live CETa routes for any sequencing claim.,CETa objective mastery does not satisfy Career physical/performance evidence; Career performance does not replace CETa mastery.
C9.5,C9,"UART, I²C & SPI Interfaces","Read a sensor/interface datasheet to determine register address, transaction sequence, timing, and expected response.",18,CAREER_EXTENSION,13.5; 13.9; 13.11; 15.4,12.1; 12.2; 12.3; 12.4; 12.5,,12.1; 12.2; 12.3; 12.4; 12.5; 13.5; 13.9; 13.11; 15.4,,12.1; 12.2; 12.3; 12.4; 12.5; 13.5; 13.9; 13.11; 15.4,ALL_CETA_SUPPORT_ROUTES_ACTIVE,REMEDIATION_REQUIRED,Career skill extends beyond CETa scope while using only verified live CETa routes for any sequencing claim.,CETa objective mastery does not satisfy Career physical/performance evidence; Career performance does not replace CETa mastery.
C9.6,C9,"UART, I²C & SPI Interfaces","Diagnose whether an interface failure is most likely firmware configuration, electrical connection, signal integrity, device addressing, or protocol sequencing.",18,CAREER_EXTENSION,13.5; 13.9; 13.11; 15.4,12.1; 12.2; 12.3; 12.4; 12.5,,12.1; 12.2; 12.3; 12.4; 12.5; 13.5; 13.9; 13.11; 15.4,,12.1; 12.2; 12.3; 12.4; 12.5; 13.5; 13.9; 13.11; 15.4,ALL_CETA_SUPPORT_ROUTES_ACTIVE,REMEDIATION_REQUIRED,Career skill extends beyond CETa scope while using only verified live CETa routes for any sequencing claim.,CETa objective mastery does not satisfy Career physical/performance evidence; Career performance does not replace CETa mastery.
C10.1,C10,Python Test Automation & Data,"Use Python to open, configure, read from, and write to a serial device with explicit timeouts and error handling.",17,CAREER_EXTENSION,9.7,16.1; 16.3; 16.4; 16.5; 16.6,21.4,9.7; 16.1; 16.3; 16.4; 16.5; 16.6; 21.4,,9.7; 16.1; 16.3; 16.4; 16.5; 16.6; 21.4,ALL_CETA_SUPPORT_ROUTES_ACTIVE,REMEDIATION_REQUIRED,Career skill extends beyond CETa scope while using only verified live CETa routes for any sequencing claim.,CETa objective mastery does not satisfy Career physical/performance evidence; Career performance does not replace CETa mastery.
C10.2,C10,Python Test Automation & Data,Parse incoming measurements into structured values and reject malformed or out-of-range data safely.,17,CAREER_EXTENSION,9.7,16.1; 16.3; 16.4; 16.5; 16.6,21.4,9.7; 16.1; 16.3; 16.4; 16.5; 16.6; 21.4,,9.7; 16.1; 16.3; 16.4; 16.5; 16.6; 21.4,ALL_CETA_SUPPORT_ROUTES_ACTIVE,REMEDIATION_REQUIRED,Career skill extends beyond CETa scope while using only verified live CETa routes for any sequencing claim.,CETa objective mastery does not satisfy Career physical/performance evidence; Career performance does not replace CETa mastery.
C10.3,C10,Python Test Automation & Data,"Log timestamped test data in a reproducible format that preserves units, device identity, and test conditions.",17,CAREER_EXTENSION,9.7,16.1; 16.3; 16.4; 16.5; 16.6,21.4,9.7; 16.1; 16.3; 16.4; 16.5; 16.6; 21.4,,9.7; 16.1; 16.3; 16.4; 16.5; 16.6; 21.4,ALL_CETA_SUPPORT_ROUTES_ACTIVE,REMEDIATION_REQUIRED,Career skill extends beyond CETa scope while using only verified live CETa routes for any sequencing claim.,CETa objective mastery does not satisfy Career physical/performance evidence; Career performance does not replace CETa mastery.
C10.4,C10,Python Test Automation & Data,Write an automated PASS/FAIL check against explicit limits and report why a failure occurred.,27,CAREER_EXTENSION,9.7; 16.1; 16.3; 16.4; 16.5; 16.6,,21.4,9.7; 16.1; 16.3; 16.4; 16.5; 16.6; 21.4,,9.7; 16.1; 16.3; 16.4; 16.5; 16.6; 21.4,ALL_CETA_SUPPORT_ROUTES_ACTIVE,REMEDIATION_REQUIRED,Career skill extends beyond CETa scope while using only verified live CETa routes for any sequencing claim.,CETa objective mastery does not satisfy Career physical/performance evidence; Career performance does not replace CETa mastery.
C10.5,C10,Python Test Automation & Data,"Plot or summarize test data to reveal trends, drift, noise, or outliers relevant to a hardware decision.",27,CAREER_EXTENSION,9.7; 16.1; 16.3; 16.4; 16.5; 16.6,,21.4,9.7; 16.1; 16.3; 16.4; 16.5; 16.6; 21.4,,9.7; 16.1; 16.3; 16.4; 16.5; 16.6; 21.4,ALL_CETA_SUPPORT_ROUTES_ACTIVE,REMEDIATION_REQUIRED,Career skill extends beyond CETa scope while using only verified live CETa routes for any sequencing claim.,CETa objective mastery does not satisfy Career physical/performance evidence; Career performance does not replace CETa mastery.
C10.6,C10,Python Test Automation & Data,"Structure a small hardware-test script so setup, stimulus, measurement, evaluation, cleanup, and reporting are separate steps.",27,CAREER_EXTENSION,9.7; 16.1; 16.3; 16.4; 16.5; 16.6,,21.4,9.7; 16.1; 16.3; 16.4; 16.5; 16.6; 21.4,,9.7; 16.1; 16.3; 16.4; 16.5; 16.6; 21.4,ALL_CETA_SUPPORT_ROUTES_ACTIVE,REMEDIATION_REQUIRED,Career skill extends beyond CETa scope while using only verified live CETa routes for any sequencing claim.,CETa objective mastery does not satisfy Career physical/performance evidence; Career performance does not replace CETa mastery.
C11.1,C11,"Hardware Test, Validation & Quality","Translate a requirement into a measurable verification step with setup, stimulus, expected result, tolerance, and evidence.",22,CETA_TO_CAREER,8.3; 8.4; 8.6; 9.1; 9.3,,21.4; 21.7; 21.9,8.3; 8.4; 8.6; 9.1; 9.3; 21.4; 21.7; 21.9,,8.3; 8.4; 8.6; 9.1; 9.3; 21.4; 21.7; 21.9,ALL_CETA_SUPPORT_ROUTES_ACTIVE,REMEDIATION_REQUIRED,"Verified live CETa theory/model is taught first; Career converts it into technician decisions, measurements, troubleshooting, or evidence.",CETa objective mastery does not satisfy Career physical/performance evidence; Career performance does not replace CETa mastery.
C11.2,C11,"Hardware Test, Validation & Quality","Distinguish verification, validation, characterization, troubleshooting, and production test.",22,CETA_TO_CAREER,8.3; 8.4; 8.6; 9.1; 9.3,,21.4; 21.7; 21.9,8.3; 8.4; 8.6; 9.1; 9.3; 21.4; 21.7; 21.9,,8.3; 8.4; 8.6; 9.1; 9.3; 21.4; 21.7; 21.9,ALL_CETA_SUPPORT_ROUTES_ACTIVE,REMEDIATION_REQUIRED,"Verified live CETa theory/model is taught first; Career converts it into technician decisions, measurements, troubleshooting, or evidence.",CETa objective mastery does not satisfy Career physical/performance evidence; Career performance does not replace CETa mastery.
C11.3,C11,"Hardware Test, Validation & Quality",Design a repeatable test procedure that controls variables and records enough context for another technician to reproduce it.,6,CETA_TO_CAREER,8.3; 8.4; 8.6; 9.1; 9.3,,21.4; 21.7; 21.9,8.3; 8.4; 8.6; 9.1; 9.3; 21.4; 21.7; 21.9,,8.3; 8.4; 8.6; 9.1; 9.3; 21.4; 21.7; 21.9,ALL_CETA_SUPPORT_ROUTES_ACTIVE,REMEDIATION_REQUIRED,"Verified live CETa theory/model is taught first; Career converts it into technician decisions, measurements, troubleshooting, or evidence.",CETa objective mastery does not satisfy Career physical/performance evidence; Career performance does not replace CETa mastery.
C11.4,C11,"Hardware Test, Validation & Quality","Use boundary, nominal, and fault conditions to expose weaknesses that a single happy-path test would miss.",27,CETA_TO_CAREER,8.3; 8.4; 8.6; 9.1; 9.3,,21.4; 21.7; 21.9,8.3; 8.4; 8.6; 9.1; 9.3; 21.4; 21.7; 21.9,,8.3; 8.4; 8.6; 9.1; 9.3; 21.4; 21.7; 21.9,ALL_CETA_SUPPORT_ROUTES_ACTIVE,REMEDIATION_REQUIRED,"Verified live CETa theory/model is taught first; Career converts it into technician decisions, measurements, troubleshooting, or evidence.",CETa objective mastery does not satisfy Career physical/performance evidence; Career performance does not replace CETa mastery.
C11.5,C11,"Hardware Test, Validation & Quality","Interpret test results against requirements and identify whether the result is pass, fail, inconclusive, or requires additional data.",4,CETA_TO_CAREER,8.3; 8.4; 8.6; 9.1; 9.3,,21.4; 21.7; 21.9,8.3; 8.4; 8.6; 9.1; 9.3; 21.4; 21.7; 21.9,,8.3; 8.4; 8.6; 9.1; 9.3; 21.4; 21.7; 21.9,ALL_CETA_SUPPORT_ROUTES_ACTIVE,REMEDIATION_REQUIRED,"Verified live CETa theory/model is taught first; Career converts it into technician decisions, measurements, troubleshooting, or evidence.",CETa objective mastery does not satisfy Career physical/performance evidence; Career performance does not replace CETa mastery.
C11.6,C11,"Hardware Test, Validation & Quality","Maintain traceability between requirement, test case, result, anomaly, corrective action, and retest evidence.",22,CETA_TO_CAREER,8.3; 8.4; 8.6; 9.1; 9.3,,21.4; 21.7; 21.9,8.3; 8.4; 8.6; 9.1; 9.3; 21.4; 21.7; 21.9,,8.3; 8.4; 8.6; 9.1; 9.3; 21.4; 21.7; 21.9,ALL_CETA_SUPPORT_ROUTES_ACTIVE,REMEDIATION_REQUIRED,"Verified live CETa theory/model is taught first; Career converts it into technician decisions, measurements, troubleshooting, or evidence.",CETa objective mastery does not satisfy Career physical/performance evidence; Career performance does not replace CETa mastery.
C12.1,C12,Engineering Workflow & Documentation,"Use repository status, diff, staging, commits, and history to inspect and preserve meaningful firmware/test-script changes so the project state is reviewable and reproducible.",23,CETA_TO_CAREER,16.6,,21.2; 21.4; 21.6; 21.9,16.6; 21.2; 21.4; 21.6; 21.9,,16.6; 21.2; 21.4; 21.6; 21.9,ALL_CETA_SUPPORT_ROUTES_ACTIVE,REMEDIATION_REQUIRED,"Verified live CETa theory/model is taught first; Career converts it into technician decisions, measurements, troubleshooting, or evidence.",CETa objective mastery does not satisfy Career physical/performance evidence; Career performance does not replace CETa mastery.
C12.2,C12,Engineering Workflow & Documentation,"Use basic command-line navigation and a repeatable project structure to build, run, inspect, compare, and archive engineering work without losing configuration or evidence context.",23,CETA_TO_CAREER,16.6,,21.2; 21.4; 21.6; 21.9,16.6; 21.2; 21.4; 21.6; 21.9,,16.6; 21.2; 21.4; 21.6; 21.9,ALL_CETA_SUPPORT_ROUTES_ACTIVE,REMEDIATION_REQUIRED,"Verified live CETa theory/model is taught first; Career converts it into technician decisions, measurements, troubleshooting, or evidence.",CETa objective mastery does not satisfy Career physical/performance evidence; Career performance does not replace CETa mastery.
C12.3,C12,Engineering Workflow & Documentation,"Write lab notes with date, objective, configuration, observations, measurements, anomalies, and next actions.",5,CAREER_TO_CETA_FORMALIZATION,,,16.6; 21.2; 21.4; 21.6; 21.9,16.6; 21.2; 21.4; 21.6; 21.9,,16.6; 21.2; 21.4; 21.6; 21.9,ALL_CETA_SUPPORT_ROUTES_ACTIVE,REMEDIATION_REQUIRED,Career introduces the bounded technician behavior before a verified live CETa route formalizes broader terminology/theory. Pending/stale CETa routes never count as prerequisites.,CETa objective mastery does not satisfy Career physical/performance evidence; Career performance does not replace CETa mastery.
C12.4,C12,Engineering Workflow & Documentation,"Create a concise test report with purpose, setup, method, results, plots/tables, conclusions, and unresolved risks.",12,CAREER_TO_CETA_FORMALIZATION,,,16.6; 21.2; 21.4; 21.6; 21.9,16.6; 21.2; 21.4; 21.6; 21.9,,16.6; 21.2; 21.4; 21.6; 21.9,ALL_CETA_SUPPORT_ROUTES_ACTIVE,REMEDIATION_REQUIRED,Career introduces the bounded technician behavior before a verified live CETa route formalizes broader terminology/theory. Pending/stale CETa routes never count as prerequisites.,CETa objective mastery does not satisfy Career physical/performance evidence; Career performance does not replace CETa mastery.
C12.5,C12,Engineering Workflow & Documentation,"Communicate a technical problem to an engineer using observed facts, measurements, attempted checks, and a clear question.",5,CAREER_TO_CETA_FORMALIZATION,,,16.6; 21.2; 21.4; 21.6; 21.9,16.6; 21.2; 21.4; 21.6; 21.9,,16.6; 21.2; 21.4; 21.6; 21.9,ALL_CETA_SUPPORT_ROUTES_ACTIVE,REMEDIATION_REQUIRED,Career introduces the bounded technician behavior before a verified live CETa route formalizes broader terminology/theory. Pending/stale CETa routes never count as prerequisites.,CETa objective mastery does not satisfy Career physical/performance evidence; Career performance does not replace CETa mastery.
C12.6,C12,Engineering Workflow & Documentation,"Keep filenames, versions, units, screenshots, code, schematics, and evidence organized so a future reviewer can reconstruct the work.",23,CETA_TO_CAREER,16.6,,21.2; 21.4; 21.6; 21.9,16.6; 21.2; 21.4; 21.6; 21.9,,16.6; 21.2; 21.4; 21.6; 21.9,ALL_CETA_SUPPORT_ROUTES_ACTIVE,REMEDIATION_REQUIRED,"Verified live CETa theory/model is taught first; Career converts it into technician decisions, measurements, troubleshooting, or evidence.",CETa objective mastery does not satisfy Career physical/performance evidence; Career performance does not replace CETa mastery.
C12.7,C12,Engineering Workflow & Documentation,"Use branches and named known-good baselines/tags to isolate work, preserve recoverable project states, and tie firmware/documentation state to bench evidence.",23,CETA_TO_CAREER,16.6,,21.2; 21.4; 21.6; 21.9,16.6; 21.2; 21.4; 21.6; 21.9,,16.6; 21.2; 21.4; 21.6; 21.9,ALL_CETA_SUPPORT_ROUTES_ACTIVE,REMEDIATION_REQUIRED,"Verified live CETa theory/model is taught first; Career converts it into technician decisions, measurements, troubleshooting, or evidence.",CETa objective mastery does not satisfy Career physical/performance evidence; Career performance does not replace CETa mastery.
C13.1,C13,"Portfolio, Interview & Career Transition","Present a project with problem, requirements, architecture, implementation, test evidence, failure/recovery story, and final result.",30,CAREER_EXTENSION,21.4; 21.9,,,21.4; 21.9,,21.4; 21.9,ALL_CETA_SUPPORT_ROUTES_ACTIVE,REMEDIATION_REQUIRED,Career skill extends beyond CETa scope while using only verified live CETa routes for any sequencing claim.,CETa objective mastery does not satisfy Career physical/performance evidence; Career performance does not replace CETa mastery.
C13.2,C13,"Portfolio, Interview & Career Transition","Explain personal contribution precisely without overstating ownership, certification, job title, or engineering authority.",30,CAREER_EXTENSION,21.4; 21.9,,,21.4; 21.9,,21.4; 21.9,ALL_CETA_SUPPORT_ROUTES_ACTIVE,REMEDIATION_REQUIRED,Career skill extends beyond CETa scope while using only verified live CETa routes for any sequencing claim.,CETa objective mastery does not satisfy Career physical/performance evidence; Career performance does not replace CETa mastery.
C13.3,C13,"Portfolio, Interview & Career Transition",Answer a hardware troubleshooting interview question using a hypothesis-and-measurement process rather than guessing components.,30,CAREER_EXTENSION,21.4; 21.9,,,21.4; 21.9,,21.4; 21.9,ALL_CETA_SUPPORT_ROUTES_ACTIVE,REMEDIATION_REQUIRED,Career skill extends beyond CETa scope while using only verified live CETa routes for any sequencing claim.,CETa objective mastery does not satisfy Career physical/performance evidence; Career performance does not replace CETa mastery.
C13.4,C13,"Portfolio, Interview & Career Transition","Tailor a resume bullet to an electronics/test/embedded role using concrete tools, actions, results, and evidence.",30,CAREER_EXTENSION,21.4; 21.9,,,21.4; 21.9,,21.4; 21.9,ALL_CETA_SUPPORT_ROUTES_ACTIVE,REMEDIATION_REQUIRED,Career skill extends beyond CETa scope while using only verified live CETa routes for any sequencing claim.,CETa objective mastery does not satisfy Career physical/performance evidence; Career performance does not replace CETa mastery.
C13.5,C13,"Portfolio, Interview & Career Transition",Evaluate a job description for must-have versus learnable skills and identify a credible bridge-role application strategy.,30,CAREER_EXTENSION,21.4; 21.9,,,21.4; 21.9,,21.4; 21.9,ALL_CETA_SUPPORT_ROUTES_ACTIVE,REMEDIATION_REQUIRED,Career skill extends beyond CETa scope while using only verified live CETa routes for any sequencing claim.,CETa objective mastery does not satisfy Career physical/performance evidence; Career performance does not replace CETa mastery.
C13.6,C13,"Portfolio, Interview & Career Transition","Use interview/application feedback to choose the next technical repair, portfolio improvement, or job-search adjustment.",31,CAREER_EXTENSION,21.4; 21.9,,,21.4; 21.9,,21.4; 21.9,ALL_CETA_SUPPORT_ROUTES_ACTIVE,REMEDIATION_REQUIRED,Career skill extends beyond CETa scope while using only verified live CETa routes for any sequencing claim.,CETa objective mastery does not satisfy Career physical/performance evidence; Career performance does not replace CETa mastery.
C3.7,C3,Measurement & Instrumentation,"Configure and verify a function/signal generator or electronic load as a controlled stimulus or load, including amplitude, offset, frequency/duty, termination, current/power limits, and independent confirmation of the condition actually applied to the DUT.",6,CETA_TO_CAREER,9.1,,10.5; 10.7,9.1; 10.5; 10.7,8.5; 8.14,8.5; 8.14; 9.1; 10.5; 10.7,VERIFIED_CORE_WITH_PENDING_SECONDARY_CETA_ROUTES,REMEDIATION_REQUIRED,"Verified live CETa theory/model is taught first; Career converts it into technician decisions, measurements, troubleshooting, or evidence.",CETa objective mastery does not satisfy Career physical/performance evidence; Career performance does not replace CETa mastery.
C3.8,C3,Measurement & Instrumentation,"For a role-relevant specialty instrument such as an LCR/ESR meter, frequency counter, spectrum analyzer, or similar bench tool, define the measurement question first, configure the instrument within ratings, record critical settings/status, and sanity-check the result against a known or expected condition.",3,CETA_TO_CAREER,9.3,,,9.3,8.7; 8.9; 8.13,8.7; 8.9; 8.13; 9.3,VERIFIED_CORE_WITH_PENDING_SECONDARY_CETA_ROUTES,REMEDIATION_REQUIRED,"Verified live CETa theory/model is taught first; Career converts it into technician decisions, measurements, troubleshooting, or evidence.",CETa objective mastery does not satisfy Career physical/performance evidence; Career performance does not replace CETa mastery.
C14.1,C14,"Production Workmanship, Quality & Traceability","Given a controlled work instruction, traveler, drawing, or test procedure, identify the correct revision, unit/serial identity, required tools/materials, process steps, hold points, and acceptance criteria before beginning work.",12,CAREER_TO_CETA_FORMALIZATION,,,6.2; 6.3; 21.2; 21.4; 21.7; 21.9,6.2; 6.3; 21.2; 21.4; 21.7; 21.9,,6.2; 6.3; 21.2; 21.4; 21.7; 21.9,ALL_CETA_SUPPORT_ROUTES_ACTIVE,REMEDIATION_REQUIRED,Career introduces the bounded technician behavior before a verified live CETa route formalizes broader terminology/theory. Pending/stale CETa routes never count as prerequisites.,CETa objective mastery does not satisfy Career physical/performance evidence; Career performance does not replace CETa mastery.
C14.2,C14,"Production Workmanship, Quality & Traceability","Inspect an electronic assembly, soldered connection, connector, or harness against defined workmanship criteria and classify the condition as acceptable, rework-required, reject/escalate, or inconclusive without inventing acceptance criteria.",12,CONCURRENT_SHARED,,5.7; 5.8; 5.8.1; 5.8.2,7.11; 7.12; 7.13,5.7; 5.8; 5.8.1; 5.8.2; 7.11; 7.12; 7.13,,5.7; 5.8; 5.8.1; 5.8.2; 7.11; 7.12; 7.13,ALL_CETA_SUPPORT_ROUTES_ACTIVE,REMEDIATION_REQUIRED,Verified live CETa teaching and Career performance are activated in the same week; neither evidence stream substitutes for the other.,CETa objective mastery does not satisfy Career physical/performance evidence; Career performance does not replace CETa mastery.
C14.3,C14,"Production Workmanship, Quality & Traceability","Create a nonconformance or anomaly record that separates observed facts from suspected cause, preserves unit/revision/test context, and avoids unauthorized repair or disposition.",12,CAREER_TO_CETA_FORMALIZATION,,,21.4; 21.7; 21.9,21.4; 21.7; 21.9,,21.4; 21.7; 21.9,ALL_CETA_SUPPORT_ROUTES_ACTIVE,REMEDIATION_REQUIRED,Career introduces the bounded technician behavior before a verified live CETa route formalizes broader terminology/theory. Pending/stale CETa routes never count as prerequisites.,CETa objective mastery does not satisfy Career physical/performance evidence; Career performance does not replace CETa mastery.
C14.4,C14,"Production Workmanship, Quality & Traceability","Maintain traceability among unit/serial number, hardware revision, component/part identity, firmware or test-software version, tool/fixture identity, repair action, and retest result.",12,CAREER_TO_CETA_FORMALIZATION,,,21.4; 21.9,21.4; 21.9,,21.4; 21.9,ALL_CETA_SUPPORT_ROUTES_ACTIVE,REMEDIATION_REQUIRED,Career introduces the bounded technician behavior before a verified live CETa route formalizes broader terminology/theory. Pending/stale CETa routes never count as prerequisites.,CETa objective mastery does not satisfy Career physical/performance evidence; Career performance does not replace CETa mastery.
C14.5,C14,"Production Workmanship, Quality & Traceability","Perform authorized rework or assembly only within the defined process and acceptance criteria, then complete required inspection and electrical/functional verification before declaring the work complete.",12,CONCURRENT_SHARED,,5.1; 5.7; 5.8; 5.8.1; 5.8.2; 5.12,7.12; 7.13,5.1; 5.7; 5.8; 5.8.1; 5.8.2; 5.12; 7.12; 7.13,,5.1; 5.7; 5.8; 5.8.1; 5.8.2; 5.12; 7.12; 7.13,ALL_CETA_SUPPORT_ROUTES_ACTIVE,REMEDIATION_REQUIRED,Verified live CETa teaching and Career performance are activated in the same week; neither evidence stream substitutes for the other.,CETa objective mastery does not satisfy Career physical/performance evidence; Career performance does not replace CETa mastery.
C14.6,C14,"Production Workmanship, Quality & Traceability","Distinguish technician/operator authority from engineering, quality, safety, or configuration-control authority and stop/escalate when the required disposition exceeds the learner’s authorized process.",12,CETA_TO_CAREER,1.6; 1.7,,21.4; 21.8; 21.9,1.6; 1.7; 21.4; 21.8; 21.9,,1.6; 1.7; 21.4; 21.8; 21.9,ALL_CETA_SUPPORT_ROUTES_ACTIVE,REMEDIATION_REQUIRED,"Verified live CETa theory/model is taught first; Career converts it into technician decisions, measurements, troubleshooting, or evidence.",CETa objective mastery does not satisfy Career physical/performance evidence; Career performance does not replace CETa mastery.
C15.1,C15,"Metrology, Calibration & Test Assets","Before using an instrument, fixture, cable, probe, or measurement accessory for acceptance evidence, verify identity, calibration/status information when applicable, ratings, visible condition, and required configuration.",1,CAREER_TO_CETA_FORMALIZATION,,,8.3; 8.4; 8.6,8.3; 8.4; 8.6,,8.3; 8.4; 8.6,ALL_CETA_SUPPORT_ROUTES_ACTIVE,REMEDIATION_REQUIRED,Career introduces the bounded technician behavior before a verified live CETa route formalizes broader terminology/theory. Pending/stale CETa routes never count as prerequisites.,CETa objective mastery does not satisfy Career physical/performance evidence; Career performance does not replace CETa mastery.
C15.2,C15,"Metrology, Calibration & Test Assets","Perform available self-test, zero, compensation, known-reference, or sanity checks and recognize when a failed pre-use check invalidates subsequent measurements.",1,CAREER_TO_CETA_FORMALIZATION,,,8.4; 8.6; 8.12.1,8.4; 8.6; 8.12.1,,8.4; 8.6; 8.12.1,ALL_CETA_SUPPORT_ROUTES_ACTIVE,REMEDIATION_REQUIRED,Career introduces the bounded technician behavior before a verified live CETa route formalizes broader terminology/theory. Pending/stale CETa routes never count as prerequisites.,CETa objective mastery does not satisfy Career physical/performance evidence; Career performance does not replace CETa mastery.
C15.3,C15,"Metrology, Calibration & Test Assets","Use accuracy, resolution, tolerance, repeatability, loading, bandwidth, and stated uncertainty at technician depth to decide whether a measurement can support a PASS/FAIL or troubleshooting conclusion.",3,CONCURRENT_SHARED,9.1; 9.3,8.6,11.8; 11.8.1,8.6; 9.1; 9.3; 11.8; 11.8.1,,8.6; 9.1; 9.3; 11.8; 11.8.1,ALL_CETA_SUPPORT_ROUTES_ACTIVE,REMEDIATION_REQUIRED,Verified live CETa teaching and Career performance are activated in the same week; neither evidence stream substitutes for the other.,CETa objective mastery does not satisfy Career physical/performance evidence; Career performance does not replace CETa mastery.
C15.4,C15,"Metrology, Calibration & Test Assets","Reject or quarantine measurement evidence when calibration/status is expired or unknown, the setup exceeds ratings, configuration is invalid, or the instrument/accessory condition makes the result untrustworthy.",3,CONCURRENT_SHARED,,8.3; 8.4; 8.6,21.4,8.3; 8.4; 8.6; 21.4,,8.3; 8.4; 8.6; 21.4,ALL_CETA_SUPPORT_ROUTES_ACTIVE,REMEDIATION_REQUIRED,Verified live CETa teaching and Career performance are activated in the same week; neither evidence stream substitutes for the other.,CETa objective mastery does not satisfy Career physical/performance evidence; Career performance does not replace CETa mastery.
C15.5,C15,"Metrology, Calibration & Test Assets","Use a known-good reference, substitution, independent measurement, or controlled fixture check to distinguish a DUT failure from a cable, probe, fixture, instrument, or test-software failure.",3,CONCURRENT_SHARED,,8.4; 8.6,6.6; 21.7,6.6; 8.4; 8.6; 21.7,,6.6; 8.4; 8.6; 21.7,ALL_CETA_SUPPORT_ROUTES_ACTIVE,REMEDIATION_REQUIRED,Verified live CETa teaching and Career performance are activated in the same week; neither evidence stream substitutes for the other.,CETa objective mastery does not satisfy Career physical/performance evidence; Career performance does not replace CETa mastery.
C15.6,C15,"Metrology, Calibration & Test Assets","Maintain a simple inspection/maintenance record for test assets and fixtures, identify preventive-maintenance needs, and remove or escalate equipment that cannot be trusted or safely used.",27,CETA_TO_CAREER,8.4,,21.4; 21.9,8.4; 21.4; 21.9,,8.4; 21.4; 21.9,ALL_CETA_SUPPORT_ROUTES_ACTIVE,REMEDIATION_REQUIRED,"Verified live CETa theory/model is taught first; Career converts it into technician decisions, measurements, troubleshooting, or evidence.",CETa objective mastery does not satisfy Career physical/performance evidence; Career performance does not replace CETa mastery.
