Week,Track,Lesson title,Topic-specific substantive word count,Actual concepts taught,Worked examples present?,Real visual needed?,Real visual present?,Guided practice present?,Actual independent scenario present?,Subject-specific misconceptions?,Subject-specific career/application connection?,Knowledge checks?,Teach-back?,External resource dependency?,Template-content concern?,Final verdict
01,CETa,The four quantities and the circuit they describe,2318,"A circuit is a complete path, not a pile of parts; Ohm’s law is a relationship, not three unrelated formulas; Power connects the math to heat and ratings; Shock physiology, emergency response, and First Aid boundaries; NEC awareness, overcurrent protection, and lockout/tagout; ESD, technician tool hazards, and PPE; RF exposure and fiber-optic hazards; Ladders, service vehicles, and fire classes; From charge and energy to voltage and current; Ohm's law as a model with limits; Power, heat, and ratings",Yes — 2 subject-specific worked examples,Yes — a concept/process representation materially supports this lesson,Yes — w01-dc-quantities.svg,Yes — 3 concrete tasks with actual values/conditions/questions,Yes — changed scenario supplied in the lesson,Yes — 2 topic-specific misconception/repair pairs,Yes — named technician/embedded use rather than generic role prose,Yes — existing primary gate + 2 integrated checks,Yes — topic-specific prompt,No — external media follows Alfred instruction as reinforcement/reference,"PASS — structure repeats, technical prose passed duplicate/similarity review",PASS
01,Career,"Safe bench setup, prediction, and measurement",1811,"The technician’s first measurement happens before power; Meters change the circuit when connected incorrectly; Know the boundary of this course; Recognize the safety rules that surround bench work; Hazard log before continuing a test; Career integration: bench safety, ESD, pre-power control, and hazard logging; A safe bench begins before power is applied; Current limiting is a diagnostic boundary; Measure in a deliberate order",Yes — 2 subject-specific worked examples,Yes — a concept/process representation materially supports this lesson,Yes — w01-bench-sequence.svg,Yes — 3 concrete tasks with actual values/conditions/questions,Yes — changed scenario supplied in the lesson,Yes — 2 topic-specific misconception/repair pairs,Yes — named technician/embedded use rather than generic role prose,Yes — existing primary gate + 2 integrated checks,Yes — topic-specific prompt,No — external media follows Alfred instruction as reinforcement/reference,"PASS — structure repeats, technical prose passed duplicate/similarity review",PASS
02,CETa,"Series, parallel, KVL, KCL, and divider reasoning",2668,"Topology determines what is shared; Kirchhoff turns conservation into two diagnostic rules; A divider is only ideal when the load is negligible; Atoms, charge, current, voltage, resistance, and uses of electricity; Electromagnetism and induction; Motors and generators as reciprocal energy converters; Resistive, capacitive, inductive and impedance behavior; Sources, AC measures, duty cycle, pulse width, Ohm’s law, and power; Series/parallel DC and AC networks, KCL/KVL, and resistive calculations; Oscillators, multivibrators, and phase-locked loops; Reactance class, resonance, rectangular/polar form, bandwidth and Q; Filters, integrators/differentiators, and wave shaping; Piezoelectric effect and technician applications; Topology comes before arithmetic; KCL and KVL are conservation laws; Loaded dividers reveal why measuring changes circuits",Yes — 2 subject-specific worked examples,Yes — a concept/process representation materially supports this lesson,Yes — w02-kcl-kvl-divider.svg,Yes — 3 concrete tasks with actual values/conditions/questions,Yes — changed scenario supplied in the lesson,Yes — 2 topic-specific misconception/repair pairs,Yes — named technician/embedded use rather than generic role prose,Yes — existing primary gate + 2 integrated checks,Yes — topic-specific prompt,No — external media follows Alfred instruction as reinforcement/reference,"PASS — structure repeats, technical prose passed duplicate/similarity review",PASS
02,Career,Use expected node values to troubleshoot instead of guessing,1266,A schematic is a prediction map; Fault patterns have structure; Change one variable and preserve the evidence; Turn a schematic into a measurement plan; Use the first bad boundary; Different faults leave different signatures,Yes — 2 subject-specific worked examples,Yes — a concept/process representation materially supports this lesson,Yes — w02-fault-boundary.svg,Yes — 3 concrete tasks with actual values/conditions/questions,Yes — changed scenario supplied in the lesson,Yes — 2 topic-specific misconception/repair pairs,Yes — named technician/embedded use rather than generic role prose,Yes — existing primary gate + 2 integrated checks,Yes — topic-specific prompt,No — external media follows Alfred instruction as reinforcement/reference,"PASS — structure repeats, technical prose passed duplicate/similarity review",PASS
03,CETa,What each instrument measures and how the controls map to quantities,2056,"The DMM is several instruments sharing one display; A bench supply has two interacting limits; An oscilloscope is a voltage-versus-time instrument; Analog/digital meters, construction, safety, loading, and leads; Signal generators, frequency counters, RCL substitution, and ESR meters; Logic probes and logic pulsers: observe versus stimulate; Oscilloscope controls and spectrum analyzer operation; Dummy loads, rheostats, isolation transformers, Variacs, and potentiometers; Meters are circuits connected to circuits; Oscilloscopes measure voltage over time; Instrument choice follows the question",Yes — 2 subject-specific worked examples,Yes — a concept/process representation materially supports this lesson,Yes — w03-instrument-connections.svg,Yes — 3 concrete tasks with actual values/conditions/questions,Yes — changed scenario supplied in the lesson,Yes — 2 topic-specific misconception/repair pairs,Yes — named technician/embedded use rather than generic role prose,Yes — existing primary gate + 2 integrated checks,Yes — topic-specific prompt,No — external media follows Alfred instruction as reinforcement/reference,"PASS — structure repeats, technical prose passed duplicate/similarity review",PASS
03,Career,"Measurement planning, probe discipline, and uncertainty",1334,"Choose the instrument from the question; Ground clips are electrical connections; Reproducibility belongs in the measurement; Career integration: hypothesis-driven measurement and instruments; Write the question before choosing the probe; Separate accuracy, resolution, repeatability, and loading; Preserve raw evidence and context",Yes — 2 subject-specific worked examples,Yes — a concept/process representation materially supports this lesson,Yes — w03-measurement-plan.svg,Yes — 3 concrete tasks with actual values/conditions/questions,Yes — changed scenario supplied in the lesson,Yes — 2 topic-specific misconception/repair pairs,Yes — named technician/embedded use rather than generic role prose,Yes — existing primary gate + 2 integrated checks,Yes — topic-specific prompt,No — external media follows Alfred instruction as reinforcement/reference,"PASS — structure repeats, technical prose passed duplicate/similarity review",PASS
04,CETa,Waveform language and energy-storage behavior,1555,"A waveform needs both vertical and horizontal descriptions; Capacitors oppose instantaneous voltage change; Inductors oppose instantaneous current change; Core formulas, SI prefixes, NIST spelling exceptions, and scientific notation; Number systems and Boolean algebra; Decibels and graphs as engineering representations; Capacitors oppose instantaneous voltage change; Inductors oppose instantaneous current change; Waveform vocabulary connects the time domain to measurements",Yes — 2 subject-specific worked examples,Yes — a concept/process representation materially supports this lesson,Yes — w04-rc-rl-response.svg,Yes — 3 concrete tasks with actual values/conditions/questions,Yes — changed scenario supplied in the lesson,Yes — 2 topic-specific misconception/repair pairs,Yes — named technician/embedded use rather than generic role prose,Yes — existing primary gate + 2 integrated checks,Yes — topic-specific prompt,No — external media follows Alfred instruction as reinforcement/reference,"PASS — structure repeats, technical prose passed duplicate/similarity review",PASS
04,Career,Turn time-domain measurements into filter and fault evidence,1141,"The same RC pair can perform different jobs; Measure response as a ratio across frequency; Transient shape is a diagnostic signature; A filter is a transfer relationship, not a label; Time-domain and frequency-domain evidence describe the same network; Faults shift recognizable features",Yes — 2 subject-specific worked examples,Yes — a concept/process representation materially supports this lesson,Yes — w04-filter-response.svg,Yes — 3 concrete tasks with actual values/conditions/questions,Yes — changed scenario supplied in the lesson,Yes — 2 topic-specific misconception/repair pairs,Yes — named technician/embedded use rather than generic role prose,Yes — existing primary gate + 2 integrated checks,Yes — topic-specific prompt,No — external media follows Alfred instruction as reinforcement/reference,"PASS — structure repeats, technical prose passed duplicate/similarity review",PASS
05,CETa,Interleaved foundation retrieval and error repair,1147,"Mixed practice tests selection, not just execution; Use three independent checks; A correction is a new performance, not rereading; Interleaving forces model selection; A correction should attack the error mechanism; Confidence comes from changed-context retrieval",Yes — 2 subject-specific worked examples,Yes — a concept/process representation materially supports this lesson,Yes — w05-model-selection.svg,Yes — 3 concrete tasks with actual values/conditions/questions,Yes — changed scenario supplied in the lesson,Yes — 2 topic-specific misconception/repair pairs,Yes — named technician/embedded use rather than generic role prose,Yes — existing primary gate + 2 integrated checks,Yes — topic-specific prompt,No — external media follows Alfred instruction as reinforcement/reference,"PASS — structure repeats, technical prose passed duplicate/similarity review",PASS
05,Career,A complete troubleshooting loop under a practical gate,1109,Start with an observable failure statement; Let each measurement shrink the fault space; Verification is more than seeing the output once; Freeze the symptom before changing anything; Competing hypotheses make measurements useful; Root cause requires verification after the fix,Yes — 2 subject-specific worked examples,Yes — a concept/process representation materially supports this lesson,Yes — w05-troubleshooting-loop.svg,Yes — 3 concrete tasks with actual values/conditions/questions,Yes — changed scenario supplied in the lesson,Yes — 2 topic-specific misconception/repair pairs,Yes — named technician/embedded use rather than generic role prose,Yes — existing primary gate + 2 integrated checks,Yes — topic-specific prompt,No — external media follows Alfred instruction as reinforcement/reference,"PASS — structure repeats, technical prose passed duplicate/similarity review",PASS
06,CETa,"From reactance to impedance, phase, and resonance",1122,Reactance is frequency-dependent opposition; Impedance combines resistance and reactance as a vector; Resonance and transformation are controlled relationships; Reactance is frequency-dependent opposition; Impedance combines magnitude and phase; Resonance is cancellation of opposite reactances,Yes — 2 subject-specific worked examples,Yes — a concept/process representation materially supports this lesson,Yes — w06-reactance-phasor.svg,Yes — 3 concrete tasks with actual values/conditions/questions,Yes — changed scenario supplied in the lesson,Yes — 2 topic-specific misconception/repair pairs,Yes — named technician/embedded use rather than generic role prose,Yes — existing primary gate + 2 integrated checks,Yes — topic-specific prompt,No — external media follows Alfred instruction as reinforcement/reference,"PASS — structure repeats, technical prose passed duplicate/similarity review",PASS
06,Career,Characterize a filter or resonant network like a technician,1074,A response curve is a collection of controlled tests; Real components and instruments load the network; Use error shape to choose the next test; Characterization starts with a model and a sweep plan; Amplitude and phase are separate evidence; Fault signatures can be predicted before sweeping,Yes — 2 subject-specific worked examples,Yes — a concept/process representation materially supports this lesson,Yes — w06-frequency-sweep.svg,Yes — 3 concrete tasks with actual values/conditions/questions,Yes — changed scenario supplied in the lesson,Yes — 2 topic-specific misconception/repair pairs,Yes — named technician/embedded use rather than generic role prose,Yes — existing primary gate + 2 integrated checks,Yes — topic-specific prompt,No — external media follows Alfred instruction as reinforcement/reference,"PASS — structure repeats, technical prose passed duplicate/similarity review",PASS
07,CETa,"Component families, ratings, magnetism, and machines",2009,"A part name does not establish suitability; Electricity and magnetism convert energy in both directions; Relays separate coil control from switched contacts; Resistor families, markings, thermistors, and potentiometers; Capacitors: type, variable capacitance, charge, and coulombs; Inductors and transformers: construction, cores, turns, and laminations; Transistors: BJT, JFET, MOSFET, CMOS, IGBT, and Darlington behavior; SCR/DIAC/TRIAC and diode families; Integrated circuits and relay types including solid-state relays; Component type predicts behavior and failure modes; Transformers couple magnetic flux, not DC continuity; Relays and machines convert electrical and magnetic behavior into motion",Yes — 2 subject-specific worked examples,Yes — a concept/process representation materially supports this lesson,Yes — w07-transformer-relay.svg,Yes — 3 concrete tasks with actual values/conditions/questions,Yes — changed scenario supplied in the lesson,Yes — 2 topic-specific misconception/repair pairs,Yes — named technician/embedded use rather than generic role prose,Yes — existing primary gate + 2 integrated checks,Yes — topic-specific prompt,No — external media follows Alfred instruction as reinforcement/reference,"PASS — structure repeats, technical prose passed duplicate/similarity review",PASS
07,Career,Read a datasheet and design a relay/inductive-load interface,1176,"Read the datasheet in a risk-first order; Budget every current path; Verify both function and stress; Read a datasheet by engineering question; A relay coil is an inductive load; Separate logic control, power path, and switched load",Yes — 2 subject-specific worked examples,Yes — a concept/process representation materially supports this lesson,Yes — w07-relay-driver.svg,Yes — 3 concrete tasks with actual values/conditions/questions,Yes — changed scenario supplied in the lesson,Yes — 2 topic-specific misconception/repair pairs,Yes — named technician/embedded use rather than generic role prose,Yes — existing primary gate + 2 integrated checks,Yes — topic-specific prompt,No — external media follows Alfred instruction as reinforcement/reference,"PASS — structure repeats, technical prose passed duplicate/similarity review",PASS
08,CETa,Junction behavior and semiconductor device roles,1188,A diode is directional but not an ideal check valve; A BJT is controlled by base current; A MOSFET is controlled by gate-to-source voltage; Semiconductor junctions create controllable nonlinear behavior; BJT and FET devices control current differently; Thyristors and specialized diodes have specific triggering behavior,Yes — 2 subject-specific worked examples,Yes — a concept/process representation materially supports this lesson,Yes — w08-semiconductor-roles.svg,Yes — 3 concrete tasks with actual values/conditions/questions,Yes — changed scenario supplied in the lesson,Yes — 2 topic-specific misconception/repair pairs,Yes — named technician/embedded use rather than generic role prose,Yes — existing primary gate + 2 integrated checks,Yes — topic-specific prompt,No — external media follows Alfred instruction as reinforcement/reference,"PASS — structure repeats, technical prose passed duplicate/similarity review",PASS
08,Career,Design and diagnose a protected low-side switch,1198,"Start from the load and work backward; Pre-power inspection targets high-consequence mistakes; Three node measurements usually reveal the stage that failed; A low-side switch is a complete electrical path; Gate drive and switching loss are real design constraints; Diagnose by comparing control node, switch node, and load current",Yes — 2 subject-specific worked examples,Yes — a concept/process representation materially supports this lesson,Yes — w08-low-side-switch.svg,Yes — 3 concrete tasks with actual values/conditions/questions,Yes — changed scenario supplied in the lesson,Yes — 2 topic-specific misconception/repair pairs,Yes — named technician/embedded use rather than generic role prose,Yes — existing primary gate + 2 integrated checks,Yes — topic-specific prompt,No — external media follows Alfred instruction as reinforcement/reference,"PASS — structure repeats, technical prose passed duplicate/similarity review",PASS
09,CETa,Power-supply blocks and their expected signals,1700,"Follow the block chain; The filter capacitor supplies load between peaks; Regulation trades voltage, current, heat, noise, and complexity; Power-supply hazards, transformer versus line-connected supplies, and protection; Batteries, charging, capacity, and protection; Rectification, L/T/Pi filters, regulation, and DC calculations; Switch-mode power supply operation; Linear supplies move through recognizable blocks; Ripple depends on load, capacitance, and recharge interval; Switch-mode supplies move energy in pulses",Yes — 2 subject-specific worked examples,Yes — a concept/process representation materially supports this lesson,Yes — w09-power-supply-blocks.svg,Yes — 3 concrete tasks with actual values/conditions/questions,Yes — changed scenario supplied in the lesson,Yes — 2 topic-specific misconception/repair pairs,Yes — named technician/embedded use rather than generic role prose,Yes — existing primary gate + 2 integrated checks,Yes — topic-specific prompt,No — external media follows Alfred instruction as reinforcement/reference,"PASS — structure repeats, technical prose passed duplicate/similarity review",PASS
09,Career,Rail-by-rail bring-up and supply troubleshooting,1142,"Power problems are upstream until evidence says otherwise; Current limiting converts catastrophic faults into observable evidence; Ripple measurement can be corrupted by the probe loop; Start with a power tree; Use rail behavior to distinguish source, regulator, and load faults; Document staged bring-up",Yes — 2 subject-specific worked examples,Yes — a concept/process representation materially supports this lesson,Yes — w09-power-tree.svg,Yes — 3 concrete tasks with actual values/conditions/questions,Yes — changed scenario supplied in the lesson,Yes — 2 topic-specific misconception/repair pairs,Yes — named technician/embedded use rather than generic role prose,Yes — existing primary gate + 2 integrated checks,Yes — topic-specific prompt,No — external media follows Alfred instruction as reinforcement/reference,"PASS — structure repeats, technical prose passed duplicate/similarity review",PASS
10,CETa,"Gain, dB, feedback, and ideal op-amp rules",1691,"Gain is an input-to-output ratio with conditions; Negative feedback sets predictable closed-loop behavior; Real amplifiers have rails, bandwidth, drive, and bias limits; Amplifier roles, classes, stages, and frequency response; BJT and FET amplifier bias, gain, and power; Operational amplifiers and gain analysis; Distortion, loading, buffering, and measurement error; Amplifiers use supply energy to reproduce a signal with gain; Bias creates room for an analog signal; Op-amp rules are conditional approximations",Yes — 2 subject-specific worked examples,Yes — a concept/process representation materially supports this lesson,Yes — w10-opamp-amplifier.svg,Yes — 3 concrete tasks with actual values/conditions/questions,Yes — changed scenario supplied in the lesson,Yes — 2 topic-specific misconception/repair pairs,Yes — named technician/embedded use rather than generic role prose,Yes — existing primary gate + 2 integrated checks,Yes — topic-specific prompt,No — external media follows Alfred instruction as reinforcement/reference,"PASS — structure repeats, technical prose passed duplicate/similarity review",PASS
10,Career,Measure and troubleshoot a signal chain,1052,Begin with a signal budget; Feedback faults leave recognizable evidence; Report gain across frequency and load; Build a signal budget; Use waveform shape to classify faults; Change one condition to separate mechanisms,Yes — 2 subject-specific worked examples,Yes — a concept/process representation materially supports this lesson,Yes — w10-signal-budget.svg,Yes — 3 concrete tasks with actual values/conditions/questions,Yes — changed scenario supplied in the lesson,Yes — 2 topic-specific misconception/repair pairs,Yes — named technician/embedded use rather than generic role prose,Yes — existing primary gate + 2 integrated checks,Yes — topic-specific prompt,No — external media follows Alfred instruction as reinforcement/reference,"PASS — structure repeats, technical prose passed duplicate/similarity review",PASS
11,CETa,"Binary, hexadecimal, gates, and sequential state",1612,"Number bases are different representations of the same value; Logic gates implement conditions; Sequential logic remembers state; Logic gates, truth tables, and flip-flops; Counters, buses, clocks, timing, and logic families; Digital displays and microcontrollers; Logic pulser/probe digital signal tracing and fault isolation; Binary and hexadecimal are representations, not different values; Logic gates implement relationships between electrical states; Sequential logic adds memory and timing",Yes — 2 subject-specific worked examples,Yes — a concept/process representation materially supports this lesson,Yes — w11-digital-logic.svg,Yes — 3 concrete tasks with actual values/conditions/questions,Yes — changed scenario supplied in the lesson,Yes — 2 topic-specific misconception/repair pairs,Yes — named technician/embedded use rather than generic role prose,Yes — existing primary gate + 2 integrated checks,Yes — topic-specific prompt,No — external media follows Alfred instruction as reinforcement/reference,"PASS — structure repeats, technical prose passed duplicate/similarity review",PASS
11,Career,"Real logic levels, pull resistors, debounce, and measurement",1139,"A logical 1 is a voltage range, not the word “high”; Unconnected inputs do not have a reliable state; Mechanical switches create multiple transitions; Digital '1' is an electrical contract; Pull resistors define default state and edge behavior; Debounce is a time-domain problem",Yes — 2 subject-specific worked examples,Yes — a concept/process representation materially supports this lesson,Yes — w11-pullup-debounce.svg,Yes — 3 concrete tasks with actual values/conditions/questions,Yes — changed scenario supplied in the lesson,Yes — 2 topic-specific misconception/repair pairs,Yes — named technician/embedded use rather than generic role prose,Yes — existing primary gate + 2 integrated checks,Yes — topic-specific prompt,No — external media follows Alfred instruction as reinforcement/reference,"PASS — structure repeats, technical prose passed duplicate/similarity review",PASS
12,CETa,ESD control and solder/rework fundamentals,1809,"ESD damage can be latent and invisible; A good joint comes from clean surfaces, correct heat, and wetting; Rework controls heat and mechanical stress; Solder safety, fumes, splatter, flux, and alloy choice; Heat shunts, cold joints, and good mechanical/electrical connections; SMT/BGA handling and PCB pad/trace/PTH repair boundaries; Desoldering principles, equipment care, and solder wick; Soldering is controlled wetting and heat transfer; Rework has a damage budget; ESD control is specific to the work state",Yes — 2 subject-specific worked examples,Yes — a concept/process representation materially supports this lesson,Yes — w12-solder-rework.svg,Yes — 3 concrete tasks with actual values/conditions/questions,Yes — changed scenario supplied in the lesson,Yes — 2 topic-specific misconception/repair pairs,Yes — named technician/embedded use rather than generic role prose,Yes — existing primary gate + 2 integrated checks,Yes — topic-specific prompt,No — external media follows Alfred instruction as reinforcement/reference,"PASS — structure repeats, technical prose passed duplicate/similarity review",PASS
12,Career,Make physical changes traceable with Git and lab records,1198,Hardware work needs a change record too; Git preserves software and documentation decisions; A repair can be successful and still need escalation; Career integration: solder/rework workmanship and harness evidence; A physical repair needs a configuration record; Git tracks text and metadata; it does not magically track the bench; A good lab record separates observation from interpretation,Yes — 2 subject-specific worked examples,Yes — a concept/process representation materially supports this lesson,Yes — w12-traceable-repair.svg,Yes — 3 concrete tasks with actual values/conditions/questions,Yes — changed scenario supplied in the lesson,Yes — 2 topic-specific misconception/repair pairs,Yes — named technician/embedded use rather than generic role prose,Yes — existing primary gate + 2 integrated checks,Yes — topic-specific prompt,No — external media follows Alfred instruction as reinforcement/reference,"PASS — structure repeats, technical prose passed duplicate/similarity review",PASS
13,CETa,Read diagram types and turn symbols into behavior,1498,"Each drawing answers a different question; Read from rails and references into functional blocks; A datasheet is conditional evidence; Symbols, schematic/wiring/block diagrams, drafting conventions, and IC pinouts; Block diagrams, test points, signal tracing, and schematic fault location; Building wiring awareness and flowcharts; Schematic, wiring, block, and layout drawings have different purposes; Symbols become useful when connected to expected behavior; Signal tracing uses hierarchy",Yes — 2 subject-specific worked examples,Yes — a concept/process representation materially supports this lesson,Yes — w13-signal-flow.svg,Yes — 3 concrete tasks with actual values/conditions/questions,Yes — changed scenario supplied in the lesson,Yes — 2 topic-specific misconception/repair pairs,Yes — named technician/embedded use rather than generic role prose,Yes — existing primary gate + 2 integrated checks,Yes — topic-specific prompt,No — external media follows Alfred instruction as reinforcement/reference,"PASS — structure repeats, technical prose passed duplicate/similarity review",PASS
13,Career,Troubleshoot with competing hypotheses and high-information tests,1334,"Build a fault model before probing; Divide at functional boundaries; Root cause requires a causal chain; Career integration: schematics, datasheets, design intent, and test-point prediction; Career integration: reproducible fault isolation and root cause; Hypotheses should be specific enough to predict different evidence; High-information tests reduce the search space; Root cause is a mechanism, not a symptom label",Yes — 2 subject-specific worked examples,Yes — a concept/process representation materially supports this lesson,Yes — w13-hypothesis-tree.svg,Yes — 3 concrete tasks with actual values/conditions/questions,Yes — changed scenario supplied in the lesson,Yes — 2 topic-specific misconception/repair pairs,Yes — named technician/embedded use rather than generic role prose,Yes — existing primary gate + 2 integrated checks,Yes — topic-specific prompt,No — external media follows Alfred instruction as reinforcement/reference,"PASS — structure repeats, technical prose passed duplicate/similarity review",PASS
14,CETa,"Computer blocks, representation, memory, and the build path",1468,"A computer repeatedly moves, transforms, and stores information; Bits gain meaning from type and context; Source code passes through tools before hardware can execute it; Computer architecture, CPU blocks, memory, block diagrams, and flowcharts; PLC purpose, scan cycle, programming concepts, and languages; Peripherals and interface devices/cards; A computer is coordinated storage, processing, and I/O; Source code becomes executable through stages; PLCs are computers optimized for industrial control",Yes — 2 subject-specific worked examples,Yes — a concept/process representation materially supports this lesson,Yes — w14-build-computer.svg,Yes — 3 concrete tasks with actual values/conditions/questions,Yes — changed scenario supplied in the lesson,Yes — 2 topic-specific misconception/repair pairs,Yes — named technician/embedded use rather than generic role prose,Yes — existing primary gate + 2 integrated checks,Yes — topic-specific prompt,No — external media follows Alfred instruction as reinforcement/reference,"PASS — structure repeats, technical prose passed duplicate/similarity review",PASS
14,Career,Write and debug small C programs methodically,1209,"Types and functions make intent checkable; Arrays and pointers are related but not identical; Debug from evidence, not edits; Career integration: C programming as testable technical work; C variables are typed storage with scope and lifetime; Pointers make memory addresses explicit; Debug by reducing the program to observable states",Yes — 2 subject-specific worked examples,Yes — a concept/process representation materially supports this lesson,Yes — w14-c-memory.svg,Yes — 3 concrete tasks with actual values/conditions/questions,Yes — changed scenario supplied in the lesson,Yes — 2 topic-specific misconception/repair pairs,Yes — named technician/embedded use rather than generic role prose,Yes — existing primary gate + 2 integrated checks,Yes — topic-specific prompt,No — external media follows Alfred instruction as reinforcement/reference,"PASS — structure repeats, technical prose passed duplicate/similarity review",PASS
15,CETa,"Bit fields, ports, processors, and stored state",1033,Masks select bits without touching their neighbors; Ports and registers connect code to hardware; A state machine makes history explicit; Registers are named groups of bits with defined meaning; Ports connect digital logic to physical pins through configuration; Stored state lives at different layers,Yes — 2 subject-specific worked examples,Yes — a concept/process representation materially supports this lesson,Yes — w15-register-gpio.svg,Yes — 3 concrete tasks with actual values/conditions/questions,Yes — changed scenario supplied in the lesson,Yes — 2 topic-specific misconception/repair pairs,Yes — named technician/embedded use rather than generic role prose,Yes — existing primary gate + 2 integrated checks,Yes — topic-specific prompt,No — external media follows Alfred instruction as reinforcement/reference,"PASS — structure repeats, technical prose passed duplicate/similarity review",PASS
15,Career,"Responsive embedded architecture, volatile, and timing choices",1179,"Blocking delays hide time from the rest of the system; `volatile` prevents a compiler assumption; it is not a lock; Polling and interrupts are tools with different costs; Career integration: embedded C, MCU architecture, and nonblocking design; Embedded software must share time; `volatile` solves one narrow problem; Time should be represented with units and wrap-safe logic",Yes — 2 subject-specific worked examples,Yes — a concept/process representation materially supports this lesson,Yes — w15-state-machine.svg,Yes — 3 concrete tasks with actual values/conditions/questions,Yes — changed scenario supplied in the lesson,Yes — 2 topic-specific misconception/repair pairs,Yes — named technician/embedded use rather than generic role prose,Yes — existing primary gate + 2 integrated checks,Yes — topic-specific prompt,No — external media follows Alfred instruction as reinforcement/reference,"PASS — structure repeats, technical prose passed duplicate/similarity review",PASS
16,CETa,"MCU architecture, memory map, GPIO, and debug concepts",1227,An MCU is a system of clocked blocks; A package pin may serve many internal functions; SWD provides controlled visibility into execution; An MCU is a computer plus tightly integrated peripherals; Clock and reset state determine whether configuration means anything; GPIO is a chain of configuration decisions; SWD exposes internal state but can alter timing,Yes — 2 subject-specific worked examples,Yes — a concept/process representation materially supports this lesson,Yes — w16-mcu-architecture.svg,Yes — 3 concrete tasks with actual values/conditions/questions,Yes — changed scenario supplied in the lesson,Yes — 2 topic-specific misconception/repair pairs,Yes — named technician/embedded use rather than generic role prose,Yes — existing primary gate + 2 integrated checks,Yes — topic-specific prompt,No — external media follows Alfred instruction as reinforcement/reference,"PASS — structure repeats, technical prose passed duplicate/similarity review",PASS
16,Career,"Create, flash, verify, and document a minimum STM32 bring-up",1234,Start with the smallest known behavior; Use independent evidence at each layer; Generated code is a dependency you must understand enough to debug; Career integration: STM32 bring-up and SWD evidence; Bring-up is a ladder of proofs; Generated configuration is still your responsibility; Use independent evidence at each layer,Yes — 2 subject-specific worked examples,Yes — a concept/process representation materially supports this lesson,Yes — w16-bringup-ladder.svg,Yes — 3 concrete tasks with actual values/conditions/questions,Yes — changed scenario supplied in the lesson,Yes — 2 topic-specific misconception/repair pairs,Yes — named technician/embedded use rather than generic role prose,Yes — existing primary gate + 2 integrated checks,Yes — topic-specific prompt,No — external media follows Alfred instruction as reinforcement/reference,"PASS — structure repeats, technical prose passed duplicate/similarity review",PASS
17,CETa,"UART frames, parameters, levels, and error causes",1436,"UART shares timing rules instead of a clock wire; TX crosses to RX and both ends need a reference; Garbled data is a useful symptom; Basic operation, setup/configuration, and stand-alone versus networked computers; Program installation, utilities, backups, downloads, and recovery; Surges versus malware and practical cybersecurity/network use; UART frames bytes without a shared clock; Electrical UART is not the same thing as RS-232 or USB; Errors point to different layers",Yes — 2 subject-specific worked examples,Yes — a concept/process representation materially supports this lesson,Yes — w17-uart-frame.svg,Yes — 3 concrete tasks with actual values/conditions/questions,Yes — changed scenario supplied in the lesson,Yes — 2 topic-specific misconception/repair pairs,Yes — named technician/embedded use rather than generic role prose,Yes — existing primary gate + 2 integrated checks,Yes — topic-specific prompt,No — external media follows Alfred instruction as reinforcement/reference,"PASS — structure repeats, technical prose passed duplicate/similarity review",PASS
17,Career,Build a robust Python serial client and evidence log,1137,"Serial software needs explicit boundaries; Bytes become text or numbers only after validation; A good log preserves failures; Serial software needs an explicit contract; Parsing is a validation boundary; A test log should preserve failure, not hide it; UART crosses electrical, framing, transport, and application boundaries",Yes — 2 subject-specific worked examples,Yes — a concept/process representation materially supports this lesson,Yes — w17-python-serial.svg,Yes — 3 concrete tasks with actual values/conditions/questions,Yes — changed scenario supplied in the lesson,Yes — 2 topic-specific misconception/repair pairs,Yes — named technician/embedded use rather than generic role prose,Yes — existing primary gate + 2 integrated checks,Yes — topic-specific prompt,No — external media follows Alfred instruction as reinforcement/reference,"PASS — structure repeats, technical prose passed duplicate/similarity review",PASS
18,CETa,"Interface roles, signaling, and conversion",1418,"I²C shares two open-drain lines; SPI trades more wires for direct full-duplex shifting; Raw codes need scale, sign, byte order, and context; Signal levels, connectors, grounding, mismatch, and conflict symptoms; USB, I2C, and Zigbee interfaces; Interfaces are electrical plus protocol contracts; I2C uses shared open-drain lines and addressing; SPI uses dedicated clock/data and explicit chip selection",Yes — 2 subject-specific worked examples,Yes — a concept/process representation materially supports this lesson,Yes — w18-i2c-spi.svg,Yes — 3 concrete tasks with actual values/conditions/questions,Yes — changed scenario supplied in the lesson,Yes — 2 topic-specific misconception/repair pairs,Yes — named technician/embedded use rather than generic role prose,Yes — existing primary gate + 2 integrated checks,Yes — topic-specific prompt,No — external media follows Alfred instruction as reinforcement/reference,"PASS — structure repeats, technical prose passed duplicate/similarity review",PASS
18,Career,Datasheet-to-wire integration and bus fault isolation,1184,"Write the transaction before the driver; A decoder is an assistant, not an oracle; Bus symptoms map to different layers; Career integration: UART, I²C, SPI, datasheets, and protocol captures; Translate a datasheet into a wiring contract; Bring up the smallest meaningful transaction; Fault isolation follows layers",Yes — 2 subject-specific worked examples,Yes — a concept/process representation materially supports this lesson,Yes — w18-peripheral-stack.svg,Yes — 3 concrete tasks with actual values/conditions/questions,Yes — changed scenario supplied in the lesson,Yes — 2 topic-specific misconception/repair pairs,Yes — named technician/embedded use rather than generic role prose,Yes — existing primary gate + 2 integrated checks,Yes — topic-specific prompt,No — external media follows Alfred instruction as reinforcement/reference,"PASS — structure repeats, technical prose passed duplicate/similarity review",PASS
19,CETa,"Media, connectors, signal paths, and optical fundamentals",2335,"Choose media from signal, environment, and termination; Audio and video systems are source–processing–path–load chains; Optical links move modulated light through a controlled path; Wire construction, gauge, and identification; Coax, copper pairs, fiber, impedance, and termination; Bonding, splicing, crimping, and cable preparation; Cable testing, dB loss, connectors, and defects; Audio/video blocks, microphones, speakers, recording and playback; Interfacing, distortion, conflicts, fault isolation, and signal levels; Display technologies: LED, seven-segment, LCD, OLED, and tradeoffs; Photovoltaic cells, photodiodes, phototransistors, LDRs, materials, and symbols; Cameras, opto-isolators, and broadband optical links; Transmission media change the physical path, not the information goal; Connectors and terminations are part of signal integrity; Optical and display devices convert between energy forms",Yes — 2 subject-specific worked examples,Yes — a concept/process representation materially supports this lesson,Yes — w19-media-opto.svg,Yes — 3 concrete tasks with actual values/conditions/questions,Yes — changed scenario supplied in the lesson,Yes — 2 topic-specific misconception/repair pairs,Yes — named technician/embedded use rather than generic role prose,Yes — existing primary gate + 2 integrated checks,Yes — topic-specific prompt,No — external media follows Alfred instruction as reinforcement/reference,"PASS — structure repeats, technical prose passed duplicate/similarity review",PASS
19,Career,"Terminate, inspect, continuity-test, and isolate a connection fault",1022,"Mechanical workmanship is electrical reliability; Choose tests by failure mode; Report what you actually demonstrated; Termination quality is a process, not a beep; Use end-to-end and sectional tests to isolate cable faults; Document orientation and reference",Yes — 2 subject-specific worked examples,Yes — a concept/process representation materially supports this lesson,Yes — w19-harness-test.svg,Yes — 3 concrete tasks with actual values/conditions/questions,Yes — changed scenario supplied in the lesson,Yes — 2 topic-specific misconception/repair pairs,Yes — named technician/embedded use rather than generic role prose,Yes — existing primary gate + 2 integrated checks,Yes — topic-specific prompt,No — external media follows Alfred instruction as reinforcement/reference,"PASS — structure repeats, technical prose passed duplicate/similarity review",PASS
20,CETa,"RF, modulation, antennas, transmission, and telecom blocks",1930,"RF behavior depends on frequency and physical geometry; Modulation places information on a carrier; Telecom systems remain source–network–destination chains; Wave propagation, fields, polarization, and wavelength; Antennas, feedlines, impedance matching, SWR/VSWR, and feedline types; Modulation, communications receivers, and radio usage; Spectrum bands and radio tuning/alignment; Two-way, cellular/wireless, and satellite communications; Wired data/voice networks and POTS; RF systems move information through electromagnetic energy; Feedlines have characteristic impedance; Modulation and receivers transform representation; Telecom networks add infrastructure",Yes — 2 subject-specific worked examples,Yes — a concept/process representation materially supports this lesson,Yes — w20-rf-system.svg,Yes — 3 concrete tasks with actual values/conditions/questions,Yes — changed scenario supplied in the lesson,Yes — 2 topic-specific misconception/repair pairs,Yes — named technician/embedded use rather than generic role prose,Yes — existing primary gate + 2 integrated checks,Yes — topic-specific prompt,No — external media follows Alfred instruction as reinforcement/reference,"PASS — structure repeats, technical prose passed duplicate/similarity review",PASS
20,Career,"Measurement procedure, spectrum interpretation, and technical handoff",1117,"Instrument settings define what can be seen; Classify before explaining; Professional procedure preserves continuity across people; A measurement procedure is a controlled contract; Interpret markers in relation to requirements; A useful handoff separates observation, interpretation, and escalation",Yes — 2 subject-specific worked examples,Yes — a concept/process representation materially supports this lesson,Yes — w20-spectrum-handoff.svg,Yes — 3 concrete tasks with actual values/conditions/questions,Yes — changed scenario supplied in the lesson,Yes — 2 topic-specific misconception/repair pairs,Yes — named technician/embedded use rather than generic role prose,Yes — existing primary gate + 2 integrated checks,Yes — topic-specific prompt,No — external media follows Alfred instruction as reinforcement/reference,"PASS — structure repeats, technical prose passed duplicate/similarity review",PASS
21,CETa,Interleaved recall across all CETa domains,1137,"Breadth requires selection practice; Coverage and mastery are different; Repair the cause, not the score; Mixed recall should begin with classification; Use a compact scratch framework; Turn misses into a standards repair map",Yes — 2 subject-specific worked examples,Yes — a concept/process representation materially supports this lesson,Yes — w21-model-router.svg,Yes — 3 concrete tasks with actual values/conditions/questions,Yes — changed scenario supplied in the lesson,Yes — 2 topic-specific misconception/repair pairs,Yes — named technician/embedded use rather than generic role prose,Yes — existing primary gate + 2 integrated checks,Yes — topic-specific prompt,No — external media follows Alfred instruction as reinforcement/reference,"PASS — structure repeats, technical prose passed duplicate/similarity review",PASS
21,Career,Turn broad theory into rapid technician choices,1036,Technician fluency is organized breadth; Oral explanation exposes fragile knowledge; Fast documentation is still structured; Technician speed comes from choosing the next useful action; Use bounded decision trees rather than giant checklists; Communicate the decision boundary,Yes — 2 subject-specific worked examples,Yes — a concept/process representation materially supports this lesson,Yes — w21-tech-decision-tree.svg,Yes — 3 concrete tasks with actual values/conditions/questions,Yes — changed scenario supplied in the lesson,Yes — 2 topic-specific misconception/repair pairs,Yes — named technician/embedded use rather than generic role prose,Yes — existing primary gate + 2 integrated checks,Yes — topic-specific prompt,No — external media follows Alfred instruction as reinforcement/reference,"PASS — structure repeats, technical prose passed duplicate/similarity review",PASS
22,CETa,Targeted repair and readiness evidence,1092,"Prioritize by consequence and evidence; Corrective instruction must differ from the failed attempt; Readiness is a decision under uncertainty; Prioritize gaps by risk and recurrence; Corrective instruction should differ from the failed attempt; Readiness is broad, recent evidence; Repair the cause of a miss, not the chapter label",Yes — 2 subject-specific worked examples,Yes — a concept/process representation materially supports this lesson,Yes — w22-repair-map.svg,Yes — 3 concrete tasks with actual values/conditions/questions,Yes — changed scenario supplied in the lesson,Yes — 2 topic-specific misconception/repair pairs,Yes — named technician/embedded use rather than generic role prose,Yes — existing primary gate + 2 integrated checks,Yes — topic-specific prompt,No — external media follows Alfred instruction as reinforcement/reference,"PASS — structure repeats, technical prose passed duplicate/similarity review",PASS
22,Career,Write requirements and verification before building,1117,"A requirement describes observable behavior and conditions; Verification asks whether it meets the requirement; Traceability controls scope; Career integration: Git, command line, lab notes, reports, and technical handoff; A requirement describes observable behavior under conditions; Verification, validation, characterization, and troubleshooting answer different questions; Traceability controls project scope",Yes — 2 subject-specific worked examples,Yes — a concept/process representation materially supports this lesson,Yes — w22-requirement-trace.svg,Yes — 3 concrete tasks with actual values/conditions/questions,Yes — changed scenario supplied in the lesson,Yes — 2 topic-specific misconception/repair pairs,Yes — named technician/embedded use rather than generic role prose,Yes — existing primary gate + 2 integrated checks,Yes — topic-specific prompt,No — external media follows Alfred instruction as reinforcement/reference,"PASS — structure repeats, technical prose passed duplicate/similarity review",PASS
23,CETa,Execute the final readiness gate without gaming it,1096,Protect the independence of the gate; Read beyond the total score; The correct decision may be “not enough evidence yet”; A readiness gate must protect against self-deception; Analyze the score beneath the headline; Two strong runs reduce one-form luck; What makes CETa readiness evidence independent,Yes — 2 subject-specific worked examples,Yes — a concept/process representation materially supports this lesson,Yes — w23-readiness-gate.svg,Yes — 3 concrete tasks with actual values/conditions/questions,Yes — changed scenario supplied in the lesson,Yes — 2 topic-specific misconception/repair pairs,Yes — named technician/embedded use rather than generic role prose,Yes — existing primary gate + 2 integrated checks,Yes — topic-specific prompt,No — external media follows Alfred instruction as reinforcement/reference,"PASS — structure repeats, technical prose passed duplicate/similarity review",PASS
23,Career,Create a controlled project baseline before hardware bring-up,1079,A repository is the project’s reconstructable memory; A bill of materials must resolve ambiguity; Plan first power as a test case; A baseline is a recoverable state; BOM and compatibility checks prevent avoidable failures; Recovery paths are part of readiness; A controlled baseline isolates future change; Baseline acceptance criteria make “ready” testable,Yes — 2 subject-specific worked examples,Yes — a concept/process representation materially supports this lesson,Yes — w23-project-baseline.svg,Yes — 3 concrete tasks with actual values/conditions/questions,Yes — changed scenario supplied in the lesson,Yes — 2 topic-specific misconception/repair pairs,Yes — named technician/embedded use rather than generic role prose,Yes — existing primary gate + 2 integrated checks,Yes — topic-specific prompt,No — external media follows Alfred instruction as reinforcement/reference,"PASS — structure repeats, technical prose passed duplicate/similarity review",PASS
24,CETa,"Retention: safe power, rails, current, and instrument choices",1095,Bring-up applies the same laws at a larger boundary; Current signature is an early system state; Safety gates remain absolute; Power retention should be practiced as one chain; Measurement mode can create the fault you are trying to find; Power numbers need plausibility checks; Power faults leave different electrical signatures,Yes — 2 subject-specific worked examples,Yes — a concept/process representation materially supports this lesson,Yes — w24-safe-power.svg,Yes — 3 concrete tasks with actual values/conditions/questions,Yes — changed scenario supplied in the lesson,Yes — 2 topic-specific misconception/repair pairs,Yes — named technician/embedded use rather than generic role prose,Yes — existing primary gate + 2 integrated checks,Yes — topic-specific prompt,No — external media follows Alfred instruction as reinforcement/reference,"PASS — structure repeats, technical prose passed duplicate/similarity review",PASS
24,Career,Execute staged first power and establish a known-good baseline,1061,Unpowered checks find cheap faults; Bring up dependencies in order; A baseline includes recovery; First power is a controlled experiment; Prove dependencies in order; Create a known-good electrical baseline; First power is a controlled experiment,Yes — 2 subject-specific worked examples,Yes — a concept/process representation materially supports this lesson,Yes — w24-bringup-dependencies.svg,Yes — 3 concrete tasks with actual values/conditions/questions,Yes — changed scenario supplied in the lesson,Yes — 2 topic-specific misconception/repair pairs,Yes — named technician/embedded use rather than generic role prose,Yes — existing primary gate + 2 integrated checks,Yes — topic-specific prompt,No — external media follows Alfred instruction as reinforcement/reference,"PASS — structure repeats, technical prose passed duplicate/similarity review",PASS
25,CETa,"Retention: interface circuitry, conversion, and optical/isolation context",1095,Interface electronics reconcile incompatible assumptions; Data conversion is a measurement chain; Isolation changes reference relationships; Conversion circuitry connects incompatible domains; Interfaces should be verified at both sides of the boundary; Optical isolation solves one problem while creating design constraints,Yes — 2 subject-specific worked examples,Yes — a concept/process representation materially supports this lesson,Yes — w25-conversion-chain.svg,Yes — 3 concrete tasks with actual values/conditions/questions,Yes — changed scenario supplied in the lesson,Yes — 2 topic-specific misconception/repair pairs,Yes — named technician/embedded use rather than generic role prose,Yes — existing primary gate + 2 integrated checks,Yes — topic-specific prompt,No — external media follows Alfred instruction as reinforcement/reference,"PASS — structure repeats, technical prose passed duplicate/similarity review",PASS
25,Career,Integrate one peripheral through a controlled vertical slice,1060,Build a thin end-to-end slice first; Triangulate with independent evidence; Failure behavior is part of the feature; A vertical slice proves one complete path; Define the slice's checkpoints; Fault injection makes the slice diagnostic; A vertical slice proves one complete peripheral path,Yes — 2 subject-specific worked examples,Yes — a concept/process representation materially supports this lesson,Yes — w25-vertical-slice.svg,Yes — 3 concrete tasks with actual values/conditions/questions,Yes — changed scenario supplied in the lesson,Yes — 2 topic-specific misconception/repair pairs,Yes — named technician/embedded use rather than generic role prose,Yes — existing primary gate + 2 integrated checks,Yes — topic-specific prompt,No — external media follows Alfred instruction as reinforcement/reference,"PASS — structure repeats, technical prose passed duplicate/similarity review",PASS
26,CETa,"Retention: logic, registers, memory, and computer blocks",1036,Firmware state is physical state encoded in bits; Memory and time define embedded correctness; Digital logic still governs software decisions; Keep data representation tied to storage and hardware; Memory and register views answer different questions; Computer and embedded fault reasoning follows state transitions,Yes — 2 subject-specific worked examples,Yes — a concept/process representation materially supports this lesson,Yes — w26-state-memory.svg,Yes — 3 concrete tasks with actual values/conditions/questions,Yes — changed scenario supplied in the lesson,Yes — 2 topic-specific misconception/repair pairs,Yes — named technician/embedded use rather than generic role prose,Yes — existing primary gate + 2 integrated checks,Yes — topic-specific prompt,No — external media follows Alfred instruction as reinforcement/reference,"PASS — structure repeats, technical prose passed duplicate/similarity review",PASS
26,Career,"Separate drivers, application state, diagnostics, and recovery",1027,Architecture follows responsibilities and test seams; Timeouts and error states make absence observable; Diagnostics must survive the failure they describe; Separate hardware access from application decisions; Make errors explicit and recoverable; Diagnostics should expose state without becoming the design,Yes — 2 subject-specific worked examples,Yes — a concept/process representation materially supports this lesson,Yes — w26-firmware-layers.svg,Yes — 3 concrete tasks with actual values/conditions/questions,Yes — changed scenario supplied in the lesson,Yes — 2 topic-specific misconception/repair pairs,Yes — named technician/embedded use rather than generic role prose,Yes — existing primary gate + 2 integrated checks,Yes — topic-specific prompt,No — external media follows Alfred instruction as reinforcement/reference,"PASS — structure repeats, technical prose passed duplicate/similarity review",PASS
27,CETa,"Retention: computer applications, data, ports, and calculation integrity",1016,"Applications depend on layered computer services; Files and records require structure; Automation can repeat a mistake perfectly; Technician computing is about reproducible operation; Data must keep units, metadata, and provenance; Calculation integrity means estimating before trusting software",Yes — 2 subject-specific worked examples,Yes — a concept/process representation materially supports this lesson,Yes — w27-data-integrity.svg,Yes — 3 concrete tasks with actual values/conditions/questions,Yes — changed scenario supplied in the lesson,Yes — 2 topic-specific misconception/repair pairs,Yes — named technician/embedded use rather than generic role prose,Yes — existing primary gate + 2 integrated checks,Yes — topic-specific prompt,No — external media follows Alfred instruction as reinforcement/reference,"PASS — structure repeats, technical prose passed duplicate/similarity review",PASS
27,Career,Design a maintainable automated hardware test,1143,"A test is a controlled state machine; Verdicts need explicit semantics; Plots reveal patterns; they do not define requirements; Career integration: Python hardware-test automation and data integrity; A hardware test has setup, stimulus, acquisition, evaluation, and cleanup; Pass/fail rules must be explicit and boundary-tested; Maintainability means one source of truth for configuration",Yes — 2 subject-specific worked examples,Yes — a concept/process representation materially supports this lesson,Yes — w27-hw-test-loop.svg,Yes — 3 concrete tasks with actual values/conditions/questions,Yes — changed scenario supplied in the lesson,Yes — 2 topic-specific misconception/repair pairs,Yes — named technician/embedded use rather than generic role prose,Yes — existing primary gate + 2 integrated checks,Yes — topic-specific prompt,No — external media follows Alfred instruction as reinforcement/reference,"PASS — structure repeats, technical prose passed duplicate/similarity review",PASS
28,CETa,"Retention: diagrams, test equipment, records, and procedure",1364,"A test point is valuable when its expected result is known; Instrument capability must match the phenomenon; Records convert individual work into organizational evidence; Service business records, invoices, productivity, and estimates/test planning; Service literature, parts cross-reference, and manufacturer support; Field versus shop procedure and project management; Service procedure turns a fault into repeatable work; Records are part of technical performance; Field versus shop changes constraints, not physics",Yes — 2 subject-specific worked examples,Yes — a concept/process representation materially supports this lesson,Yes — w28-service-procedure.svg,Yes — 3 concrete tasks with actual values/conditions/questions,Yes — changed scenario supplied in the lesson,Yes — 2 topic-specific misconception/repair pairs,Yes — named technician/embedded use rather than generic role prose,Yes — existing primary gate + 2 integrated checks,Yes — topic-specific prompt,No — external media follows Alfred instruction as reinforcement/reference,"PASS — structure repeats, technical prose passed duplicate/similarity review",PASS
28,Career,Design controlled faults and write a defensible report,1076,"Fault injection validates the detector and diagnostic path; Root cause survives controlled reversal; A report supports decisions, not just a story; Career integration: verification, validation, test design, and traceability; Controlled fault injection needs a known-good baseline; The report should show the reasoning chain; Regression proves the correction did not create a new problem",Yes — 2 subject-specific worked examples,Yes — a concept/process representation materially supports this lesson,Yes — w28-fault-report.svg,Yes — 3 concrete tasks with actual values/conditions/questions,Yes — changed scenario supplied in the lesson,Yes — 2 topic-specific misconception/repair pairs,Yes — named technician/embedded use rather than generic role prose,Yes — existing primary gate + 2 integrated checks,Yes — topic-specific prompt,No — external media follows Alfred instruction as reinforcement/reference,"PASS — structure repeats, technical prose passed duplicate/similarity review",PASS
29,CETa,"Retention: workmanship, cabling, measurement, and safety",1079,"Workmanship criteria are observable, not aesthetic preference; Instrument evidence should tell one coherent story; Physical safety and ESD remain active through rework; Workmanship evidence combines inspection and electrical verification; Measurement setup is part of workmanship verification; Safety and quality interact; Workmanship is verified by condition plus electrical evidence",Yes — 2 subject-specific worked examples,Yes — a concept/process representation materially supports this lesson,Yes — w29-workmanship-evidence.svg,Yes — 3 concrete tasks with actual values/conditions/questions,Yes — changed scenario supplied in the lesson,Yes — 2 topic-specific misconception/repair pairs,Yes — named technician/embedded use rather than generic role prose,Yes — existing primary gate + 2 integrated checks,Yes — topic-specific prompt,No — external media follows Alfred instruction as reinforcement/reference,"PASS — structure repeats, technical prose passed duplicate/similarity review",PASS
29,Career,Assemble an employer-facing role-proof dossier,1080,"Select evidence by job task, not visual appeal; Make each artifact self-explanatory; Truthful scope is part of technical credibility; Every skill claim should point to evidence; Separate participation from demonstrated competence; Organize for a hiring manager, not for course chronology; An evidence hierarchy makes a portfolio claim believable",Yes — 2 subject-specific worked examples,Yes — a concept/process representation materially supports this lesson,Yes — w29-evidence-map.svg,Yes — 3 concrete tasks with actual values/conditions/questions,Yes — changed scenario supplied in the lesson,Yes — 2 topic-specific misconception/repair pairs,Yes — named technician/embedded use rather than generic role prose,Yes — existing primary gate + 2 integrated checks,Yes — topic-specific prompt,No — external media follows Alfred instruction as reinforcement/reference,"PASS — structure repeats, technical prose passed duplicate/similarity review",PASS
30,CETa,Retention: mixed technical explanations and exam maintenance,1047,"Maintenance is targeted and spaced; Teach-back prepares both exam and interview; Credential language must match reality; Maintain concepts through explanation, not answer-position memory; Use mixed calculations as calibration; Practice distractor analysis; Retention maintenance is a closed-loop error-correction process",Yes — 2 subject-specific worked examples,Yes — a concept/process representation materially supports this lesson,Yes — w30-mixed-retention.svg,Yes — 3 concrete tasks with actual values/conditions/questions,Yes — changed scenario supplied in the lesson,Yes — 2 topic-specific misconception/repair pairs,Yes — named technician/embedded use rather than generic role prose,Yes — existing primary gate + 2 integrated checks,Yes — topic-specific prompt,No — external media follows Alfred instruction as reinforcement/reference,"PASS — structure repeats, technical prose passed duplicate/similarity review",PASS
30,Career,Build an evidence-first application and interview package,1146,"A resume bullet is a compact evidence claim; Tell the transition as continuity, not apology; Defend the project at 30 seconds, 2 minutes, and depth; Career integration: portfolio proof, interviews, resumes, and bridge-role decisions; Target roles by transferable task, not title alone; Interview answers should expose technical decisions; Career green-light uses fit, stability, and technical value",Yes — 2 subject-specific worked examples,Yes — a concept/process representation materially supports this lesson,Yes — w30-career-greenlight.svg,Yes — 3 concrete tasks with actual values/conditions/questions,Yes — changed scenario supplied in the lesson,Yes — 2 topic-specific misconception/repair pairs,Yes — named technician/embedded use rather than generic role prose,Yes — existing primary gate + 2 integrated checks,Yes — topic-specific prompt,No — external media follows Alfred instruction as reinforcement/reference,"PASS — structure repeats, technical prose passed duplicate/similarity review",PASS
31,CETa,Retention: protect certification knowledge after the course,1064,"Completion is not permanent retention; Revalidation requires fresh performance; Official information can change; Retention needs spaced retrieval, not permanent cramming; Keep official information separate from course memory; Maintenance should follow evidence; Post-course retention follows evidence, not a fixed cram schedule",Yes — 2 subject-specific worked examples,Yes — a concept/process representation materially supports this lesson,Yes — w31-retention-loop.svg,Yes — 3 concrete tasks with actual values/conditions/questions,Yes — changed scenario supplied in the lesson,Yes — 2 topic-specific misconception/repair pairs,Yes — named technician/embedded use rather than generic role prose,Yes — existing primary gate + 2 integrated checks,Yes — topic-specific prompt,No — external media follows Alfred instruction as reinforcement/reference,"PASS — structure repeats, technical prose passed duplicate/similarity review",PASS
31,Career,Run applications as an evidence-and-feedback loop,1071,Use a role filter before spending application energy; Track outcomes without turning them into self-judgment; Repair narrowly and return to the market; Track applications as experiments; Change one weak variable at a time; Continue building toward embedded systems through work plus school,Yes — 2 subject-specific worked examples,Yes — a concept/process representation materially supports this lesson,Yes — w31-career-feedback.svg,Yes — 3 concrete tasks with actual values/conditions/questions,Yes — changed scenario supplied in the lesson,Yes — 2 topic-specific misconception/repair pairs,Yes — named technician/embedded use rather than generic role prose,Yes — existing primary gate + 2 integrated checks,Yes — topic-specific prompt,No — external media follows Alfred instruction as reinforcement/reference,"PASS — structure repeats, technical prose passed duplicate/similarity review",PASS
