Node ID,Concept / Competency,Track Owner,Node Type,Prerequisite Node(s),Prerequisite Detail,First Taught / Activated Week,Application Track / Week,Later Deepening / Reuse,Mastery Week / Task,Source Basis,Notes
CETA-W01,"Voltage, current, resistance, power, polarity, reference, open/short circuit, and Week 1 safety boundaries.",CETa,Official-CETa activation summary,,"Official CETa codes active this week: 1.1, 1.4, 1.5, 1.7, 1.13, 2.1, 2.4, 2.6, 2.13, 2.13.1, 2.14, 8.3, 9.1, 9.2, 9.3, 9.8, 9.9, 1.2, 1.3, 1.10.1, 1.10.3, 1.11, 1.12, 1.14",1,Career Week 1 activation where relevant,"Creates the bench habits required for every later measurement, bring-up, troubleshooting, and lab task.",Week 1 CETa lesson/mastery route,ETA/CETa official competencies + Alfred CETa lesson mapping,Summary node only; official CETa competency wording/identity remains unchanged.
CETA-W02,"Series/parallel networks, KVL/KCL, dividers, expected node values, and reference-node reasoning.",CETa,Official-CETa activation summary,CETA-W01,"Official CETa codes active this week: 2.6, 2.7, 4.1, 4.2, 4.3, 4.4, 4.5, 4.6, 4.11, 9.1, 9.3, 2.2.1, 2.2.2, 2.5.1, 2.12.1, 2.12.2, 4.8, 4.9, 4.10, 4.12, 4.13, 4.14, 4.15, 4.16, 4.17",2,Career Week 2 activation where relevant,Prepares the learner to choose instruments and high-information measurements rather than probe randomly.,Week 2 CETa lesson/mastery route,ETA/CETa official competencies + Alfred CETa lesson mapping,Summary node only; official CETa competency wording/identity remains unchanged.
CETA-W03,"DMM/scope connection rules, waveform quantities, measurement units, and safe references.",CETa,Official-CETa activation summary,CETA-W02,"Official CETa codes active this week: 1.1, 1.5, 8.1, 8.2, 8.3, 8.4, 8.5, 8.6, 8.7, 8.8, 8.12, 8.13, 8.14, 8.10, 8.11, 8.12.1, 8.15, 8.16",3,Career Week 3 activation where relevant,"Becomes the common measurement workflow for filters, semiconductors, MCU bring-up, RF work, and later digital-bus analysis; logic-analyzer configuration is first taught in Week 18.",Week 3 CETa lesson/mastery route,ETA/CETa official competencies + Alfred CETa lesson mapping,Summary node only; official CETa competency wording/identity remains unchanged.
CETA-W04,"Capacitance, RC time behavior, frequency response, and filter fundamentals.",CETa,Official-CETa activation summary,CETA-W03,"Official CETa codes active this week: 2.8, 2.9, 2.10, 2.13, 3.2, 3.3, 9.1, 9.3, 9.4, 9.6, 9.8.1",4,Career Week 4 activation where relevant,Builds the habit of predicting waveform shape before using a scope for diagnosis.,Week 4 CETa lesson/mastery route,ETA/CETa official competencies + Alfred CETa lesson mapping,Summary node only; official CETa competency wording/identity remains unchanged.
CETA-W05,Cumulative DC/AC/component fundamentals needed for the first troubleshooting gate.,CETa,Official-CETa activation summary,CETA-W04,"Official CETa codes active this week: 1.1, 1.4, 2.6, 2.8, 2.9, 4.1, 4.2, 4.3, 8.3, 8.6, 8.13, 9.1, 9.3, 9.4",5,Career Week 5 activation where relevant,Establishes the troubleshooting model reused through the rest of the course.,Week 5 CETa lesson/mastery route,ETA/CETa official competencies + Alfred CETa lesson mapping,Summary node only; official CETa competency wording/identity remains unchanged.
CETA-W06,RLC/resonance/filter response and frequency-domain relationships.,CETa,Official-CETa activation summary,CETA-W05,"Official CETa codes active this week: 2.8, 2.9, 2.10, 2.11, 2.12, 3.2, 3.3, 3.4, 4.7, 4.11, 9.4, 9.6",6,Career Week 6 activation where relevant,Prepares for transistor/op-amp signal chains and later spectrum work.,Week 6 CETa lesson/mastery route,ETA/CETa official competencies + Alfred CETa lesson mapping,Summary node only; official CETa competency wording/identity remains unchanged.
CETA-W07,"Diodes, rectification, inductance, switching devices, and protection concepts.",CETa,Official-CETa activation summary,CETA-W06,"Official CETa codes active this week: 2.2, 2.3, 2.5, 2.7, 2.8, 2.9, 3.1, 3.2, 3.3, 3.4, 3.5, 3.1.1, 3.1.2, 3.1.3, 3.1.4, 3.2.1, 3.2.2, 3.3.1, 3.4.1, 3.4.2, 3.8, 3.9, 3.9.1, 3.9.2, 3.9.3",7,Career Week 7 activation where relevant,Prepares protected transistor/MOSFET switching and regulator bring-up.,Week 7 CETa lesson/mastery route,ETA/CETa official competencies + Alfred CETa lesson mapping,Summary node only; official CETa competency wording/identity remains unchanged.
CETA-W08,"Transistor/MOSFET switching behavior, protection, power dissipation, and bias/control ideas.",CETa,Official-CETa activation summary,CETA-W07,"Official CETa codes active this week: 3.5, 3.5.1, 3.5.2, 3.5.3, 3.6, 3.6.1, 3.6.2, 3.7, 3.7.1, 3.7.2, 3.7.3",8,Career Week 8 activation where relevant,Creates a reusable switching pattern for actuators and embedded interfaces.,Week 8 CETa lesson/mastery route,ETA/CETa official competencies + Alfred CETa lesson mapping,Summary node only; official CETa competency wording/identity remains unchanged.
CETA-W09,"Power-supply, regulation, ripple, grounding, and load concepts.",CETa,Official-CETa activation summary,CETA-W08,"Official CETa codes active this week: 3.7, 3.7.1, 3.7.3, 10.1, 10.2, 10.3, 10.4, 10.5, 10.6, 10.7, 10.8, 10.9, 10.10, 10.3.1, 10.4.1, 10.4.2, 10.4.3, 10.11",9,Career Week 9 activation where relevant,Directly supports MCU board bring-up and project first power.,Week 9 CETa lesson/mastery route,ETA/CETa official competencies + Alfred CETa lesson mapping,Summary node only; official CETa competency wording/identity remains unchanged.
CETA-W10,"Amplifiers, signal conditioning, gain, bandwidth, loading, and clipping concepts.",CETa,Official-CETa activation summary,CETA-W09,"Official CETa codes active this week: 9.4, 9.6, 11.1, 11.2, 11.3, 11.4, 11.5, 11.6, 11.7, 11.8, 11.9, 17.1, 17.2, 11.3.1, 11.3.2, 11.6.1, 11.8.1",10,Career Week 10 activation where relevant,Prepares mixed-signal and sensor-path diagnosis.,Week 10 CETa lesson/mastery route,ETA/CETa official competencies + Alfred CETa lesson mapping,Summary node only; official CETa competency wording/identity remains unchanged.
CETA-W11,"Digital logic levels, Boolean/state concepts, pull resistors, timing, and debounce.",CETa,Official-CETa activation summary,CETA-W10,"Official CETa codes active this week: 9.5, 13.1, 13.2, 13.3, 13.4, 13.5, 13.6, 13.7, 13.8, 13.9, 13.10, 13.11, 13.12",11,Career Week 11 activation where relevant,"Prepares MCU GPIO, registers, interrupts, and serial-bus analysis.",Week 11 CETa lesson/mastery route,ETA/CETa official competencies + Alfred CETa lesson mapping,Summary node only; official CETa competency wording/identity remains unchanged.
CETA-W12,Soldering/rework/workmanship and physical interconnection concepts.,CETa,Official-CETa activation summary,CETA-W11,"Official CETa codes active this week: 1.5, 1.6, 1.10, 3.1, 5.1, 5.2, 5.3, 5.4, 5.5, 5.6, 5.7, 5.8, 5.9, 5.10, 5.11, 5.8.1, 5.8.2, 5.12",12,Career Week 12 activation where relevant,"Git becomes infrastructure for C, STM32, projects, test scripts, and portfolio evidence after this week.",Week 12 CETa lesson/mastery route,ETA/CETa official competencies + Alfred CETa lesson mapping,Summary node only; official CETa competency wording/identity remains unchanged.
CETA-W13,"Schematics, components, datasheets, signal flow, and prior troubleshooting evidence.",CETa,Official-CETa activation summary,CETA-W12,"Official CETa codes active this week: 6.1, 6.2, 6.3, 6.4, 6.5, 6.6, 6.7, 6.8, 6.9, 6.10, 8.3, 8.6, 21.2, 21.4",13,Career Week 13 activation where relevant,"This reasoning model becomes the debugging backbone for C, MCU, buses, and projects; Week 28 later adds formal controlled fault injection.",Week 13 CETa lesson/mastery route,ETA/CETa official competencies + Alfred CETa lesson mapping,Summary node only; official CETa competency wording/identity remains unchanged.
CETA-W14,"Binary/hex, logic, computer/processor concepts, and the idea that source code is translated into executable machine instructions.",CETa,Official-CETa activation summary,CETA-W13,"Official CETa codes active this week: 13.1, 13.11, 15.1, 15.2, 15.3, 15.4, 15.5, 15.6, 16.1, 16.2, 16.3, 15.9",14,Career Week 14 activation where relevant,Provides the programming prerequisites for embedded state/timing and STM32 work.,Week 14 CETa lesson/mastery route,ETA/CETa official competencies + Alfred CETa lesson mapping,Summary node only; official CETa competency wording/identity remains unchanged.
CETA-W15,"Microprocessor architecture, registers, ports, binary/bit logic, clocks, and timing concepts.",CETa,Official-CETa activation summary,CETA-W14,"Official CETa codes active this week: 9.5, 13.2, 13.3, 13.4, 15.3, 15.4, 15.5, 15.6, 15.7, 16.3",15,Career Week 15 activation where relevant,"Direct prerequisite for STM32 configuration, SWD debugging, GPIO, timers, and interfaces.",Week 15 CETa lesson/mastery route,ETA/CETa official competencies + Alfred CETa lesson mapping,Summary node only; official CETa competency wording/identity remains unchanged.
CETA-W16,"MCU architecture, GPIO/register concepts, clocks, and interface fundamentals available so far.",CETa,Official-CETa activation summary,CETA-W15,"Official CETa codes active this week: 13.11, 15.1, 15.2, 15.3, 15.4, 15.5, 15.6, 15.8, 16.3",16,Career Week 16 activation where relevant,"Creates a known-good MCU baseline plus first peripheral proofs for host serial, I2C/SPI, sensors, and Project 1.",Week 16 CETa lesson/mastery route,ETA/CETa official competencies + Alfred CETa lesson mapping,Summary node only; official CETa competency wording/identity remains unchanged.
CETA-W17,UART framing/levels and serial communication theory.,CETa,Official-CETa activation summary,CETA-W16,"Official CETa codes active this week: 12.1, 12.2, 15.4, 16.1, 16.2, 16.3, 16.6, 16.7, 16.8, 16.9, 16.4, 16.5",17,Career Week 17 activation where relevant,Python becomes the host/test foundation for later automated hardware validation.,Week 17 CETa lesson/mastery route,ETA/CETa official competencies + Alfred CETa lesson mapping,Summary node only; official CETa competency wording/identity remains unchanged.
CETA-W18,UART/I2C/SPI electrical and protocol models plus MCU peripheral concepts.,CETa,Official-CETa activation summary,CETA-W17,"Official CETa codes active this week: 8.6, 12.1, 12.2, 12.3, 12.4, 12.5, 13.11, 15.4",18,Career Week 18 activation where relevant,Supports Project 1 peripheral integration and automated interface verification.,Week 18 CETa lesson/mastery route,ETA/CETa official competencies + Alfred CETa lesson mapping,Summary node only; official CETa competency wording/identity remains unchanged.
CETA-W19,"Cabling, connectors, transmission media, continuity, and workmanship concepts.",CETa,Official-CETa activation summary,CETA-W18,"Official CETa codes active this week: 1.9, 3.4, 7.1, 7.2, 7.3, 7.4, 7.5, 7.6, 7.7, 7.8, 7.9, 7.10, 7.11, 7.12, 7.13, 17.1, 17.2, 17.3, 17.4, 17.5, 17.6, 17.7, 17.8, 17.9, 18.1, 18.2, 18.3, 18.4, 18.5, 18.6, 18.7, 7.6.1, 7.9.1, 18.1.1, 18.2.1, 18.2.2, 18.3.1, 18.3.2, 18.5.1, 18.6.1",19,Career Week 19 activation where relevant,Prepares reliable project interconnects and employer-facing workmanship evidence.,Week 19 CETa lesson/mastery route,ETA/CETa official competencies + Alfred CETa lesson mapping,Summary node only; official CETa competency wording/identity remains unchanged.
CETA-W20,"RF/telecom fundamentals: frequency, spectra, modulation, transmission lines, and technician procedures.",CETa,Official-CETa activation summary,CETA-W19,"Official CETa codes active this week: 1.8, 1.10.2, 7.2, 8.9, 9.7, 19.1, 19.2, 19.3, 19.4, 19.5, 19.6, 19.7, 19.8, 19.9, 19.10, 19.11, 20.1, 20.2, 20.3, 20.4, 20.5, 21.1, 21.2, 21.3, 21.4, 21.5, 21.6, 21.7, 21.8, 21.9, 19.2.1",20,Career Week 20 activation where relevant,Strengthens professional test procedure and handoff skills used in project validation.,Week 20 CETa lesson/mastery route,ETA/CETa official competencies + Alfred CETa lesson mapping,Summary node only; official CETa competency wording/identity remains unchanged.
CETA-W21,"Broad CETa theory accumulated across electrical, components, digital, communications, safety, and procedures.",CETa,Official-CETa activation summary,CETA-W20,"Official CETa codes active this week: 1.1, 2.6, 3.6, 4.1, 5.1, 6.2, 7.2, 8.3, 9.1, 10.1, 11.4, 12.1, 13.2, 15.3, 16.3, 17.2, 18.3, 19.3, 20.1, 21.2",21,Career Week 21 activation where relevant,Prepares requirements/project work where the learner must select methods without topic labels.,Week 21 CETa lesson/mastery route,ETA/CETa official competencies + Alfred CETa lesson mapping,Summary node only; official CETa competency wording/identity remains unchanged.
CETA-W22,Readiness review plus broad technical foundation.,CETa,Official-CETa activation summary,CETA-W21,"Official CETa codes active this week: 1.1, 2.6, 4.1, 6.2, 8.3, 9.1, 21.2, 21.4",22,Career Week 22 activation where relevant,Defines the contract for Project 1 and later automated validation.,Week 22 CETa lesson/mastery route,ETA/CETa official competencies + Alfred CETa lesson mapping,Summary node only; official CETa competency wording/identity remains unchanged.
CETA-W23,CETa readiness evidence and all prior technical foundations.,CETa,Official-CETa activation summary,CETA-W22,"Official CETa codes active this week: 1.1, 8.3, 9.1, 21.1, 21.2, 21.4, 21.7",23,Career Week 23 activation where relevant,Prevents first-power ambiguity and provides a known baseline for every Project 1 change.,Week 23 CETa lesson/mastery route,ETA/CETa official competencies + Alfred CETa lesson mapping,Summary node only; official CETa competency wording/identity remains unchanged.
CETA-W24,"Power, measurement, digital/MCU, safety, and component behavior.",CETa,Official-CETa activation summary,CETA-W23,"Official CETa codes active this week: 1.4, 1.5, 8.3, 8.6, 8.13, 9.1, 10.1, 10.5",24,Career Week 24 activation where relevant,Creates the known-good platform required before adding a sensor/peripheral.,Week 24 CETa lesson/mastery route,ETA/CETa official competencies + Alfred CETa lesson mapping,Summary node only; official CETa competency wording/identity remains unchanged.
CETA-W25,"I2C/SPI/interface theory, sensors, ADC/digital concepts, and prior measurement skills.",CETa,Official-CETa activation summary,CETA-W24,"Official CETa codes active this week: 3.4, 8.6, 12.1, 12.2, 12.3, 12.4, 12.5, 18.2",25,Career Week 25 activation where relevant,Provides a stable functional slice that firmware architecture and automated test can exercise.,Week 25 CETa lesson/mastery route,ETA/CETa official competencies + Alfred CETa lesson mapping,Summary node only; official CETa competency wording/identity remains unchanged.
CETA-W26,"MCU architecture, digital/state concepts, and the project peripheral now working.",CETa,Official-CETa activation summary,CETA-W25,"Official CETa codes active this week: 13.2, 13.3, 13.4, 13.11, 15.1, 15.3, 15.4, 15.5, 15.6",26,Career Week 26 activation where relevant,Makes Project 1 observable and controllable enough for automated testing.,Week 26 CETa lesson/mastery route,ETA/CETa official competencies + Alfred CETa lesson mapping,Summary node only; official CETa competency wording/identity remains unchanged.
CETA-W27,Measurement/test concepts plus the working Project 1 interface.,CETa,Official-CETa activation summary,CETA-W26,"Official CETa codes active this week: 9.1, 9.3, 12.1, 15.4, 16.1, 16.2, 16.3, 16.6, 16.7, 16.8, 16.9, 16.10",27,Career Week 27 activation where relevant,Provides the evidence engine for deliberate fault injection and final reports.,Week 27 CETa lesson/mastery route,ETA/CETa official competencies + Alfred CETa lesson mapping,Summary node only; official CETa competency wording/identity remains unchanged.
CETA-W28,Broad electronics theory and established project/test baseline.,CETa,Official-CETa activation summary,CETA-W27,"Official CETa codes active this week: 6.2, 6.4, 8.3, 8.6, 21.1, 21.2, 21.3, 21.4, 21.5, 21.6, 21.7, 21.8, 21.9",28,Career Week 28 activation where relevant,Produces the strongest troubleshooting story for the portfolio and interviews.,Week 28 CETa lesson/mastery route,ETA/CETa official competencies + Alfred CETa lesson mapping,Summary node only; official CETa competency wording/identity remains unchanged.
CETA-W29,"All practical electronics, measurement, workmanship, and troubleshooting foundations.",CETa,Official-CETa activation summary,CETA-W28,"Official CETa codes active this week: 1.5, 5.1, 5.2, 5.3, 5.4, 5.7, 6.2, 7.1, 7.3, 8.3, 8.6, 8.13, 21.2",29,Career Week 29 activation where relevant,Feeds the application and interview package without requiring a new technical project.,Week 29 CETa lesson/mastery route,ETA/CETa official competencies + Alfred CETa lesson mapping,Summary node only; official CETa competency wording/identity remains unchanged.
CETA-W30,Completed technical evidence plus readiness results.,CETa,Official-CETa activation summary,CETA-W29,"Official CETa codes active this week: 8.3, 9.1, 21.1, 21.2, 21.3, 21.4, 21.5, 21.6, 21.7, 21.8, 21.9",30,Career Week 30 activation where relevant,Creates a reusable application package and feedback baseline.,Week 30 CETa lesson/mastery route,ETA/CETa official competencies + Alfred CETa lesson mapping,Summary node only; official CETa competency wording/identity remains unchanged.
CETA-W31,Course technical foundation is complete; remaining work is retention and targeted repair.,CETa,Official-CETa activation summary,CETA-W30,"Official CETa codes active this week: 1.1, 8.3, 9.1, 21.2, 21.4, 21.7",31,Career Week 31 activation where relevant,Transitions Alfred from course delivery to ongoing targeted professional development.,Week 31 CETa lesson/mastery route,ETA/CETa official competencies + Alfred CETa lesson mapping,Summary node only; official CETa competency wording/identity remains unchanged.
CAREER-W03-MEASUREMENT-PLAN,Question-first DMM/bench-supply/oscilloscope measurement planning,Career,Instructional bridge concept,CETA-W01; CETA-W02; CETA-W03,Use Week 1 bench safety and the CETa measurement concepts already taught. No professional measurement-planning experience is assumed.,3,Career Week 3,"Becomes the common measurement workflow for filters, semiconductors, MCU bring-up, RF work, and later digital-bus analysis; logic-analyzer configuration is first taught in Week 18.",See linked Career standards / semantic tasks,Portland Community College — EET 101A — Electronic Lab and Essential Work Skills; Portland Community College — EET 101B — Electronic Equipment and Lab Skills; Fluke — Digital Multimeter Basics; Tektronix — The XYZs of Oscilloscopes; O*NET OnLine / U.S. Department of Labor — Electrical and Electronic Engineering Technologists and Technicians,Concept-level bridge used to make cross-track dependency order auditable.
CAREER-W12-GIT-FOUNDATION,CLI/project location → repository/working tree → status/diff → staging → commit/history → branch/tag baseline → lab/report/handoff evidence,Career,Instructional bridge concept,CETA-W12,"No CLI or version-control fluency assumed. Teach current directory, file listing, directory changes, relative paths, repository root, and documented command execution before Git becomes infrastructure.",12,Career Week 12,"Git becomes infrastructure for C, STM32, projects, test scripts, and portfolio evidence after this week.",See linked Career standards / semantic tasks,"Georgia Piedmont Technical College — Electronics Technology — current catalog; Portland Community College — EET 101A — Electronic Lab and Essential Work Skills; GitHub Skills — Introduction to Git; NASA — NASA-STD-8739.4 — Crimping, Cables, Harnesses, and Wiring; NASA — NASA-HDBK-8739.21 — ESD Control",Concept-level bridge used to make cross-track dependency order auditable.
CAREER-W14-C-FOUNDATION,"C from program anatomy through data structures, addresses, pointers, and diagnostics",Career,Instructional bridge concept,CETA-W14,No C programming is assumed. Use only CETa binary/computer fundamentals and Week 12 project-file/Git habits.,14,Career Week 14,Provides the programming prerequisites for embedded state/timing and STM32 work.,See linked Career standards / semantic tasks,Texas A&M University — Electronic Systems Engineering Technology (ESET) course descriptions; Brian Hall / open textbook — Beej's Guide to C Programming; Harvard University — CS50x Week 4 — Memory and Pointers; Arm — Embedded C Programming with Arm Cortex-M,Concept-level bridge used to make cross-track dependency order auditable.
CAREER-W15-EMBEDDED-ARCH,"Nonblocking embedded architecture, state, polling/interrupt mental model, volatile",Career,Instructional bridge concept,CAREER-W14-C-FOUNDATION; CETA-W15,"Week 14 C must be usable before this lesson. Bring forward functions, types, arrays/pointers, bitwise masks, and debugging.",15,Career Week 15,"Direct prerequisite for STM32 configuration, SWD debugging, GPIO, timers, and interfaces.",See linked Career standards / semantic tasks,Texas A&M University — Electronic Systems Engineering Technology (ESET) course descriptions; Arm — Embedded C Programming with Arm Cortex-M; Arm University Program — Efficient Embedded Systems Education Kit; STMicroelectronics — STM32 Online Training,Concept-level bridge used to make cross-track dependency order auditable.
CAREER-W16-STM32-BASELINE,"STM32 board/project/build/flash/SWD/GPIO baseline, then timer and ADC proofs",Career,Instructional bridge concept,CAREER-W15-EMBEDDED-ARCH; CAREER-W03-MEASUREMENT-PLAN; CETA-W16,"Use Week 14 C and Week 15 embedded architecture. No prior STM32 IDE, build, flash, or SWD experience is assumed.",16,Career Week 16,"Creates a known-good MCU baseline plus first peripheral proofs for host serial, I2C/SPI, sensors, and Project 1.",See linked Career standards / semantic tasks,Texas A&M University — Electronic Systems Engineering Technology (ESET) course descriptions; STMicroelectronics — STM32 Online Training; STMicroelectronics — STM32CubeMX and STM32Cube HAL Basics; Arm University Program — Efficient Embedded Systems Education Kit,Concept-level bridge used to make cross-track dependency order auditable.
CAREER-W17-PYTHON-SERIAL,Python-from-zero → bytes/text → files/exceptions → serial framing/validation/logging,Career,Instructional bridge concept,CAREER-W14-C-FOUNDATION; CETA-W17,"Use CETa UART theory, Week 14 programming ideas, and Week 16 known-good MCU baseline. No Python knowledge is assumed.",17,Career Week 17,Python becomes the host/test foundation for later automated hardware validation.,See linked Career standards / semantic tasks,Python Software Foundation — Python 3 Documentation; pySerial project — pySerial Documentation; SparkFun — Serial Communication; O*NET OnLine / U.S. Department of Labor — Electrical and Electronic Engineering Technologists and Technicians,Concept-level bridge used to make cross-track dependency order auditable.
CAREER-W18-I2C-LOGIC,One complete I²C datasheet-to-wire-to-transaction-to-logic-analyzer proof before SPI comparison,Career,Instructional bridge concept,CAREER-W16-STM32-BASELINE; CAREER-W03-MEASUREMENT-PLAN; CETA-W18,"Use Week 16 STM32 bring-up, Week 17 host-side serial thinking, and CETa bus fundamentals. The learner should already understand what a register, pin, wire reference, and transaction are.",18,Career Week 18,Supports Project 1 peripheral integration and automated interface verification.,See linked Career standards / semantic tasks,STMicroelectronics — STM32 Online Training; Saleae — Logic Analyzer Learning and Support; SparkFun — I2C; SparkFun — Serial Peripheral Interface (SPI),Concept-level bridge used to make cross-track dependency order auditable.
CAREER-W19-HARNESS,Harness strip/crimp/strain relief/orientation/continuity workmanship proof,Career,Instructional bridge concept,CETA-W19; CETA-W12,Use CETa cable/media theory plus Week 3 measurement discipline and Week 12 workmanship evidence.,19,Career Week 19,Prepares reliable project interconnects and employer-facing workmanship evidence.,See linked Career standards / semantic tasks,"NASA — NASA-STD-8739.4 — Crimping, Cables, Harnesses, and Wiring; O*NET OnLine / U.S. Department of Labor — Electrical and Electronic Engineering Technologists and Technicians; Portland Community College — EET 101A — Electronic Lab and Essential Work Skills",Concept-level bridge used to make cross-track dependency order auditable.
CAREER-W22-VERIFICATION,Requirement → setup/stimulus → expected result → evidence → verdict → traceability,Career,Instructional bridge concept,CAREER-W03-MEASUREMENT-PLAN; CETA-W22,"Use the troubleshooting, documentation, Git, measurement, and interface habits already established.",22,Career Week 22,Defines the contract for Project 1 and later automated validation.,See linked Career standards / semantic tasks,"ABET — Criteria for Accrediting Engineering Technology Programs, 2026–2027; NASA — NASA Systems Engineering Handbook; O*NET OnLine / U.S. Department of Labor — Electrical and Electronic Engineering Technologists and Technicians",Concept-level bridge used to make cross-track dependency order auditable.
CAREER-W28-FAULT-INJECTION,Known-good baseline → safe controlled fault → predicted signature → detection → restoration/retest,Career,Instructional bridge concept,CAREER-W22-VERIFICATION; CETA-W28,"Use Week 13 root-cause reasoning, Week 22 verification design, and Week 27 automated evidence.",28,Career Week 28,Produces the strongest troubleshooting story for the portfolio and interviews.,See linked Career standards / semantic tasks,"NASA — NASA Systems Engineering Handbook; O*NET OnLine / U.S. Department of Labor — Electrical and Electronic Engineering Technologists and Technicians; ABET — Criteria for Accrediting Engineering Technology Programs, 2026–2027",Concept-level bridge used to make cross-track dependency order auditable.
CAREER-W31-FEEDBACK,Application/interview feedback → targeted repair → new evidence → re-entry loop,Career,Instructional bridge concept,CETA-W31,Use the existing portfolio/application package and real feedback. Do not restart mastered curriculum wholesale.,31,Career Week 31,Transitions Alfred from course delivery to ongoing targeted professional development.,See linked Career standards / semantic tasks,O*NET OnLine / U.S. Department of Labor — Electrical and Electronic Engineering Technologists and Technicians; U.S. Bureau of Labor Statistics — Electrical and Electronic Engineering Technologists and Technicians,Concept-level bridge used to make cross-track dependency order auditable.
C1.1,"Prepare a low-voltage electronics bench using current limits, safe power-up sequencing, and an explicit stop condition.",Career,Career standard,CETA-W01,"CETA-W01 (electrical quantities, polarity/reference, safety boundaries); no prior bench-equipment experience assumed",1,Career Week 1,"Week 3, Week 5, Week 9, Week 23, Week 24",Week 1 · SEM-C1-01-075,Portland Community College — EET 101A — Electronic Lab and Essential Work Skills; Georgia Piedmont Technical College — Electronics Technology — current catalog; Fluke — Electrical Measurement Safety; NASA — NASA-HDBK-8739.21 — ESD Control,KEEP · Informed by · Alfred sequences the competency inside the shared CETa/Career dependency graph and uses Alfred-specific labs/projects for evidence.
C1.2,"Apply ESD controls appropriate to CMOS/semiconductor handling and explain when straps, mats, grounding, and antistatic storage matter.",Career,Career standard,CETA-W01,"CETA-W01 (electrical quantities, polarity/reference, safety boundaries); no prior bench-equipment experience assumed",1,Career Week 1,"Week 8, Week 12, Week 24, Week 29",Week 1 · SEM-C1-01-075,Portland Community College — EET 101A — Electronic Lab and Essential Work Skills; Georgia Piedmont Technical College — Electronics Technology — current catalog; Fluke — Electrical Measurement Safety; NASA — NASA-HDBK-8739.21 — ESD Control,KEEP · Informed by · Alfred sequences the competency inside the shared CETa/Career dependency graph and uses Alfred-specific labs/projects for evidence.
C1.3,"Distinguish safe low-voltage troubleshooting from work that requires qualified supervision, isolation, or energized-work procedures.",Career,Career standard,CETA-W01,"CETA-W01 (electrical quantities, polarity/reference, safety boundaries); no prior bench-equipment experience assumed",1,Career Week 1,"Week 3, Week 9, Week 20",Week 1 · SEM-C1-01-075,Portland Community College — EET 101A — Electronic Lab and Essential Work Skills; Georgia Piedmont Technical College — Electronics Technology — current catalog; Fluke — Electrical Measurement Safety; NASA — NASA-HDBK-8739.21 — ESD Control,KEEP · Informed by · Alfred sequences the competency inside the shared CETa/Career dependency graph and uses Alfred-specific labs/projects for evidence.
C1.4,"Perform a pre-power inspection for polarity, shorts, connector orientation, exposed conductors, and current-limit settings.",Career,Career standard,CETA-W01,"CETA-W01 (electrical quantities, polarity/reference, safety boundaries); no prior bench-equipment experience assumed",1,Career Week 1,"Week 3, Week 5, Week 7, Week 9, Week 21, Week 23, Week 24",Week 1 · SEM-C1-01-075,Portland Community College — EET 101A — Electronic Lab and Essential Work Skills; Georgia Piedmont Technical College — Electronics Technology — current catalog; Fluke — Electrical Measurement Safety; NASA — NASA-HDBK-8739.21 — ESD Control,KEEP · Informed by · Alfred sequences the competency inside the shared CETa/Career dependency graph and uses Alfred-specific labs/projects for evidence.
C1.5,"Choose ESD controls, PPE, ventilation, and tool practices appropriate to low-voltage bench inspection, measurement, and basic assembly, and identify when soldering, rework, cutting, or crimping requires process-specific controls taught later.",Career,Career standard,CETA-W01,"CETA-W01 (electrical quantities, polarity/reference, safety boundaries); no prior bench-equipment experience assumed",1,Career Week 1,"Week 12, Week 19, Week 29",Week 1 · SEM-C1-01-075,Portland Community College — EET 101A — Electronic Lab and Essential Work Skills; Georgia Piedmont Technical College — Electronics Technology — current catalog; Fluke — Electrical Measurement Safety; NASA — NASA-HDBK-8739.21 — ESD Control,REWRITE · Informed by · Alfred teaches the general bench-control decision in Week 1 and defers process-specific workmanship/tool technique to the later solder/rework and harness lessons.
C1.6,Document a safety or setup hazard and the corrective action before continuing a test.,Career,Career standard,CETA-W01,"CETA-W01 (electrical quantities, polarity/reference, safety boundaries); no prior bench-equipment experience assumed",1,Career Week 1,Later cumulative practice/project evidence as applicable,Week 1 · SEM-C1-01-075,Portland Community College — EET 101A — Electronic Lab and Essential Work Skills; Georgia Piedmont Technical College — Electronics Technology — current catalog; Fluke — Electrical Measurement Safety; NASA — NASA-HDBK-8739.21 — ESD Control,KEEP · Informed by · Alfred sequences the competency inside the shared CETa/Career dependency graph and uses Alfred-specific labs/projects for evidence.
C2.1,"Read a schematic by following power rails, grounds, signal flow, reference designators, and functional blocks.",Career,Career standard,CETA-W02,CETA-W02 and relevant device/datasheet theory; C1 safe bench habits,13,Career Week 13,Later cumulative practice/project evidence as applicable,Week 13 · SEM-C2-13-076,Georgia Piedmont Technical College — Electronics Technology — current catalog; Portland Community College — EET 101B — Electronic Equipment and Lab Skills; O*NET OnLine / U.S. Department of Labor — Electrical and Electronic Engineering Technologists and Technicians,KEEP · Informed by · Alfred sequences the competency inside the shared CETa/Career dependency graph and uses Alfred-specific labs/projects for evidence.
C2.2,"Use a component datasheet to identify pinout, absolute maximum ratings, recommended operating conditions, and key electrical characteristics.",Career,Career standard,CETA-W02,CETA-W02 and relevant device/datasheet theory; C1 safe bench habits,13,Career Week 13,"Week 18, Week 25",Week 13 · SEM-C2-13-076,Georgia Piedmont Technical College — Electronics Technology — current catalog; Portland Community College — EET 101B — Electronic Equipment and Lab Skills; O*NET OnLine / U.S. Department of Labor — Electrical and Electronic Engineering Technologists and Technicians,KEEP · Informed by · Alfred sequences the competency inside the shared CETa/Career dependency graph and uses Alfred-specific labs/projects for evidence.
C2.3,"Distinguish a schematic, wiring diagram, block diagram, layout/PCB view, and timing diagram and choose the right artifact for a troubleshooting task.",Career,Career standard,CETA-W02,CETA-W02 and relevant device/datasheet theory; C1 safe bench habits,13,Career Week 13,"Week 19, Week 22",Week 13 · SEM-C2-13-076,Georgia Piedmont Technical College — Electronics Technology — current catalog; Portland Community College — EET 101B — Electronic Equipment and Lab Skills; O*NET OnLine / U.S. Department of Labor — Electrical and Electronic Engineering Technologists and Technicians,KEEP · Informed by · Alfred sequences the competency inside the shared CETa/Career dependency graph and uses Alfred-specific labs/projects for evidence.
C2.4,Trace a signal or power path from connector to load and identify useful test points before probing.,Career,Career standard,CETA-W02,CETA-W02 and relevant device/datasheet theory; C1 safe bench habits,13,Career Week 13,"Week 19, Week 21",Week 13 · SEM-C2-13-076,Georgia Piedmont Technical College — Electronics Technology — current catalog; Portland Community College — EET 101B — Electronic Equipment and Lab Skills; O*NET OnLine / U.S. Department of Labor — Electrical and Electronic Engineering Technologists and Technicians,KEEP · Informed by · Alfred sequences the competency inside the shared CETa/Career dependency graph and uses Alfred-specific labs/projects for evidence.
C2.5,"Interpret pull-ups, pull-downs, decoupling capacitors, current-limiting resistors, protection devices, and common interface support circuitry.",Career,Career standard,CETA-W02,CETA-W02 and relevant device/datasheet theory; C1 safe bench habits,13,Career Week 13,"Week 18, Week 25",Week 13 · SEM-C2-13-076,Georgia Piedmont Technical College — Electronics Technology — current catalog; Portland Community College — EET 101B — Electronic Equipment and Lab Skills; O*NET OnLine / U.S. Department of Labor — Electrical and Electronic Engineering Technologists and Technicians,KEEP · Informed by · Alfred sequences the competency inside the shared CETa/Career dependency graph and uses Alfred-specific labs/projects for evidence.
C2.6,Explain design intent from a schematic well enough to predict expected node voltages or signal behavior before measuring.,Career,Career standard,CETA-W02,CETA-W02 and relevant device/datasheet theory; C1 safe bench habits,13,Career Week 13,Later cumulative practice/project evidence as applicable,Week 13 · SEM-C2-13-076,Georgia Piedmont Technical College — Electronics Technology — current catalog; Portland Community College — EET 101B — Electronic Equipment and Lab Skills; O*NET OnLine / U.S. Department of Labor — Electrical and Electronic Engineering Technologists and Technicians,KEEP · Informed by · Alfred sequences the competency inside the shared CETa/Career dependency graph and uses Alfred-specific labs/projects for evidence.
C3.1,"Select the correct DMM function, input jack, and circuit connection for voltage, resistance/continuity, or current; explain how each mode interacts with the circuit; then make the measurement safely.",Career,Career standard,CAREER-W03-MEASUREMENT-PLAN,CETA-W03 (measurement/waveform concepts); C1 safety/reference discipline; C2 expected-value reasoning,3,Career Week 3,"Week 5, Week 7, Week 8, Week 9, Week 24, Week 29",Week 3 · SEM-C3-03-1640A,Fluke — Digital Multimeter Basics; Portland Community College — EET 101A — Electronic Lab and Essential Work Skills,REWRITE · Adapted from / informed by · Alfred sequences the competency inside the shared CETa/Career dependency graph and uses Alfred-specific labs/projects for evidence.
C3.2,"Set bench-supply voltage and a conservative current limit from expected circuit behavior, distinguish CV from current-limit operation, and use current consumption as evidence during bring-up.",Career,Career standard,CAREER-W03-MEASUREMENT-PLAN,CETA-W03 (measurement/waveform concepts); C1 safety/reference discipline; C2 expected-value reasoning,3,Career Week 3,"Week 5, Week 9, Week 24, Week 29",Week 3 · SEM-C3-03-1640A,Portland Community College — EET 101A — Electronic Lab and Essential Work Skills; Fluke — Digital Multimeter Basics,REWRITE · Informed by · Alfred sequences the competency inside the shared CETa/Career dependency graph and uses Alfred-specific labs/projects for evidence.
C3.3,"Starting with a known waveform, configure probe/reference, attenuation, coupling, vertical scale, timebase, and trigger to obtain a stable oscilloscope display and document the setup.",Career,Career standard,CAREER-W03-MEASUREMENT-PLAN,CETA-W03 (measurement/waveform concepts); C1 safety/reference discipline; C2 expected-value reasoning,3,Career Week 3,"Week 4, Week 5, Week 6, Week 10, Week 24, Week 29",Week 3 · SEM-C3-03-1640A,Tektronix — The XYZs of Oscilloscopes; Portland Community College — EET 101A — Electronic Lab and Essential Work Skills,REWRITE · Adapted from / informed by · Alfred sequences the competency inside the shared CETa/Career dependency graph and uses Alfred-specific labs/projects for evidence.
C3.4,"Predict and measure waveform amplitude, frequency, period, duty cycle, DC offset, and rise/fall behavior, while distinguishing resolution, accuracy, loading, bandwidth, and repeatability limits.",Career,Career standard,CAREER-W03-MEASUREMENT-PLAN,CETA-W03 (measurement/waveform concepts); C1 safety/reference discipline; C2 expected-value reasoning,3,Career Week 3,"Week 4, Week 6, Week 10, Week 11",Week 3 · SEM-C3-03-1640A,Tektronix — The XYZs of Oscilloscopes; Portland Community College — EET 101B — Electronic Equipment and Lab Skills,REWRITE · Informed by · Alfred sequences the competency inside the shared CETa/Career dependency graph and uses Alfred-specific labs/projects for evidence.
C3.5,"After a known digital-bus transaction exists, configure a logic analyzer with correct reference, threshold, sample rate, channel mapping, and decoder settings; correlate raw and decoded activity and recognize when an oscilloscope is required for analog signal-quality questions.",Career,Career standard,CAREER-W18-I2C-LOGIC; CAREER-W03-MEASUREMENT-PLAN,CETA-W18 (serial-bus model); C9.2 (known-good I²C transaction earlier in Week 18); C3.1–C3.4 (measurement-plan and reference discipline),18,Career Week 18,"Week 25, Week 29",Week 18 · SEM-C3-18-1640B,Saleae — Logic Analyzer Learning and Support; Portland Community College — EET 101B — Electronic Equipment and Lab Skills,MOVE · Informed by · Alfred preserves the competency identity but moves required mastery evidence to the dependency-correct week.
C3.6,"Translate a troubleshooting question into a measurable hypothesis, then choose the instrument, test point, setup, and expected result that will provide the most useful evidence.",Career,Career standard,CAREER-W03-MEASUREMENT-PLAN,CETA-W03 (measurement/waveform concepts); C1 safety/reference discipline; C2 expected-value reasoning,3,Career Week 3,"Week 4, Week 5, Week 6, Week 13, Week 19, Week 20, Week 21, Week 28",Week 3 · SEM-C3-03-1640A,Portland Community College — EET 101A — Electronic Lab and Essential Work Skills; Portland Community College — EET 101B — Electronic Equipment and Lab Skills; Fluke — Digital Multimeter Basics; Tektronix — The XYZs of Oscilloscopes,REWRITE · Adapted from / informed by · Alfred sequences the competency inside the shared CETa/Career dependency graph and uses Alfred-specific labs/projects for evidence.
C4.1,"Identify acceptable and defective solder joints and explain likely causes of cold joints, bridges, insufficient wetting, and lifted pads.",Career,Career standard,CETA-W12,Relevant CETa workmanship/component/interconnect instruction; C1 ESD/safety habits,12,Career Week 12,"Week 21, Week 29",Week 12 · SEM-C4-12-1640A,"Georgia Piedmont Technical College — Electronics Technology — current catalog; NASA — NASA-STD-8739.4 — Crimping, Cables, Harnesses, and Wiring; NASA — NASA-HDBK-8739.21 — ESD Control; O*NET OnLine / U.S. Department of Labor — Electrical and Electronic Engineering Technologists and Technicians",KEEP · Informed by · Alfred sequences the competency inside the shared CETa/Career dependency graph and uses Alfred-specific labs/projects for evidence.
C4.2,"Plan a safe through-hole or basic SMT rework sequence that minimizes heat, mechanical stress, and ESD exposure.",Career,Career standard,CETA-W12,Relevant CETa workmanship/component/interconnect instruction; C1 ESD/safety habits,12,Career Week 12,Week 29,Week 12 · SEM-C4-12-1640A,"Georgia Piedmont Technical College — Electronics Technology — current catalog; NASA — NASA-STD-8739.4 — Crimping, Cables, Harnesses, and Wiring; NASA — NASA-HDBK-8739.21 — ESD Control; O*NET OnLine / U.S. Department of Labor — Electrical and Electronic Engineering Technologists and Technicians",KEEP · Informed by · Alfred sequences the competency inside the shared CETa/Career dependency graph and uses Alfred-specific labs/projects for evidence.
C4.3,"Prepare, strip, crimp, strain-relieve, and inspect a low-voltage wire or harness connection using workmanship criteria.",Career,Career standard,CAREER-W19-HARNESS,CETA-W19 (cabling/interconnect concepts); C1.2/C1.5 (ESD and bench/work practices); known-good harness orientation/pinout,19,Career Week 19,Week 29,Week 19 · SEM-C4-19-1640B,"Georgia Piedmont Technical College — Electronics Technology — current catalog; NASA — NASA-STD-8739.4 — Crimping, Cables, Harnesses, and Wiring; NASA — NASA-HDBK-8739.21 — ESD Control; O*NET OnLine / U.S. Department of Labor — Electrical and Electronic Engineering Technologists and Technicians",MOVE · Informed by · Alfred preserves the competency identity but moves required mastery evidence to the dependency-correct week.
C4.4,"Use connector keying, pin numbering, continuity checks, and wire labels to prevent harness miswiring.",Career,Career standard,CETA-W12,Relevant CETa workmanship/component/interconnect instruction; C1 ESD/safety habits,19,Career Week 19,Week 29,Week 19 · SEM-C4-19-1640B,"Georgia Piedmont Technical College — Electronics Technology — current catalog; NASA — NASA-STD-8739.4 — Crimping, Cables, Harnesses, and Wiring; NASA — NASA-HDBK-8739.21 — ESD Control; O*NET OnLine / U.S. Department of Labor — Electrical and Electronic Engineering Technologists and Technicians",KEEP · Informed by · Alfred sequences the competency inside the shared CETa/Career dependency graph and uses Alfred-specific labs/projects for evidence.
C4.5,"Document rework with before/after evidence, component orientation, and verification measurements.",Career,Career standard,CETA-W12,Relevant CETa workmanship/component/interconnect instruction; C1 ESD/safety habits,12,Career Week 12,Week 29,Week 12 · SEM-C4-12-1640A,"Georgia Piedmont Technical College — Electronics Technology — current catalog; NASA — NASA-STD-8739.4 — Crimping, Cables, Harnesses, and Wiring; NASA — NASA-HDBK-8739.21 — ESD Control; O*NET OnLine / U.S. Department of Labor — Electrical and Electronic Engineering Technologists and Technicians",KEEP · Informed by · Alfred sequences the competency inside the shared CETa/Career dependency graph and uses Alfred-specific labs/projects for evidence.
C4.6,"Explain when a damaged pad, trace, connector, or harness should be repaired, replaced, or escalated rather than improvised.",Career,Career standard,CETA-W12,Relevant CETa workmanship/component/interconnect instruction; C1 ESD/safety habits,12,Career Week 12,"Week 19, Week 29",Week 12 · SEM-C4-12-1640A,"Georgia Piedmont Technical College — Electronics Technology — current catalog; NASA — NASA-STD-8739.4 — Crimping, Cables, Harnesses, and Wiring; NASA — NASA-HDBK-8739.21 — ESD Control; O*NET OnLine / U.S. Department of Labor — Electrical and Electronic Engineering Technologists and Technicians",KEEP · Informed by · Alfred sequences the competency inside the shared CETa/Career dependency graph and uses Alfred-specific labs/projects for evidence.
C5.1,Reproduce a fault reliably and define the observed symptom before attempting a fix.,Career,Career standard,CAREER-W03-MEASUREMENT-PLAN,C2 expected/design-intent model; C3 measurement planning; known-good behavior before faults,13,Career Week 13,"Week 20, Week 21, Week 28",Week 13 · SEM-C5-13-1640A,Portland Community College — EET 101B — Electronic Equipment and Lab Skills; O*NET OnLine / U.S. Department of Labor — Electrical and Electronic Engineering Technologists and Technicians; NASA — NASA Systems Engineering Handbook,KEEP · Informed by / cross-checked against · Alfred sequences the competency inside the shared CETa/Career dependency graph and uses Alfred-specific labs/projects for evidence.
C5.2,Form a testable hypothesis from expected versus actual behavior and choose the next measurement that best separates competing causes.,Career,Career standard,CAREER-W03-MEASUREMENT-PLAN,C2 expected/design-intent model; C3 measurement planning; known-good behavior before faults,13,Career Week 13,"Week 19, Week 20, Week 21, Week 22, Week 28",Week 13 · SEM-C5-13-1640A,Portland Community College — EET 101B — Electronic Equipment and Lab Skills; O*NET OnLine / U.S. Department of Labor — Electrical and Electronic Engineering Technologists and Technicians; NASA — NASA Systems Engineering Handbook,KEEP · Informed by / cross-checked against · Alfred sequences the competency inside the shared CETa/Career dependency graph and uses Alfred-specific labs/projects for evidence.
C5.3,"Use divide-and-conquer, known-good substitution, signal tracing, or rail-by-rail checks appropriately without changing multiple variables at once.",Career,Career standard,CAREER-W03-MEASUREMENT-PLAN,C2 expected/design-intent model; C3 measurement planning; known-good behavior before faults,13,Career Week 13,Week 28,Week 13 · SEM-C5-13-1640A,Portland Community College — EET 101B — Electronic Equipment and Lab Skills; O*NET OnLine / U.S. Department of Labor — Electrical and Electronic Engineering Technologists and Technicians; NASA — NASA Systems Engineering Handbook,KEEP · Informed by / cross-checked against · Alfred sequences the competency inside the shared CETa/Career dependency graph and uses Alfred-specific labs/projects for evidence.
C5.4,Distinguish root cause from symptom and verify that a repair removes the cause without creating a new failure.,Career,Career standard,CAREER-W03-MEASUREMENT-PLAN,C2 expected/design-intent model; C3 measurement planning; known-good behavior before faults,13,Career Week 13,"Week 21, Week 28, Week 29",Week 13 · SEM-C5-13-1640A,Portland Community College — EET 101B — Electronic Equipment and Lab Skills; O*NET OnLine / U.S. Department of Labor — Electrical and Electronic Engineering Technologists and Technicians; NASA — NASA Systems Engineering Handbook,KEEP · Informed by / cross-checked against · Alfred sequences the competency inside the shared CETa/Career dependency graph and uses Alfred-specific labs/projects for evidence.
C5.5,Use fault injection or controlled perturbation to demonstrate that a diagnostic method can detect an expected failure mode.,Career,Career standard,CAREER-W28-FAULT-INJECTION,C5.1–C5.4 (expected→observed troubleshooting and causal hypothesis testing); C11.1–C11.4 (verification/test-case discipline); known-good project baseline,28,Career Week 28,Later cumulative practice/project evidence as applicable,Week 28 · SEM-C5-28-1640B,Portland Community College — EET 101B — Electronic Equipment and Lab Skills; O*NET OnLine / U.S. Department of Labor — Electrical and Electronic Engineering Technologists and Technicians; NASA — NASA Systems Engineering Handbook,MOVE · Informed by / cross-checked against · Alfred preserves the competency identity but moves required mastery evidence to the dependency-correct week.
C5.6,"Write a concise failure report containing symptom, setup, evidence, root cause, corrective action, and verification.",Career,Career standard,CAREER-W03-MEASUREMENT-PLAN,C2 expected/design-intent model; C3 measurement planning; known-good behavior before faults,13,Career Week 13,"Week 20, Week 28, Week 30, Week 31",Week 13 · SEM-C5-13-1640A,Portland Community College — EET 101B — Electronic Equipment and Lab Skills; O*NET OnLine / U.S. Department of Labor — Electrical and Electronic Engineering Technologists and Technicians; NASA — NASA Systems Engineering Handbook,KEEP · Informed by / cross-checked against · Alfred sequences the competency inside the shared CETa/Career dependency graph and uses Alfred-specific labs/projects for evidence.
C6.1,"Read, write, and trace small C programs using typed variables, expressions, assignments, conditionals, and loops; predict control flow and resulting values before running the code.",Career,Career standard,CAREER-W14-C-FOUNDATION,CETA-W14 computer/representation foundation; no prior programming assumed,14,Career Week 14,Later cumulative practice/project evidence as applicable,Week 14 · SEM-C6-14-1640,Texas A&M University — Electronic Systems Engineering Technology (ESET) course descriptions; Brian Hall / open textbook — Beej's Guide to C Programming,REWRITE · Informed by · Alfred sequences the competency inside the shared CETa/Career dependency graph and uses Alfred-specific labs/projects for evidence.
C6.2,"Use function declarations/prototypes, parameters, return values, and scope to divide C programs into small testable units and explain the data passed into and out of each unit.",Career,Career standard,CAREER-W14-C-FOUNDATION,CETA-W14 computer/representation foundation; no prior programming assumed,14,Career Week 14,Week 26,Week 14 · SEM-C6-14-1640,Texas A&M University — Electronic Systems Engineering Technology (ESET) course descriptions; Brian Hall / open textbook — Beej's Guide to C Programming,REWRITE · Informed by · Alfred sequences the competency inside the shared CETa/Career dependency graph and uses Alfred-specific labs/projects for evidence.
C6.3,"Use arrays, strings, structs, and enums to represent small embedded/test-program data structures while maintaining bounds, type, and lifetime discipline.",Career,Career standard,CAREER-W14-C-FOUNDATION,CETA-W14 computer/representation foundation; no prior programming assumed,14,Career Week 14,Week 15,Week 14 · SEM-C6-14-1640,Harvard University — CS50x Week 4 — Memory and Pointers; Brian Hall / open textbook — Beej's Guide to C Programming,SPLIT · Informed by · C6.3 now owns aggregate data structures; new C6.7 owns addresses/pointers and lifetime-safe pointer use.
C6.4,"Use bitwise AND, OR, XOR, shifts, and masks to inspect or modify specific bits, and explain the before/after bit pattern rather than treating the operation as a memorized formula.",Career,Career standard,CAREER-W14-C-FOUNDATION,CETA-W14 computer/representation foundation; no prior programming assumed,14,Career Week 14,"Week 15, Week 26",Week 14 · SEM-C6-14-1640,Arm — Embedded C Programming with Arm Cortex-M; Brian Hall / open textbook — Beej's Guide to C Programming,REWRITE · Informed by · Alfred sequences the competency inside the shared CETa/Career dependency graph and uses Alfred-specific labs/projects for evidence.
C6.5,"Recognize and prevent common C defects including off-by-one errors, uninitialized data, invalid pointer use, out-of-bounds access, integer conversion/overflow problems, and missing validation.",Career,Career standard,CAREER-W14-C-FOUNDATION,CETA-W14 computer/representation foundation; no prior programming assumed,14,Career Week 14,"Week 15, Week 26",Week 14 · SEM-C6-14-1640,Texas A&M University — Electronic Systems Engineering Technology (ESET) course descriptions; Brian Hall / open textbook — Beej's Guide to C Programming; Harvard University — CS50x Week 4 — Memory and Pointers; Arm — Embedded C Programming with Arm Cortex-M,REWRITE · Informed by · Alfred sequences the competency inside the shared CETa/Career dependency graph and uses Alfred-specific labs/projects for evidence.
C6.6,"Build small C programs with warnings enabled, interpret compiler/runtime diagnostics, reproduce failures with controlled inputs, inspect state, and debug by testing one hypothesis at a time.",Career,Career standard,CAREER-W14-C-FOUNDATION,CETA-W14 computer/representation foundation; no prior programming assumed,14,Career Week 14,Week 15,Week 14 · SEM-C6-14-1640,Texas A&M University — Electronic Systems Engineering Technology (ESET) course descriptions; Brian Hall / open textbook — Beej's Guide to C Programming; Harvard University — CS50x Week 4 — Memory and Pointers; Arm — Embedded C Programming with Arm Cortex-M,REWRITE · Informed by · Alfred sequences the competency inside the shared CETa/Career dependency graph and uses Alfred-specific labs/projects for evidence.
C6.7,"Explain the difference between a value and an address, use pointers to access valid objects/arrays, and identify invalid, null, out-of-bounds, and lifetime-related pointer risks in small C programs.",Career,Career standard,CAREER-W14-C-FOUNDATION,"CETA-W14 (computer/memory representation); C6.1–C6.3 (program anatomy, control flow, arrays/data structures)",14,Career Week 14,Later cumulative practice/project evidence as applicable,Week 14 · SEM-C6-14-1640,Brian Hall / open textbook — Beej's Guide to C Programming; Harvard University — CS50x Week 4 — Memory and Pointers; Arm — Embedded C Programming with Arm Cortex-M,"ADD · Informed by · Alfred introduces the address mental model only after arrays/functions, then uses tiny examples before MCU register/peripheral code."
C7.1,"Explain an embedded microcontroller as CPU + memory + clocks + buses + peripherals + registers, and connect each part to what executing C code can observe or control.",Career,Career standard,CAREER-W15-EMBEDDED-ARCH,C6 C-programming foundation; CETA-W15 MCU/computer concepts,15,Career Week 15,Week 16,Week 15 · SEM-C7-15-081,Texas A&M University — Electronic Systems Engineering Technology (ESET) course descriptions; Arm University Program — Efficient Embedded Systems Education Kit; STMicroelectronics — STM32 Online Training,REWRITE · Informed by · Alfred sequences the competency inside the shared CETa/Career dependency graph and uses Alfred-specific labs/projects for evidence.
C7.2,"Use fixed-width integer types and volatile appropriately for hardware registers or asynchronously changed state, and explain what volatile does and does not guarantee.",Career,Career standard,CAREER-W15-EMBEDDED-ARCH,C6 C-programming foundation; CETA-W15 MCU/computer concepts,15,Career Week 15,"Week 16, Week 26",Week 15 · SEM-C7-15-081,Texas A&M University — Electronic Systems Engineering Technology (ESET) course descriptions; Arm — Embedded C Programming with Arm Cortex-M; Arm University Program — Efficient Embedded Systems Education Kit; STMicroelectronics — STM32 Online Training,REWRITE · Informed by · Alfred sequences the competency inside the shared CETa/Career dependency graph and uses Alfred-specific labs/projects for evidence.
C7.3,Apply read-modify-write and bit masks to memory-mapped peripheral registers while preserving unrelated bits and checking the relevant register documentation.,Career,Career standard,CAREER-W15-EMBEDDED-ARCH,C6 C-programming foundation; CETA-W15 MCU/computer concepts,15,Career Week 15,"Week 16, Week 26",Week 15 · SEM-C7-15-081,Texas A&M University — Electronic Systems Engineering Technology (ESET) course descriptions; Arm — Embedded C Programming with Arm Cortex-M; Arm University Program — Efficient Embedded Systems Education Kit; STMicroelectronics — STM32 Online Training,REWRITE · Informed by · Alfred sequences the competency inside the shared CETa/Career dependency graph and uses Alfred-specific labs/projects for evidence.
C7.4,"Convert a simple blocking embedded behavior into an explicit nonblocking state machine with named states, transitions, events, and bounded timing behavior.",Career,Career standard,CAREER-W15-EMBEDDED-ARCH,C6 C-programming foundation; CETA-W15 MCU/computer concepts,15,Career Week 15,Week 26,Week 15 · SEM-C7-15-081,Texas A&M University — Electronic Systems Engineering Technology (ESET) course descriptions; Arm — Embedded C Programming with Arm Cortex-M; Arm University Program — Efficient Embedded Systems Education Kit; STMicroelectronics — STM32 Online Training,REWRITE · Informed by · Alfred sequences the competency inside the shared CETa/Career dependency graph and uses Alfred-specific labs/projects for evidence.
C7.5,"Explain polling and interrupts from the CPU/peripheral point of view and choose the simpler correct mechanism for a stated latency, timing, and complexity requirement.",Career,Career standard,CAREER-W15-EMBEDDED-ARCH,C6 C-programming foundation; CETA-W15 MCU/computer concepts,15,Career Week 15,"Week 16, Week 26",Week 15 · SEM-C7-15-081,Texas A&M University — Electronic Systems Engineering Technology (ESET) course descriptions; Arm — Embedded C Programming with Arm Cortex-M; Arm University Program — Efficient Embedded Systems Education Kit; STMicroelectronics — STM32 Online Training,REWRITE · Informed by · Alfred sequences the competency inside the shared CETa/Career dependency graph and uses Alfred-specific labs/projects for evidence.
C7.6,"Separate hardware-access code, application/state logic, and diagnostic output so each layer can be reasoned about, tested, and troubleshot independently.",Career,Career standard,CAREER-W15-EMBEDDED-ARCH,C6 C-programming foundation; CETA-W15 MCU/computer concepts,15,Career Week 15,Week 26,Week 15 · SEM-C7-15-081,Texas A&M University — Electronic Systems Engineering Technology (ESET) course descriptions; Arm — Embedded C Programming with Arm Cortex-M; Arm University Program — Efficient Embedded Systems Education Kit; STMicroelectronics — STM32 Online Training,REWRITE · Informed by · Alfred sequences the competency inside the shared CETa/Career dependency graph and uses Alfred-specific labs/projects for evidence.
C8.1,"Create an STM32 project by identifying the exact board/MCU, configuring clocks and pins, generating/inspecting initialization, building the project, and identifying the produced firmware image.",Career,Career standard,CAREER-W16-STM32-BASELINE,C7 embedded-C/MCU architecture; C3 measurement evidence; CETA-W16 MCU/toolchain concepts,16,Career Week 16,Later cumulative practice/project evidence as applicable,Week 16 · SEM-C8-16-1640,STMicroelectronics — STM32 Online Training; STMicroelectronics — STM32CubeMX and STM32Cube HAL Basics,REWRITE · Adapted from / informed by · Alfred sequences the competency inside the shared CETa/Career dependency graph and uses Alfred-specific labs/projects for evidence.
C8.2,"Bring up one STM32 GPIO path from project configuration through firmware state to physical pin behavior, using an independent measurement to prove the result.",Career,Career standard,CAREER-W16-STM32-BASELINE,C7 embedded-C/MCU architecture; C3 measurement evidence; CETA-W16 MCU/toolchain concepts,16,Career Week 16,Week 17,Week 16 · SEM-C8-16-1640,STMicroelectronics — STM32 Online Training; STMicroelectronics — STM32CubeMX and STM32Cube HAL Basics; Texas A&M University — Electronic Systems Engineering Technology (ESET) course descriptions; Arm University Program — Efficient Embedded Systems Education Kit,REWRITE · Adapted from / informed by · Alfred sequences the competency inside the shared CETa/Career dependency graph and uses Alfred-specific labs/projects for evidence.
C8.3,"Explain the debug-probe/SWD path and use it to connect, halt, step, set breakpoints, and inspect variables/registers so code-flow faults can be separated from hardware faults.",Career,Career standard,CAREER-W16-STM32-BASELINE,C7 embedded-C/MCU architecture; C3 measurement evidence; CETA-W16 MCU/toolchain concepts,16,Career Week 16,Week 24,Week 16 · SEM-C8-16-1640,STMicroelectronics — STM32 Online Training; Arm University Program — Efficient Embedded Systems Education Kit,REWRITE · Adapted from / informed by · Alfred sequences the competency inside the shared CETa/Career dependency graph and uses Alfred-specific labs/projects for evidence.
C8.4,"After a known-good GPIO baseline, configure and validate one STM32 timer/event or interrupt path while checking peripheral clock, prescaler/period, time units, flags, and observable timing evidence.",Career,Career standard,CAREER-W16-STM32-BASELINE,CETA-W16 (MCU/clock architecture); C7.1–C7.6 (embedded C/MCU architecture); C8.1–C8.3 (known-good STM32 GPIO/build/flash/SWD baseline),16,Career Week 16,"Week 18, Week 25",Week 16 · SEM-C8-16-1640,STMicroelectronics — STM32 Online Training; STMicroelectronics — STM32CubeMX and STM32Cube HAL Basics; Texas A&M University — Electronic Systems Engineering Technology (ESET) course descriptions; Arm University Program — Efficient Embedded Systems Education Kit,SPLIT · Adapted from / informed by · C8.4 is taught only after the Week 16 GPIO/SWD baseline.
C8.5,"Use staged evidence—power/current, reset/boot, clock/configuration, debug connectivity, minimal firmware, and I/O—to establish a known-good STM32 bring-up baseline before adding complexity.",Career,Career standard,CAREER-W16-STM32-BASELINE,C7 embedded-C/MCU architecture; C3 measurement evidence; CETA-W16 MCU/toolchain concepts,16,Career Week 16,Week 24,Week 16 · SEM-C8-16-1640,STMicroelectronics — STM32 Online Training; STMicroelectronics — STM32CubeMX and STM32Cube HAL Basics; Texas A&M University — Electronic Systems Engineering Technology (ESET) course descriptions; Arm University Program — Efficient Embedded Systems Education Kit,REWRITE · Adapted from / informed by · Alfred sequences the competency inside the shared CETa/Career dependency graph and uses Alfred-specific labs/projects for evidence.
C8.6,"Capture an STM32 fault reproducibly with board/MCU identity, firmware revision, configuration, measurements/debug evidence, hypothesis, corrective action, and verified retest.",Career,Career standard,CAREER-W16-STM32-BASELINE,C7 embedded-C/MCU architecture; C3 measurement evidence; CETA-W16 MCU/toolchain concepts,16,Career Week 16,"Week 24, Week 26",Week 16 · SEM-C8-16-1640,STMicroelectronics — STM32 Online Training; STMicroelectronics — STM32CubeMX and STM32Cube HAL Basics; Texas A&M University — Electronic Systems Engineering Technology (ESET) course descriptions; Arm University Program — Efficient Embedded Systems Education Kit,REWRITE · Adapted from / informed by · Alfred sequences the competency inside the shared CETa/Career dependency graph and uses Alfred-specific labs/projects for evidence.
C8.7,"After a known-good digital baseline, configure and validate one STM32 ADC channel using a known input while checking reference voltage, channel/pin mode, resolution/sample settings, raw code, engineering-unit conversion, and independent physical measurement.",Career,Career standard,CAREER-W16-STM32-BASELINE,CETA-W16 (MCU and conversion foundations); C8.1–C8.3 (known-good digital baseline); voltage/reference measurement discipline from C3,16,Career Week 16,Later cumulative practice/project evidence as applicable,Week 16 · SEM-C8-16-1640,STMicroelectronics — STM32 Online Training; Arm University Program — Efficient Embedded Systems Education Kit,ADD · Informed by / cross-checked against · Alfred uses a known DC input and DMM cross-check before any sensor-specific ADC application.
C9.1,"Configure UART parameters and diagnose mismatched baud rate, data bits, parity, stop bits, logic level, or crossed TX/RX connections.",Career,Career standard,CAREER-W18-I2C-LOGIC,C8 known-good MCU baseline; CETA-W18 interface signaling; C3 measurement/reference discipline,18,Career Week 18,Week 27,Week 18 · SEM-C9-18-083,STMicroelectronics — STM32 Online Training; Saleae — Logic Analyzer Learning and Support; SparkFun — Serial Communication; SparkFun — I2C; SparkFun — Serial Peripheral Interface (SPI),KEEP · Informed by · Alfred sequences the competency inside the shared CETa/Career dependency graph and uses Alfred-specific labs/projects for evidence.
C9.2,"Explain I²C addressing, open-drain signaling, pull-up resistors, START/STOP conditions, ACK/NACK, and common stuck-bus faults.",Career,Career standard,CAREER-W18-I2C-LOGIC,C8 known-good MCU baseline; CETA-W18 interface signaling; C3 measurement/reference discipline,18,Career Week 18,Week 25,Week 18 · SEM-C9-18-083,STMicroelectronics — STM32 Online Training; Saleae — Logic Analyzer Learning and Support; SparkFun — Serial Communication; SparkFun — I2C; SparkFun — Serial Peripheral Interface (SPI),KEEP · Informed by · Alfred sequences the competency inside the shared CETa/Career dependency graph and uses Alfred-specific labs/projects for evidence.
C9.3,"Explain SPI clock, MOSI/MISO, chip select, mode/polarity/phase, word length, and common configuration mismatches.",Career,Career standard,CAREER-W18-I2C-LOGIC,C8 known-good MCU baseline; CETA-W18 interface signaling; C3 measurement/reference discipline,18,Career Week 18,Week 25,Week 18 · SEM-C9-18-083,STMicroelectronics — STM32 Online Training; Saleae — Logic Analyzer Learning and Support; SparkFun — Serial Communication; SparkFun — I2C; SparkFun — Serial Peripheral Interface (SPI),KEEP · Informed by · Alfred sequences the competency inside the shared CETa/Career dependency graph and uses Alfred-specific labs/projects for evidence.
C9.4,"Use a logic analyzer capture to correlate firmware actions with actual UART, I²C, or SPI bus transactions.",Career,Career standard,CAREER-W18-I2C-LOGIC,C8 known-good MCU baseline; CETA-W18 interface signaling; C3 measurement/reference discipline,18,Career Week 18,Week 25,Week 18 · SEM-C9-18-083,STMicroelectronics — STM32 Online Training; Saleae — Logic Analyzer Learning and Support; SparkFun — Serial Communication; SparkFun — I2C; SparkFun — Serial Peripheral Interface (SPI),KEEP · Informed by · Alfred sequences the competency inside the shared CETa/Career dependency graph and uses Alfred-specific labs/projects for evidence.
C9.5,"Read a sensor/interface datasheet to determine register address, transaction sequence, timing, and expected response.",Career,Career standard,CAREER-W18-I2C-LOGIC,C8 known-good MCU baseline; CETA-W18 interface signaling; C3 measurement/reference discipline,18,Career Week 18,Week 25,Week 18 · SEM-C9-18-083,STMicroelectronics — STM32 Online Training; Saleae — Logic Analyzer Learning and Support; SparkFun — Serial Communication; SparkFun — I2C; SparkFun — Serial Peripheral Interface (SPI),KEEP · Informed by · Alfred sequences the competency inside the shared CETa/Career dependency graph and uses Alfred-specific labs/projects for evidence.
C9.6,"Diagnose whether an interface failure is most likely firmware configuration, electrical connection, signal integrity, device addressing, or protocol sequencing.",Career,Career standard,CAREER-W18-I2C-LOGIC,C8 known-good MCU baseline; CETA-W18 interface signaling; C3 measurement/reference discipline,18,Career Week 18,Week 25,Week 18 · SEM-C9-18-083,STMicroelectronics — STM32 Online Training; Saleae — Logic Analyzer Learning and Support; SparkFun — Serial Communication; SparkFun — I2C; SparkFun — Serial Peripheral Interface (SPI),KEEP · Informed by · Alfred sequences the competency inside the shared CETa/Career dependency graph and uses Alfred-specific labs/projects for evidence.
C10.1,"Use Python to open, configure, read from, and write to a serial device with explicit timeouts and error handling.",Career,Career standard,CAREER-W17-PYTHON-SERIAL; CAREER-W22-VERIFICATION,CAREER-W17-PYTHON-SERIAL; C9 interface/transport evidence; C11 verification limits and evidence discipline,27,Career Week 27,Later cumulative practice/project evidence as applicable,Week 27 · SEM-C10-27-084,Python Software Foundation — Python 3 Documentation; pySerial project — pySerial Documentation; pytest project — pytest Documentation; O*NET OnLine / U.S. Department of Labor — Electrical and Electronic Engineering Technologists and Technicians,KEEP · Informed by · Alfred sequences the competency inside the shared CETa/Career dependency graph and uses Alfred-specific labs/projects for evidence.
C10.2,Parse incoming measurements into structured values and reject malformed or out-of-range data safely.,Career,Career standard,CAREER-W17-PYTHON-SERIAL; CAREER-W22-VERIFICATION,CAREER-W17-PYTHON-SERIAL; C9 interface/transport evidence; C11 verification limits and evidence discipline,27,Career Week 27,Later cumulative practice/project evidence as applicable,Week 27 · SEM-C10-27-084,Python Software Foundation — Python 3 Documentation; pySerial project — pySerial Documentation; pytest project — pytest Documentation; O*NET OnLine / U.S. Department of Labor — Electrical and Electronic Engineering Technologists and Technicians,KEEP · Informed by · Alfred sequences the competency inside the shared CETa/Career dependency graph and uses Alfred-specific labs/projects for evidence.
C10.3,"Log timestamped test data in a reproducible format that preserves units, device identity, and test conditions.",Career,Career standard,CAREER-W17-PYTHON-SERIAL; CAREER-W22-VERIFICATION,CAREER-W17-PYTHON-SERIAL; C9 interface/transport evidence; C11 verification limits and evidence discipline,27,Career Week 27,Later cumulative practice/project evidence as applicable,Week 27 · SEM-C10-27-084,Python Software Foundation — Python 3 Documentation; pySerial project — pySerial Documentation; pytest project — pytest Documentation; O*NET OnLine / U.S. Department of Labor — Electrical and Electronic Engineering Technologists and Technicians,KEEP · Informed by · Alfred sequences the competency inside the shared CETa/Career dependency graph and uses Alfred-specific labs/projects for evidence.
C10.4,Write an automated PASS/FAIL check against explicit limits and report why a failure occurred.,Career,Career standard,CAREER-W17-PYTHON-SERIAL; CAREER-W22-VERIFICATION,CAREER-W17-PYTHON-SERIAL; C9 interface/transport evidence; C11 verification limits and evidence discipline,27,Career Week 27,Week 28,Week 27 · SEM-C10-27-084,Python Software Foundation — Python 3 Documentation; pySerial project — pySerial Documentation; pytest project — pytest Documentation; O*NET OnLine / U.S. Department of Labor — Electrical and Electronic Engineering Technologists and Technicians,KEEP · Informed by · Alfred sequences the competency inside the shared CETa/Career dependency graph and uses Alfred-specific labs/projects for evidence.
C10.5,"Plot or summarize test data to reveal trends, drift, noise, or outliers relevant to a hardware decision.",Career,Career standard,CAREER-W17-PYTHON-SERIAL; CAREER-W22-VERIFICATION,CAREER-W17-PYTHON-SERIAL; C9 interface/transport evidence; C11 verification limits and evidence discipline,27,Career Week 27,Later cumulative practice/project evidence as applicable,Week 27 · SEM-C10-27-084,Python Software Foundation — Python 3 Documentation; pySerial project — pySerial Documentation; pytest project — pytest Documentation; O*NET OnLine / U.S. Department of Labor — Electrical and Electronic Engineering Technologists and Technicians,KEEP · Informed by · Alfred sequences the competency inside the shared CETa/Career dependency graph and uses Alfred-specific labs/projects for evidence.
C10.6,"Structure a small hardware-test script so setup, stimulus, measurement, evaluation, cleanup, and reporting are separate steps.",Career,Career standard,CAREER-W17-PYTHON-SERIAL; CAREER-W22-VERIFICATION,CAREER-W17-PYTHON-SERIAL; C9 interface/transport evidence; C11 verification limits and evidence discipline,27,Career Week 27,Later cumulative practice/project evidence as applicable,Week 27 · SEM-C10-27-084,Python Software Foundation — Python 3 Documentation; pySerial project — pySerial Documentation; pytest project — pytest Documentation; O*NET OnLine / U.S. Department of Labor — Electrical and Electronic Engineering Technologists and Technicians,KEEP · Informed by · Alfred sequences the competency inside the shared CETa/Career dependency graph and uses Alfred-specific labs/projects for evidence.
C11.1,"Translate a requirement into a measurable verification step with setup, stimulus, expected result, tolerance, and evidence.",Career,Career standard,CAREER-W22-VERIFICATION,C3 measurement evidence; C5 troubleshooting/causal reasoning; explicit requirement/expected-result model,22,Career Week 22,Later cumulative practice/project evidence as applicable,Week 28 · SEM-C11-28-085,"ABET — Criteria for Accrediting Engineering Technology Programs, 2026–2027; NASA — NASA Systems Engineering Handbook; O*NET OnLine / U.S. Department of Labor — Electrical and Electronic Engineering Technologists and Technicians",KEEP · Informed by / cross-checked against · Alfred sequences the competency inside the shared CETa/Career dependency graph and uses Alfred-specific labs/projects for evidence.
C11.2,"Distinguish verification, validation, characterization, troubleshooting, and production test.",Career,Career standard,CAREER-W22-VERIFICATION,C3 measurement evidence; C5 troubleshooting/causal reasoning; explicit requirement/expected-result model,22,Career Week 22,Later cumulative practice/project evidence as applicable,Week 28 · SEM-C11-28-085,"ABET — Criteria for Accrediting Engineering Technology Programs, 2026–2027; NASA — NASA Systems Engineering Handbook; O*NET OnLine / U.S. Department of Labor — Electrical and Electronic Engineering Technologists and Technicians",KEEP · Informed by / cross-checked against · Alfred sequences the competency inside the shared CETa/Career dependency graph and uses Alfred-specific labs/projects for evidence.
C11.3,Design a repeatable test procedure that controls variables and records enough context for another technician to reproduce it.,Career,Career standard,CAREER-W22-VERIFICATION,C3 measurement evidence; C5 troubleshooting/causal reasoning; explicit requirement/expected-result model,27,Career Week 27,Later cumulative practice/project evidence as applicable,Week 28 · SEM-C11-28-085,"ABET — Criteria for Accrediting Engineering Technology Programs, 2026–2027; NASA — NASA Systems Engineering Handbook; O*NET OnLine / U.S. Department of Labor — Electrical and Electronic Engineering Technologists and Technicians",KEEP · Informed by / cross-checked against · Alfred sequences the competency inside the shared CETa/Career dependency graph and uses Alfred-specific labs/projects for evidence.
C11.4,"Use boundary, nominal, and fault conditions to expose weaknesses that a single happy-path test would miss.",Career,Career standard,CAREER-W22-VERIFICATION,C3 measurement evidence; C5 troubleshooting/causal reasoning; explicit requirement/expected-result model,27,Career Week 27,Later cumulative practice/project evidence as applicable,Week 28 · SEM-C11-28-085,"ABET — Criteria for Accrediting Engineering Technology Programs, 2026–2027; NASA — NASA Systems Engineering Handbook; O*NET OnLine / U.S. Department of Labor — Electrical and Electronic Engineering Technologists and Technicians",KEEP · Informed by / cross-checked against · Alfred sequences the competency inside the shared CETa/Career dependency graph and uses Alfred-specific labs/projects for evidence.
C11.5,"Interpret test results against requirements and identify whether the result is pass, fail, inconclusive, or requires additional data.",Career,Career standard,CAREER-W22-VERIFICATION,C3 measurement evidence; C5 troubleshooting/causal reasoning; explicit requirement/expected-result model,27,Career Week 27,Later cumulative practice/project evidence as applicable,Week 28 · SEM-C11-28-085,"ABET — Criteria for Accrediting Engineering Technology Programs, 2026–2027; NASA — NASA Systems Engineering Handbook; O*NET OnLine / U.S. Department of Labor — Electrical and Electronic Engineering Technologists and Technicians",KEEP · Informed by / cross-checked against · Alfred sequences the competency inside the shared CETa/Career dependency graph and uses Alfred-specific labs/projects for evidence.
C11.6,"Maintain traceability between requirement, test case, result, anomaly, corrective action, and retest evidence.",Career,Career standard,CAREER-W22-VERIFICATION,C3 measurement evidence; C5 troubleshooting/causal reasoning; explicit requirement/expected-result model,22,Career Week 22,Later cumulative practice/project evidence as applicable,Week 28 · SEM-C11-28-085,"ABET — Criteria for Accrediting Engineering Technology Programs, 2026–2027; NASA — NASA Systems Engineering Handbook; O*NET OnLine / U.S. Department of Labor — Electrical and Electronic Engineering Technologists and Technicians",KEEP · Informed by / cross-checked against · Alfred sequences the competency inside the shared CETa/Career dependency graph and uses Alfred-specific labs/projects for evidence.
C12.1,"Use repository status, diff, staging, commits, and history to inspect and preserve meaningful firmware/test-script changes so the project state is reviewable and reproducible.",Career,Career standard,CAREER-W12-GIT-FOUNDATION,Prior lab/project evidence; reproducibility and technical communication needs,12,Career Week 12,"Week 23, Week 26",Week 12 · SEM-C12-12-1640,GitHub Skills — Introduction to Git; Portland Community College — EET 101A — Electronic Lab and Essential Work Skills,SPLIT · Adapted from / informed by · Alfred teaches repository → working tree → status/diff → commit/history before branching/tagging.
C12.2,"Use basic command-line navigation and a repeatable project structure to build, run, inspect, compare, and archive engineering work without losing configuration or evidence context.",Career,Career standard,CAREER-W12-GIT-FOUNDATION,Prior lab/project evidence; reproducibility and technical communication needs,12,Career Week 12,"Week 14, Week 17, Week 23",Week 12 · SEM-C12-12-1640,GitHub Skills — Introduction to Git; Portland Community College — EET 101A — Electronic Lab and Essential Work Skills,"REWRITE · Informed by · Alfred teaches current directory, file listing, directory changes, project-root awareness, and documented command execution before using the CLI as invisible Git/build/test infrastructure."
C12.3,"Write lab notes with date, objective, configuration, observations, measurements, anomalies, and next actions.",Career,Career standard,CAREER-W12-GIT-FOUNDATION,Prior lab/project evidence; reproducibility and technical communication needs,12,Career Week 12,"Week 13, Week 20, Week 21, Week 22, Week 23",Week 12 · SEM-C12-12-1640,GitHub Skills — Introduction to Git; Portland Community College — EET 101A — Electronic Lab and Essential Work Skills; O*NET OnLine / U.S. Department of Labor — Electrical and Electronic Engineering Technologists and Technicians,KEEP · Informed by · Alfred sequences the competency inside the shared CETa/Career dependency graph and uses Alfred-specific labs/projects for evidence.
C12.4,"Create a concise test report with purpose, setup, method, results, plots/tables, conclusions, and unresolved risks.",Career,Career standard,CAREER-W12-GIT-FOUNDATION,Prior lab/project evidence; reproducibility and technical communication needs,12,Career Week 12,"Week 20, Week 28, Week 30",Week 12 · SEM-C12-12-1640,GitHub Skills — Introduction to Git; Portland Community College — EET 101A — Electronic Lab and Essential Work Skills; O*NET OnLine / U.S. Department of Labor — Electrical and Electronic Engineering Technologists and Technicians,KEEP · Informed by · Alfred sequences the competency inside the shared CETa/Career dependency graph and uses Alfred-specific labs/projects for evidence.
C12.5,"Communicate a technical problem to an engineer using observed facts, measurements, attempted checks, and a clear question.",Career,Career standard,CAREER-W12-GIT-FOUNDATION,Prior lab/project evidence; reproducibility and technical communication needs,12,Career Week 12,"Week 20, Week 28, Week 30, Week 31",Week 12 · SEM-C12-12-1640,GitHub Skills — Introduction to Git; Portland Community College — EET 101A — Electronic Lab and Essential Work Skills; O*NET OnLine / U.S. Department of Labor — Electrical and Electronic Engineering Technologists and Technicians,KEEP · Informed by · Alfred sequences the competency inside the shared CETa/Career dependency graph and uses Alfred-specific labs/projects for evidence.
C12.6,"Keep filenames, versions, units, screenshots, code, schematics, and evidence organized so a future reviewer can reconstruct the work.",Career,Career standard,CAREER-W12-GIT-FOUNDATION,Prior lab/project evidence; reproducibility and technical communication needs,12,Career Week 12,"Week 23, Week 29, Week 30",Week 12 · SEM-C12-12-1640,GitHub Skills — Introduction to Git; Portland Community College — EET 101A — Electronic Lab and Essential Work Skills; O*NET OnLine / U.S. Department of Labor — Electrical and Electronic Engineering Technologists and Technicians,KEEP · Informed by · Alfred sequences the competency inside the shared CETa/Career dependency graph and uses Alfred-specific labs/projects for evidence.
C12.7,"Use branches and named known-good baselines/tags to isolate work, preserve recoverable project states, and tie firmware/documentation state to bench evidence.",Career,Career standard,CAREER-W12-GIT-FOUNDATION,C12.1 (status/diff/staging/commit/history); C12.2/C12.3 (reproducible project/document structure),12,Career Week 12,Later cumulative practice/project evidence as applicable,Week 12 · SEM-C12-12-1640,GitHub Skills — Introduction to Git; Portland Community College — EET 101A — Electronic Lab and Essential Work Skills,ADD · Informed by · Alfred applies the Git concept directly to pre-change/post-change electronics evidence.
C13.1,"Present a project with problem, requirements, architecture, implementation, test evidence, failure/recovery story, and final result.",Career,Career standard,C11.1; C11.6; C12.3; C12.4; C12.6,"C11.1, C11.6, C12.3, C12.4, C12.6 and accumulated technical project evidence from C1–C12.",30,Career Week 30,Later cumulative practice/project evidence as applicable,Week 30 · SEM-C13-30-1640A,O*NET OnLine / U.S. Department of Labor — Electrical and Electronic Engineering Technologists and Technicians; U.S. Bureau of Labor Statistics — Electrical and Electronic Engineering Technologists and Technicians,KEEP · Alfred-authored integration; cross-checked against · Alfred sequences the competency inside the shared CETa/Career dependency graph and uses Alfred-specific labs/projects for evidence.
C13.2,"Explain personal contribution precisely without overstating ownership, certification, job title, or engineering authority.",Career,Career standard,C12.5; C12.6,"C12.5, C12.6 plus the learner’s own project evidence and role boundaries.",30,Career Week 30,Week 31,Week 30 · SEM-C13-30-1640A,O*NET OnLine / U.S. Department of Labor — Electrical and Electronic Engineering Technologists and Technicians; U.S. Bureau of Labor Statistics — Electrical and Electronic Engineering Technologists and Technicians,KEEP · Alfred-authored integration; cross-checked against · Alfred sequences the competency inside the shared CETa/Career dependency graph and uses Alfred-specific labs/projects for evidence.
C13.3,Answer a hardware troubleshooting interview question using a hypothesis-and-measurement process rather than guessing components.,Career,Career standard,C5.1; C5.2; C5.3,C5.1–C5.3 troubleshooting/hypothesis-measurement reasoning plus prior project evidence.,30,Career Week 30,Week 31,Week 30 · SEM-C13-30-1640A,O*NET OnLine / U.S. Department of Labor — Electrical and Electronic Engineering Technologists and Technicians; U.S. Bureau of Labor Statistics — Electrical and Electronic Engineering Technologists and Technicians,KEEP · Alfred-authored integration; cross-checked against · Alfred sequences the competency inside the shared CETa/Career dependency graph and uses Alfred-specific labs/projects for evidence.
C13.4,"Tailor a resume bullet to an electronics/test/embedded role using concrete tools, actions, results, and evidence.",Career,Career standard,C12.6; C13.1,C12.6 evidence organization and C13.1 project-story evidence.,30,Career Week 30,Week 31,Week 30 · SEM-C13-30-1640A,O*NET OnLine / U.S. Department of Labor — Electrical and Electronic Engineering Technologists and Technicians; U.S. Bureau of Labor Statistics — Electrical and Electronic Engineering Technologists and Technicians,KEEP · Alfred-authored integration; cross-checked against · Alfred sequences the competency inside the shared CETa/Career dependency graph and uses Alfred-specific labs/projects for evidence.
C13.5,Evaluate a job description for must-have versus learnable skills and identify a credible bridge-role application strategy.,Career,Career standard,C13.1; C13.2,C13.1–C13.2 plus target-role duties/constraints.,30,Career Week 30,Week 31,Week 30 · SEM-C13-30-1640A,O*NET OnLine / U.S. Department of Labor — Electrical and Electronic Engineering Technologists and Technicians; U.S. Bureau of Labor Statistics — Electrical and Electronic Engineering Technologists and Technicians,KEEP · Alfred-authored integration; cross-checked against · Alfred sequences the competency inside the shared CETa/Career dependency graph and uses Alfred-specific labs/projects for evidence.
C13.6,"Use interview/application feedback to choose the next technical repair, portfolio improvement, or job-search adjustment.",Career,Career standard,C13.1; C13.2; C13.3; C13.4; C13.5,C13.1–C13.5 plus real application/interview outcome evidence.,31,Career Week 31,Later cumulative practice/project evidence as applicable,Week 31 · SEM-C13-31-1640B,O*NET OnLine / U.S. Department of Labor — Electrical and Electronic Engineering Technologists and Technicians; U.S. Bureau of Labor Statistics — Electrical and Electronic Engineering Technologists and Technicians,MOVE · Alfred-authored integration; cross-checked against · Alfred preserves the competency identity but moves required mastery evidence to the dependency-correct week.
