Source ID,New in Part 2,Title,Author,Organization / Publisher,Source Type,URL,Access,Verification Date,Verification Result,Authority / Pedagogy Rationale,Course Uses
flukeSafety,NO — pre-existing source,Electrical Measurement Safety,Fluke,Fluke,Existing Professional / Reference Reading,Preserved in existing canonical source registry; Part 2 does not duplicate or rewrite URL metadata,Existing verified access state preserved,2026-09-21,PASS — current authoritative/public source verified or existing accepted canonical source preserved,Previously accepted AU-ESET 301 source reused because it already provides a strong written professional/reference function.,"W01 Career — Voltage, resistance, and current modes are different circuits"
flukeMultimeterGuide,NO — pre-existing source,How to Use a Multimeter — Comprehensive Guide,Fluke,Fluke,Existing Professional / Reference Reading,Preserved in existing canonical source registry; Part 2 does not duplicate or rewrite URL metadata,Existing verified access state preserved,2026-09-21,PASS — current authoritative/public source verified or existing accepted canonical source preserved,Previously accepted AU-ESET 301 source reused because it already provides a strong written professional/reference function.,"W01 Career — Voltage, resistance, and current modes are different circuits; W03 CETa — The DMM is several instruments sharing one display; W09 Career — Use rail behavior to distinguish source, regulator, and load faults; W24 Career — Unpowered checks find cheap faults"
nasaESD,NO — pre-existing source,NASA-HDBK-8739.21 — ESD Control,NASA,NASA,Existing Professional / Reference Reading,Preserved in existing canonical source registry; Part 2 does not duplicate or rewrite URL metadata,Existing verified access state preserved,2026-09-21,PASS — current authoritative/public source verified or existing accepted canonical source preserved,Previously accepted AU-ESET 301 source reused because it already provides a strong written professional/reference function.,"W01 CETa — ESD, technician tool hazards, and PPE; W12 CETa — ESD control is specific to the work state"
aacMeterLoading,NO — pre-existing source,Voltmeter Impact on a Measured Circuit,All About Circuits,All About Circuits,Existing Professional / Reference Reading,Preserved in existing canonical source registry; Part 2 does not duplicate or rewrite URL metadata,Existing verified access state preserved,2026-09-21,PASS — current authoritative/public source verified or existing accepted canonical source preserved,Previously accepted AU-ESET 301 source reused because it already provides a strong written professional/reference function.,W02 CETa — Loaded dividers reveal why measuring changes circuits
tekScopeSetup,NO — pre-existing source,How to Use an Oscilloscope and Probe — Step-by-Step Tutorial,Tektronix,Tektronix,Existing Professional / Reference Reading,Preserved in existing canonical source registry; Part 2 does not duplicate or rewrite URL metadata,Existing verified access state preserved,2026-09-21,PASS — current authoritative/public source verified or existing accepted canonical source preserved,Previously accepted AU-ESET 301 source reused because it already provides a strong written professional/reference function.,"W03 Career — Reference, grounding, loading, and bandwidth can change the result; W29 CETa — Measurement setup is part of workmanship verification"
keysightElectronicLoadBasics,NO — pre-existing source,Electronic Load Fundamentals,Keysight Technologies,Keysight Technologies,Existing Professional / Reference Reading,Preserved in existing canonical source registry; Part 2 does not duplicate or rewrite URL metadata,Existing verified access state preserved,2026-09-21,PASS — current authoritative/public source verified or existing accepted canonical source preserved,Previously accepted AU-ESET 301 source reused because it already provides a strong written professional/reference function.,W03 CETa — A bench supply has two interacting limits
mitLabs,NO — pre-existing source,6.002 Laboratory Materials,MIT OpenCourseWare,MIT OpenCourseWare,Existing Professional / Reference Reading,Preserved in existing canonical source registry; Part 2 does not duplicate or rewrite URL metadata,Existing verified access state preserved,2026-09-21,PASS — current authoritative/public source verified or existing accepted canonical source preserved,Previously accepted AU-ESET 301 source reused because it already provides a strong written professional/reference function.,W05 Career — Verification is more than seeing the output once
aacResonantFilters,NO — pre-existing source,Resonant Filters,All About Circuits,All About Circuits,Existing Professional / Reference Reading,Preserved in existing canonical source registry; Part 2 does not duplicate or rewrite URL metadata,Existing verified access state preserved,2026-09-21,PASS — current authoritative/public source verified or existing accepted canonical source preserved,Previously accepted AU-ESET 301 source reused because it already provides a strong written professional/reference function.,W06 CETa — Resonance and transformation are controlled relationships
tiSwitchingRegulatorFundamentals,NO — pre-existing source,Switching Regulator Fundamentals,Texas Instruments,Texas Instruments,Existing Professional / Reference Reading,Preserved in existing canonical source registry; Part 2 does not duplicate or rewrite URL metadata,Existing verified access state preserved,2026-09-21,PASS — current authoritative/public source verified or existing accepted canonical source preserved,Previously accepted AU-ESET 301 source reused because it already provides a strong written professional/reference function.,W09 CETa — Switch-mode power supply operation
aacLogicLevels,NO — pre-existing source,Logic Signal Voltage Levels,All About Circuits,All About Circuits,Existing Professional / Reference Reading,Preserved in existing canonical source registry; Part 2 does not duplicate or rewrite URL metadata,Existing verified access state preserved,2026-09-21,PASS — current authoritative/public source verified or existing accepted canonical source preserved,Previously accepted AU-ESET 301 source reused because it already provides a strong written professional/reference function.,"W11 Career — A logical 1 is a voltage range, not the word “high”"
saleaeDigitalSignals,NO — pre-existing source,STM32 Nucleo Board — Digital Signals,Saleae,Saleae,Existing Professional / Reference Reading,Preserved in existing canonical source registry; Part 2 does not duplicate or rewrite URL metadata,Existing verified access state preserved,2026-09-21,PASS — current authoritative/public source verified or existing accepted canonical source preserved,Previously accepted AU-ESET 301 source reused because it already provides a strong written professional/reference function.,"W11 Career — Debounce is a time-domain problem; W15 Career — Career integration: embedded C, MCU architecture, and nonblocking design"
adafruitSolderProblems,NO — pre-existing source,Adafruit Guide to Excellent Soldering — Common Soldering Problems,Adafruit Learning System,Adafruit Learning System,Existing Professional / Reference Reading,Preserved in existing canonical source registry; Part 2 does not duplicate or rewrite URL metadata,Existing verified access state preserved,2026-09-21,PASS — current authoritative/public source verified or existing accepted canonical source preserved,Previously accepted AU-ESET 301 source reused because it already provides a strong written professional/reference function.,"W12 CETa — Heat shunts, cold joints, and good mechanical/electrical connections; W29 CETa — Workmanship criteria are observable, not aesthetic preference"
nasaHarness,NO — pre-existing source,"NASA-STD-8739.4 — Crimping, Cables, Harnesses, and Wiring",NASA,NASA,Existing Professional / Reference Reading,Preserved in existing canonical source registry; Part 2 does not duplicate or rewrite URL metadata,Existing verified access state preserved,2026-09-21,PASS — current authoritative/public source verified or existing accepted canonical source preserved,Previously accepted AU-ESET 301 source reused because it already provides a strong written professional/reference function.,W12 Career — Career integration: solder/rework workmanship and harness evidence; W29 CETa — Workmanship is verified by condition plus electrical evidence
githubSkills,NO — pre-existing source,Introduction to Git,GitHub Skills,GitHub Skills,Existing Professional / Reference Reading,Preserved in existing canonical source registry; Part 2 does not duplicate or rewrite URL metadata,Existing verified access state preserved,2026-09-21,PASS — current authoritative/public source verified or existing accepted canonical source preserved,Previously accepted AU-ESET 301 source reused because it already provides a strong written professional/reference function.,"W12 Career — Command-line navigation is a small reproducibility tool, not assumed knowledge; W23 Career — A repository is the project’s reconstructable memory"
nasaCrewElectronicsRepair,NO — pre-existing source,NASA/TM-2011-216933 — Electronics Repair Training for Spaceflight Crews,NASA,NASA,Existing Professional / Reference Reading,Preserved in existing canonical source registry; Part 2 does not duplicate or rewrite URL metadata,Existing verified access state preserved,2026-09-21,PASS — current authoritative/public source verified or existing accepted canonical source preserved,Previously accepted AU-ESET 301 source reused because it already provides a strong written professional/reference function.,"W12 CETa — Solder safety, fumes, splatter, flux, and alloy choice"
pyserial,NO — pre-existing source,pySerial Documentation,pySerial project,pySerial project,Existing Professional / Reference Reading,Preserved in existing canonical source registry; Part 2 does not duplicate or rewrite URL metadata,Existing verified access state preserved,2026-09-21,PASS — current authoritative/public source verified or existing accepted canonical source preserved,Previously accepted AU-ESET 301 source reused because it already provides a strong written professional/reference function.,W17 Career — Use pySerial as a visible port → bytes → message pipeline; W27 Career — Automated test is still a physical measurement system
saleaeI2cGuide,NO — pre-existing source,I2C Analyzer — User Guide,Saleae,Saleae,Existing Professional / Reference Reading,Preserved in existing canonical source registry; Part 2 does not duplicate or rewrite URL metadata,Existing verified access state preserved,2026-09-21,PASS — current authoritative/public source verified or existing accepted canonical source preserved,Previously accepted AU-ESET 301 source reused because it already provides a strong written professional/reference function.,W18 Career — Learn the logic analyzer on that known-good I²C transaction
saleaeSpiGuide,NO — pre-existing source,SPI Analyzer — User Guide,Saleae,Saleae,Existing Professional / Reference Reading,Preserved in existing canonical source registry; Part 2 does not duplicate or rewrite URL metadata,Existing verified access state preserved,2026-09-21,PASS — current authoritative/public source verified or existing accepted canonical source preserved,Previously accepted AU-ESET 301 source reused because it already provides a strong written professional/reference function.,W18 Career — Run one small SPI comparison transaction
aacTransmissionLine,NO — pre-existing source,What Is a Transmission Line?,All About Circuits,All About Circuits,Existing Professional / Reference Reading,Preserved in existing canonical source registry; Part 2 does not duplicate or rewrite URL metadata,Existing verified access state preserved,2026-09-21,PASS — current authoritative/public source verified or existing accepted canonical source preserved,Previously accepted AU-ESET 301 source reused because it already provides a strong written professional/reference function.,"W20 CETa — Antennas, feedlines, impedance matching, SWR/VSWR, and feedline types"
nasaRequirementAppendix,NO — pre-existing source,NASA Systems Engineering Handbook Appendix — How to Write a Good Requirement,NASA,NASA,Existing Professional / Reference Reading,Preserved in existing canonical source registry; Part 2 does not duplicate or rewrite URL metadata,Existing verified access state preserved,2026-09-21,PASS — current authoritative/public source verified or existing accepted canonical source preserved,Previously accepted AU-ESET 301 source reused because it already provides a strong written professional/reference function.,W22 Career — A requirement describes observable behavior and conditions
nasaSystems,NO — pre-existing source,NASA Systems Engineering Handbook,NASA,NASA,Existing Professional / Reference Reading,Preserved in existing canonical source registry; Part 2 does not duplicate or rewrite URL metadata,Existing verified access state preserved,2026-09-21,PASS — current authoritative/public source verified or existing accepted canonical source preserved,Previously accepted AU-ESET 301 source reused because it already provides a strong written professional/reference function.,W22 Career — Traceability controls scope; W23 Career — A controlled baseline isolates future change
nasaConfigManagement,NO — pre-existing source,NASA Systems Engineering Handbook — 6.5 Configuration Management,NASA,NASA,Existing Professional / Reference Reading,Preserved in existing canonical source registry; Part 2 does not duplicate or rewrite URL metadata,Existing verified access state preserved,2026-09-21,PASS — current authoritative/public source verified or existing accepted canonical source preserved,Previously accepted AU-ESET 301 source reused because it already provides a strong written professional/reference function.,W23 Career — A repository is the project’s reconstructable memory
nasaSensorRangeCheck,NO — pre-existing source,R049 — Missing Software Sensor Range Checking Capabilities,NASA Software Engineering Handbook,NASA Software Engineering Handbook,Existing Professional / Reference Reading,Preserved in existing canonical source registry; Part 2 does not duplicate or rewrite URL metadata,Existing verified access state preserved,2026-09-21,PASS — current authoritative/public source verified or existing accepted canonical source preserved,Previously accepted AU-ESET 301 source reused because it already provides a strong written professional/reference function.,W25 Career — Failure behavior is part of the feature
stWatchdogGuide,NO — pre-existing source,Getting Started with STM32 Watchdogs,STMicroelectronics,STMicroelectronics,Existing Professional / Reference Reading,Preserved in existing canonical source registry; Part 2 does not duplicate or rewrite URL metadata,Existing verified access state preserved,2026-09-21,PASS — current authoritative/public source verified or existing accepted canonical source preserved,Previously accepted AU-ESET 301 source reused because it already provides a strong written professional/reference function.,W26 Career — Timeouts and error states make absence observable
keysightPythonAutomation,NO — pre-existing source,Instrument Control and Automation with Python,Keysight Technologies,Keysight Technologies,Existing Professional / Reference Reading,Preserved in existing canonical source registry; Part 2 does not duplicate or rewrite URL metadata,Existing verified access state preserved,2026-09-21,PASS — current authoritative/public source verified or existing accepted canonical source preserved,Previously accepted AU-ESET 301 source reused because it already provides a strong written professional/reference function.,W27 Career — Career integration: Python hardware-test automation and data integrity
niFaultInjection,NO — pre-existing source,Using Fault Insertion Units for Electronic Testing,National Instruments,National Instruments,Existing Professional / Reference Reading,Preserved in existing canonical source registry; Part 2 does not duplicate or rewrite URL metadata,Existing verified access state preserved,2026-09-21,PASS — current authoritative/public source verified or existing accepted canonical source preserved,Previously accepted AU-ESET 301 source reused because it already provides a strong written professional/reference function.,W28 Career — Fault injection validates the detector and diagnostic path
nasaTechnicalPlanning,NO — pre-existing source,NASA Systems Engineering Handbook — 6.1 Technical Planning,NASA,NASA,Existing Professional / Reference Reading,Preserved in existing canonical source registry; Part 2 does not duplicate or rewrite URL metadata,Existing verified access state preserved,2026-09-21,PASS — current authoritative/public source verified or existing accepted canonical source preserved,Previously accepted AU-ESET 301 source reused because it already provides a strong written professional/reference function.,W28 CETa — Field versus shop procedure and project management
gatechResumeGuide,NO — pre-existing source,Georgia Tech Career Center Resume Guide,Georgia Institute of Technology Career Center,Georgia Institute of Technology Career Center,Existing Professional / Reference Reading,Preserved in existing canonical source registry; Part 2 does not duplicate or rewrite URL metadata,Existing verified access state preserved,2026-09-21,PASS — current authoritative/public source verified or existing accepted canonical source preserved,Previously accepted AU-ESET 301 source reused because it already provides a strong written professional/reference function.,"W30 Career — Career integration: portfolio proof, interviews, resumes, and bridge-role decisions"
onetTech,NO — pre-existing source,Electrical and Electronic Engineering Technologists and Technicians,O*NET OnLine / U.S. Department of Labor,O*NET OnLine / U.S. Department of Labor,Existing Professional / Reference Reading,Preserved in existing canonical source registry; Part 2 does not duplicate or rewrite URL metadata,Existing verified access state preserved,2026-09-21,PASS — current authoritative/public source verified or existing accepted canonical source preserved,Previously accepted AU-ESET 301 source reused because it already provides a strong written professional/reference function.,"W30 Career — Target roles by transferable task, not title alone"
mitTechnicalPresentation,NO — pre-existing source,Technical Presentation,MIT Mechanical Engineering Communication Lab,MIT Mechanical Engineering Communication Lab,Existing Professional / Reference Reading,Preserved in existing canonical source registry; Part 2 does not duplicate or rewrite URL metadata,Existing verified access state preserved,2026-09-21,PASS — current authoritative/public source verified or existing accepted canonical source preserved,Previously accepted AU-ESET 301 source reused because it already provides a strong written professional/reference function.,"W30 Career — Defend the project at 30 seconds, 2 minutes, and depth"
umichJobSearch,NO — pre-existing source,Search for Jobs or Internships — Strategy and Tracking,University of Michigan Career Center,University of Michigan Career Center,Existing Professional / Reference Reading,Preserved in existing canonical source registry; Part 2 does not duplicate or rewrite URL metadata,Existing verified access state preserved,2026-09-21,PASS — current authoritative/public source verified or existing accepted canonical source preserved,Previously accepted AU-ESET 301 source reused because it already provides a strong written professional/reference function.,W31 Career — Use a role filter before spending application energy
litAacDcTextbook,YES,DC Circuits — Free Electronics Textbook,Tony R. Kuphaldt; updated by All About Circuits,All About Circuits,Free textbook,https://www.allaboutcircuits.com/textbook/product/dc-circuits/,Free online,2026-09-21,PASS — current authoritative/public source verified or existing accepted canonical source preserved,Open/free electronics textbook; selected for beginner-friendly alternate explanation.,W01 CETa — Resistance: why the same voltage does not produce the same current everywhere
litOpenstaxResistance,YES,Resistivity and Resistance — University Physics Volume 2,OpenStax,OpenStax,Open textbook section,https://openstax.org/books/university-physics-volume-2/pages/9-3-resistivity-and-resistance,Free / OER,2026-09-21,PASS — current authoritative/public source verified or existing accepted canonical source preserved,Open university physics textbook; selected for a second conceptual treatment of resistance.,W01 CETa — Resistance: why the same voltage does not produce the same current everywhere
litOpenstaxSeriesParallel,YES,Resistors in Series and Parallel — University Physics Volume 2,OpenStax,OpenStax,Open textbook section,https://openstax.org/books/university-physics-volume-2/pages/10-2-resistors-in-series-and-parallel,Free / OER,2026-09-21,PASS — current authoritative/public source verified or existing accepted canonical source preserved,Open university physics textbook; selected for topology and equivalent-resistance reasoning.,W02 CETa — Topology determines what is shared
litMit6002Notes,YES,6.002 Circuits and Electronics — Lecture Notes,Anant Agarwal and Jeffrey H. Lang / MIT EECS,MIT OpenCourseWare,University lecture notes,https://ocw.mit.edu/courses/6-002-circuits-and-electronics-spring-2007/pages/lecture-notes/,Free online,2026-09-21,PASS — current authoritative/public source verified or existing accepted canonical source preserved,MIT EECS introductory circuits course notes; selected for rigorous alternate circuit reasoning.,W02 CETa — Kirchhoff turns conservation into two diagnostic rules
litTekXyzScopes,YES,XYZs of Oscilloscopes Primer,Tektronix,Tektronix,Manufacturer primer,https://www.tek.com/en/documents/primer/xyzs-oscilloscopes-primer,Free online,2026-09-21,PASS — current authoritative/public source verified or existing accepted canonical source preserved,Oscilloscope manufacturer primer designed as a classroom aid for beginners.,W03 CETa — An oscilloscope is a voltage-versus-time instrument
litTekAbcProbes,YES,ABCs of Probes Primer,Tektronix,Tektronix,Manufacturer primer,https://www.tek.com/en/documents/whitepaper/abcs-probes-primer,Free online,2026-09-21,PASS — current authoritative/public source verified or existing accepted canonical source preserved,"Oscilloscope probe manufacturer primer; selected for measurement safety, loading, bandwidth, and probe selection.","W03 Career — Reference, grounding, loading, and bandwidth can change the result; W29 CETa — Measurement setup is part of workmanship verification"
litAdiGroundingAgain,YES,Ask the Applications Engineer—12: Grounding (Again),Walt Kester,Analog Devices,Engineer-written application article,https://www.analog.com/en/resources/analog-dialogue/articles/grounding-again.html,Free online,2026-09-21,PASS — current authoritative/public source verified or existing accepted canonical source preserved,Analog Devices applications-engineering article; selected because it directly addresses common grounding confusion.,"W03 Career — Reference, grounding, loading, and bandwidth can change the result"
litOpenstaxRc,YES,RC Circuits — University Physics Volume 2,OpenStax,OpenStax,Open textbook section,https://openstax.org/books/university-physics-volume-2/pages/10-5-rc-circuits,Free / OER,2026-09-21,PASS — current authoritative/public source verified or existing accepted canonical source preserved,"Open university physics treatment of charging, discharging, and time constant.",W04 CETa — Capacitors oppose instantaneous voltage change
litOpenstaxAc,YES,AC Sources — University Physics Volume 2,OpenStax,OpenStax,Open textbook section,https://openstax.org/books/university-physics-volume-2/pages/15-1-ac-sources,Free / OER,2026-09-21,PASS — current authoritative/public source verified or existing accepted canonical source preserved,Open university physics treatment of sinusoidal sources and AC quantities.,W04 CETa — A waveform needs both vertical and horizontal descriptions
litJplFailureAnalysis,YES,Failure Analysis — Appendix Four,JPL Electronic Parts Engineering,NASA Jet Propulsion Laboratory,Failure-analysis reference,https://parts.jpl.nasa.gov/asic/Appendix.4.html,Free online,2026-09-21,PASS — current authoritative/public source verified or existing accepted canonical source preserved,JPL/NASA failure-analysis guidance; selected for symptom-versus-root-cause reasoning.,W05 Career — Root cause requires verification after the fix; W28 Career — Root cause survives controlled reversal
litAacAcTextbook,YES,AC Circuits — Free Electronics Textbook,Tony R. Kuphaldt; updated by All About Circuits,All About Circuits,Free textbook,https://www.allaboutcircuits.com/textbook/product/ac-circuits/,Free online,2026-09-21,PASS — current authoritative/public source verified or existing accepted canonical source preserved,"Open/free electronics textbook; selected for reactance, impedance, phase, and resonance coverage.",W06 CETa — Reactance is frequency-dependent opposition
litOpenstaxRlc,YES,RLC Series Circuits with AC — University Physics Volume 2,OpenStax,OpenStax,Open textbook section,https://openstax.org/books/university-physics-volume-2/pages/15-3-rlc-series-circuits-with-ac,Free / OER,2026-09-21,PASS — current authoritative/public source verified or existing accepted canonical source preserved,"Open university physics section on impedance, phase, and RLC series behavior.",W06 CETa — Resonance is cancellation of opposite reactances
litAacCapacitorsTextbook,YES,Capacitors — Free Electronics Textbook Topics,Tony R. Kuphaldt; updated by All About Circuits,All About Circuits,Free textbook collection,https://www.allaboutcircuits.com/textbook/product/capacitors/,Free online,2026-09-21,PASS — current authoritative/public source verified or existing accepted canonical source preserved,Open/free electronics textbook collection; selected for physical and practical capacitor behavior.,"W07 CETa — Capacitors: type, variable capacitance, charge, and coulombs"
litAacInductorsTextbook,YES,Inductors — Free Electronics Textbook Topics,Tony R. Kuphaldt; updated by All About Circuits,All About Circuits,Free textbook collection,https://www.allaboutcircuits.com/textbook/product/inductors/,Free online,2026-09-21,PASS — current authoritative/public source verified or existing accepted canonical source preserved,"Open/free electronics textbook collection; selected for inductance, transient response, and practical behavior.","W07 CETa — Inductors and transformers: construction, cores, turns, and laminations"
litTiInductiveLoads,YES,Faster Switching of Large Inductive Loads in Digital Output Modules,Texas Instruments,Texas Instruments,Manufacturer application brief,https://www.ti.com/document-viewer/lit/html/SNVAA45,Free online,2026-09-21,PASS — current authoritative/public source verified or existing accepted canonical source preserved,TI application brief showing real relay/solenoid/valve energy-clamp tradeoffs.,W07 Career — A relay coil is an inductive load
litTiMosfetSwitchLoss,YES,MOSFET Power Losses and How They Affect Power-Supply Efficiency,Texas Instruments,Texas Instruments,Manufacturer application article,https://www.ti.com/lit/an/slyt666/slyt666.pdf,Free PDF,2026-09-21,PASS — current authoritative/public source verified or existing accepted canonical source preserved,"TI technical article; selected for gate charge, switching loss, and RDS(on) tradeoffs.",W08 Career — Gate drive and switching loss are real design constraints
litAacPowerSuppliesTextbook,YES,Power Supplies — Free Electronics Textbook Topics,Tony R. Kuphaldt; updated by All About Circuits,All About Circuits,Free textbook collection,https://www.allaboutcircuits.com/textbook/product/power-supplies/,Free online,2026-09-21,PASS — current authoritative/public source verified or existing accepted canonical source preserved,"Open/free electronics textbook collection on rectification, filtering, regulation, switching, and batteries.",W09 CETa — Switch-mode power supply operation
litAacOpAmpIntro,YES,Introduction to Operational Amplifiers (Op-amps),All About Circuits,All About Circuits,Free textbook section,https://www.allaboutcircuits.com/textbook/semiconductors/chpt-8/introduction-operational-amplifiers/,Free online,2026-09-21,PASS — current authoritative/public source verified or existing accepted canonical source preserved,Free electronics textbook explanation chosen for approachable op-amp abstraction and feedback context.,W10 CETa — Operational amplifiers and gain analysis
litAacDigitalTextbook,YES,Digital Circuits — Free Electronics Textbook,Tony R. Kuphaldt; updated by All About Circuits,All About Circuits,Free textbook,https://www.allaboutcircuits.com/textbook/digital/,Free online,2026-09-21,PASS — current authoritative/public source verified or existing accepted canonical source preserved,Open/free digital electronics textbook used for alternate logic and state explanations.,"W11 CETa — Logic gates, truth tables, and flip-flops"
litAacDigitalSignalsGates,YES,Digital Signals and Gates,All About Circuits,All About Circuits,Free textbook section,https://www.allaboutcircuits.com/textbook/digital/chpt-3/digital-signals-gates/,Free online,2026-09-21,PASS — current authoritative/public source verified or existing accepted canonical source preserved,Free digital textbook section; selected for translating voltage ranges into logic abstractions.,W11 CETa — Logic gates implement conditions
litMitMissingSemester,YES,The Missing Semester of Your CS Education — 2026 Written Lectures,MIT CSAIL / SIPB instructors,MIT,University practical course notes,https://missing.csail.mit.edu/2026/,Free online,2026-09-21,PASS — current authoritative/public source verified or existing accepted canonical source preserved,"Current MIT practical tooling course; selected for shell, debugging, Git, packaging, and reproducible technical work.","W12 Career — Command-line navigation is a small reproducibility tool, not assumed knowledge; W23 Career — A repository is the project’s reconstructable memory"
litAacTestMeasurementTextbook,YES,Test & Measurement — Free Electronics Textbook Topics,Tony R. Kuphaldt; updated by All About Circuits,All About Circuits,Free textbook collection,https://www.allaboutcircuits.com/textbook/product/test-measurement/,Free online,2026-09-21,PASS — current authoritative/public source verified or existing accepted canonical source preserved,"Open/free electronics textbook collection on meters, loading, measurement circuits, and instrumentation.",W13 Career — Choose a high-information test
litArmCortexMBeginners,YES,Cortex-M for Beginners — Processor Family Overview,Joseph Yiu / Arm,Arm,Manufacturer white paper,https://developer.arm.com/community/arm-community-blogs/b/architectures-and-processors-blog/posts/white-paper-cortex-m-for-beginners-an-overview-of-the-arm-cortex-m-processor-family-and-comparison,Free online,2026-09-21,PASS — current authoritative/public source verified or existing accepted canonical source preserved,Arm architecture white paper; selected for professional MCU-core context and debug/trace concepts.,"W14 CETa — Computer architecture, CPU blocks, memory, block diagrams, and flowcharts; W16 CETa — An MCU is a computer plus tightly integrated peripherals"
litSparkfunUart,YES,Serial Communication — UARTs,SparkFun Education,SparkFun,Practitioner tutorial,https://learn.sparkfun.com/tutorials/serial-communication/uarts,Free online,2026-09-21,PASS — current authoritative/public source verified or existing accepted canonical source preserved,Beginner-friendly practitioner tutorial; cross-checked against established UART framing concepts.,W17 CETa — UART shares timing rules instead of a clock wire
litSparkfunI2c,YES,I2C — Written Tutorial,SparkFun Education,SparkFun,Practitioner tutorial,https://learn.sparkfun.com/tutorials/i2c,Free / CC BY-SA,2026-09-21,PASS — current authoritative/public source verified or existing accepted canonical source preserved,Beginner-friendly I2C tutorial; paired with the NXP specification as the authority source.,W18 CETa — I2C uses shared open-drain lines and addressing
litNxpI2cSpec,YES,UM10204 — I2C-bus Specification and User Manual,NXP Semiconductors,NXP Semiconductors,Manufacturer specification,https://www.nxp.com/webapp/Download?colCode=UM10204&location=null,Free PDF,2026-09-21,PASS — current authoritative/public source verified or existing accepted canonical source preserved,Primary manufacturer specification; used selectively for canonical bus terminology and timing.,W18 Career — Translate one I²C datasheet into a wiring and transaction contract
litAdiSpiIntro,YES,Introduction to SPI Interface,Piyu Dhaker,Analog Devices,Engineer-written technical article,https://www.analog.com/en/resources/analog-dialogue/articles/introduction-to-spi-interface.html,Free online,2026-09-21,PASS — current authoritative/public source verified or existing accepted canonical source preserved,"Analog Devices technical article; selected for clear SPI signals, timing, and mode explanation.",W18 Career — Only now generalize the model to SPI
litFoaFiberBasics,YES,Fiber Optics: Basic Overview,The Fiber Optic Association,The Fiber Optic Association,Professional association tutorial,https://www.foa.org/tech/ref/basic/basics.html,Free online,2026-09-21,PASS — current authoritative/public source verified or existing accepted canonical source preserved,FOA professional training/reference material written for technicians and educators.,"W19 CETa — Coax, copper pairs, fiber, impedance, and termination"
litCornellStudyStrategies,YES,Effective Study Strategies,Cornell Learning Strategies Center,Cornell University Learning Strategies Center,University learning guide,https://lsc.cornell.edu/how-to-study/studying-for-and-taking-exams/effective-study-strategies/,Free online,2026-09-21,PASS — current authoritative/public source verified or existing accepted canonical source preserved,"University learning-science guide covering retrieval, interleaving, and spaced practice.","W21 CETa — Breadth requires selection practice; W31 CETa — Retention needs spaced retrieval, not permanent cramming"
litNasaGoodRequirement,YES,How to Write a Good Requirement,NASA Systems Engineering Handbook,NASA,Government engineering handbook section,https://www.nasa.gov/reference/appendix-c-how-to-write-a-good-requirement/,Free online,2026-09-21,PASS — current authoritative/public source verified or existing accepted canonical source preserved,NASA systems-engineering guidance; primary professional reference for requirement quality.,W22 Career — A requirement describes observable behavior and conditions
litNasaSystemsAppendix,YES,NASA Systems Engineering Handbook — Appendix,NASA,NASA,Government engineering handbook,https://www.nasa.gov/reference/system-engineering-handbook-appendix/,Free online,2026-09-21,PASS — current authoritative/public source verified or existing accepted canonical source preserved,"NASA systems-engineering appendix with requirements, verification, validation, and analysis checklists.",W22 Career — Verification asks whether it meets the requirement
litMemfaultWatchdog,YES,A Guide to Watchdog Timers for Embedded Systems,Memfault / Interrupt contributors,Memfault Interrupt,Practitioner engineering article,https://interrupt.memfault.com/blog/firmware-watchdog-best-practices,Free / CC BY-SA,2026-09-21,PASS — current authoritative/public source verified or existing accepted canonical source preserved,Practitioner article from embedded engineers; selected for concrete watchdog design/debug practice and cross-checked with MCU vendor guidance.,W26 Career — Timeouts and error states make absence observable
litMemfaultHardfault,YES,How to Debug a HardFault on an ARM Cortex-M MCU,Memfault / Interrupt contributors,Memfault Interrupt,Practitioner debugging article,https://interrupt.memfault.com/blog/cortex-m-hardfault-debug,Free / CC BY-SA,2026-09-21,PASS — current authoritative/public source verified or existing accepted canonical source preserved,Practitioner embedded debugging guide; selected for register-level diagnostic workflow and cross-checked against Arm architecture concepts.,W26 Career — Make errors explicit and recoverable
litMemfaultDebugInterfaces,YES,A Deep Dive into ARM Cortex-M Debug Interfaces,Memfault / Interrupt contributors,Memfault Interrupt,Practitioner engineering article,https://interrupt.memfault.com/blog/a-deep-dive-into-arm-cortex-m-debug-interfaces,Free / CC BY-SA,2026-09-21,PASS — current authoritative/public source verified or existing accepted canonical source preserved,Practitioner explanation of SWD/JTAG and Cortex-M debug access; used as optional depth with Arm/ST material remaining authoritative.,W26 Career — Diagnostics must survive the failure they describe
litAacAdcDac,YES,Introduction to Digital-Analog Conversion,All About Circuits,All About Circuits,Free textbook section,https://www.allaboutcircuits.com/textbook/digital/chpt-13/digital-analog-conversion/,Free online,2026-09-21,PASS — current authoritative/public source verified or existing accepted canonical source preserved,Free digital textbook section selected for conversion vocabulary and representation bridge.,W25 Career — Triangulate with independent evidence
litAdiAdcStudent,YES,ADALM2000 Activity: Analog-to-Digital Conversion,"Andreea Pop, Antoniu Miclaus, Mark Thoren, Doug Mercer",Analog Devices,Manufacturer educational lab article,https://www.analog.com/en/resources/analog-dialogue/studentzone/studentzone-february-2022.html,Free online,2026-09-21,PASS — current authoritative/public source verified or existing accepted canonical source preserved,Analog Devices educational activity connecting ADC theory to explanatory measurements.,W25 Career — Triangulate with independent evidence
litAdiCn0314,YES,CN0314 — Configurable 4–20 mA Loop Powered Transmitter/Receiver,Analog Devices,Analog Devices,Manufacturer reference design,https://www.analog.com/en/resources/reference-designs/circuits-from-the-lab/cn0314.html,Free online,2026-09-21,PASS — current authoritative/public source verified or existing accepted canonical source preserved,Real manufacturer reference design selected to show a complete analog interface application and tradeoffs.,W25 Career — Build a thin end-to-end slice first
