Week,Track,Section ID,Major Concept / Section,Alfred Instruction,Video Support,Literature Support,Literature Resources,Practical / Application,Coverage Decision
1,CETa,concept-1,Start with charge: what electricity is actually moving,YES,YES,NO SEPARATE READING — no filler resource added,,CONCEPTUAL FOUNDATION,PASS — no separate reading justified at this sub-section; broader week/domain literature remains available
1,CETa,concept-10,Power: how quickly electrical energy is transferred,YES,YES,NO SEPARATE READING — no filler resource added,,CONCEPTUAL FOUNDATION,PASS — no separate reading justified at this sub-section; broader week/domain literature remains available
1,CETa,concept-11,Put the model together: predict before you measure,YES,YES,NO SEPARATE READING — no filler resource added,,CONCEPTUAL FOUNDATION,PASS — no separate reading justified at this sub-section; broader week/domain literature remains available
1,CETa,concept-12,"Shock physiology, emergency response, and First Aid boundaries",YES,NO — Alfred/other media remains sufficient for this section,NO SEPARATE READING — no filler resource added,,CONCEPTUAL FOUNDATION,PASS — no separate reading justified at this sub-section; broader week/domain literature remains available
1,CETa,concept-13,"NEC awareness, overcurrent protection, and lockout/tagout",YES,NO — Alfred/other media remains sufficient for this section,NO SEPARATE READING — no filler resource added,,CONCEPTUAL FOUNDATION,PASS — no separate reading justified at this sub-section; broader week/domain literature remains available
1,CETa,concept-14,"ESD, technician tool hazards, and PPE",YES,NO — Alfred/other media remains sufficient for this section,YES,NASA-HDBK-8739.21 — ESD Control,YES,PASS — written companion selected
1,CETa,concept-15,RF exposure and fiber-optic hazards,YES,NO — Alfred/other media remains sufficient for this section,NO SEPARATE READING — no filler resource added,,CONCEPTUAL FOUNDATION,PASS — no separate reading justified at this sub-section; broader week/domain literature remains available
1,CETa,concept-16,"Ladders, service vehicles, and fire classes",YES,NO — Alfred/other media remains sufficient for this section,NO SEPARATE READING — no filler resource added,,CONCEPTUAL FOUNDATION,PASS — no separate reading justified at this sub-section; broader week/domain literature remains available
1,CETa,concept-2,Current: charge moving through a path over time,YES,YES,NO SEPARATE READING — no filler resource added,,CONCEPTUAL FOUNDATION,PASS — no separate reading justified at this sub-section; broader week/domain literature remains available
1,CETa,concept-3,Voltage: an energy difference between two points,YES,YES,NO SEPARATE READING — no filler resource added,,CONCEPTUAL FOUNDATION,PASS — no separate reading justified at this sub-section; broader week/domain literature remains available
1,CETa,concept-4,A circuit needs a closed path,YES,YES,NO SEPARATE READING — no filler resource added,,CONCEPTUAL FOUNDATION,PASS — no separate reading justified at this sub-section; broader week/domain literature remains available
1,CETa,concept-5,Resistance: why the same voltage does not produce the same current everywhere,YES,YES,YES,DC Circuits — Free Electronics Textbook; Resistivity and Resistance — University Physics Volume 2,CONCEPTUAL FOUNDATION,PASS — written companion selected
1,CETa,concept-6,SI prefixes are multipliers attached to units,YES,YES,NO SEPARATE READING — no filler resource added,,CONCEPTUAL FOUNDATION,PASS — no separate reading justified at this sub-section; broader week/domain literature remains available
1,CETa,worked,Worked reasoning,YES,YES,NO SEPARATE READING — no filler resource added,,CONCEPTUAL FOUNDATION,PASS — no separate reading justified at this sub-section; broader week/domain literature remains available
1,Career,career-w01-current-limiting-is-a-protective-boundary-and-a-diagnostic-clue,Current limiting is a protective boundary and a diagnostic clue,YES,YES,NO SEPARATE READING — no filler resource added,,YES,PASS — no separate reading justified at this sub-section; broader week/domain literature remains available
1,Career,career-w01-pre-power-inspection-creates-the-first-known-good-state,Pre-power inspection creates the first known-good state,YES,YES,NO SEPARATE READING — no filler resource added,,YES,PASS — no separate reading justified at this sub-section; broader week/domain literature remains available
1,Career,career-w01-voltage-resistance-and-current-modes-are-different-circuits,"Voltage, resistance, and current modes are different circuits",YES,YES,YES,Electrical Measurement Safety; How to Use a Multimeter — Comprehensive Guide,YES,PASS — written companion selected
2,CETa,concept-1,Topology determines what is shared,YES,YES,YES,Resistors in Series and Parallel — University Physics Volume 2,CONCEPTUAL FOUNDATION,PASS — written companion selected
2,CETa,concept-10,"Oscillators, multivibrators, and phase-locked loops",YES,YES,NO SEPARATE READING — no filler resource added,,CONCEPTUAL FOUNDATION,PASS — no separate reading justified at this sub-section; broader week/domain literature remains available
2,CETa,concept-12,"Filters, integrators/differentiators, and wave shaping",YES,NO — Alfred/other media remains sufficient for this section,NO SEPARATE READING — no filler resource added,,CONCEPTUAL FOUNDATION,PASS — no separate reading justified at this sub-section; broader week/domain literature remains available
2,CETa,concept-13,Piezoelectric effect and technician applications,YES,YES,NO SEPARATE READING — no filler resource added,,CONCEPTUAL FOUNDATION,PASS — no separate reading justified at this sub-section; broader week/domain literature remains available
2,CETa,concept-16,Loaded dividers reveal why measuring changes circuits,YES,NO — Alfred/other media remains sufficient for this section,YES,Voltmeter Impact on a Measured Circuit,YES,PASS — written companion selected
2,CETa,concept-2,Kirchhoff turns conservation into two diagnostic rules,YES,YES,YES,6.002 Circuits and Electronics — Lecture Notes,CONCEPTUAL FOUNDATION,PASS — written companion selected
2,CETa,concept-3,A divider is only ideal when the load is negligible,YES,YES,NO SEPARATE READING — no filler resource added,,CONCEPTUAL FOUNDATION,PASS — no separate reading justified at this sub-section; broader week/domain literature remains available
2,CETa,concept-5,Electromagnetism and induction,YES,YES,NO SEPARATE READING — no filler resource added,,CONCEPTUAL FOUNDATION,PASS — no separate reading justified at this sub-section; broader week/domain literature remains available
2,CETa,concept-6,Motors and generators as reciprocal energy converters,YES,NO — Alfred/other media remains sufficient for this section,NO SEPARATE READING — no filler resource added,,CONCEPTUAL FOUNDATION,PASS — no separate reading justified at this sub-section; broader week/domain literature remains available
2,CETa,concept-8,"Sources, AC measures, duty cycle, pulse width, Ohm’s law, and power",YES,NO — Alfred/other media remains sufficient for this section,NO SEPARATE READING — no filler resource added,,CONCEPTUAL FOUNDATION,PASS — no separate reading justified at this sub-section; broader week/domain literature remains available
2,CETa,concept-9,"Series/parallel DC and AC networks, KCL/KVL, and resistive calculations",YES,NO — Alfred/other media remains sufficient for this section,NO SEPARATE READING — no filler resource added,,CONCEPTUAL FOUNDATION,PASS — no separate reading justified at this sub-section; broader week/domain literature remains available
2,Career,career-w02-fault-patterns-have-structure,Fault patterns have structure,YES,YES,NO SEPARATE READING — no filler resource added,,YES,PASS — no separate reading justified at this sub-section; broader week/domain literature remains available
3,CETa,concept-1,The DMM is several instruments sharing one display,YES,NO — Alfred/other media remains sufficient for this section,YES,How to Use a Multimeter — Comprehensive Guide,YES,PASS — written companion selected
3,CETa,concept-2,A bench supply has two interacting limits,YES,YES,YES,Electronic Load Fundamentals,YES,PASS — written companion selected
3,CETa,concept-3,An oscilloscope is a voltage-versus-time instrument,YES,YES,YES,XYZs of Oscilloscopes Primer,YES,PASS — written companion selected
3,CETa,concept-5,"Signal generators, frequency counters, RCL substitution, and ESR meters",YES,YES,NO SEPARATE READING — no filler resource added,,CONCEPTUAL FOUNDATION,PASS — no separate reading justified at this sub-section; broader week/domain literature remains available
3,CETa,concept-7,Oscilloscope controls and spectrum analyzer operation,YES,YES,NO SEPARATE READING — no filler resource added,,CONCEPTUAL FOUNDATION,PASS — no separate reading justified at this sub-section; broader week/domain literature remains available
3,CETa,concept-8,"Dummy loads, rheostats, isolation transformers, Variacs, and potentiometers",YES,NO — Alfred/other media remains sufficient for this section,NO SEPARATE READING — no filler resource added,,CONCEPTUAL FOUNDATION,PASS — no separate reading justified at this sub-section; broader week/domain literature remains available
3,Career,career-w03-reference-grounding-loading-and-bandwidth-can-change-the-result,"Reference, grounding, loading, and bandwidth can change the result",YES,NO — Alfred/other media remains sufficient for this section,YES,How to Use an Oscilloscope and Probe — Step-by-Step Tutorial; ABCs of Probes Primer; Ask the Applications Engineer—12: Grounding (Again),YES,PASS — written companion selected
3,Career,career-w03-use-the-dmm-and-bench-supply-for-slow-or-static-evidence,Use the DMM and bench supply for slow or static evidence,YES,YES,NO SEPARATE READING — no filler resource added,,YES,PASS — no separate reading justified at this sub-section; broader week/domain literature remains available
4,CETa,concept-1,A waveform needs both vertical and horizontal descriptions,YES,YES,YES,AC Sources — University Physics Volume 2,CONCEPTUAL FOUNDATION,PASS — written companion selected
4,CETa,concept-2,Capacitors oppose instantaneous voltage change,YES,YES,NO SEPARATE READING — no filler resource added,,CONCEPTUAL FOUNDATION,PASS — no separate reading justified at this sub-section; broader week/domain literature remains available
4,CETa,concept-3,Inductors oppose instantaneous current change,YES,YES,NO SEPARATE READING — no filler resource added,,CONCEPTUAL FOUNDATION,PASS — no separate reading justified at this sub-section; broader week/domain literature remains available
4,CETa,concept-4,"Core formulas, SI prefixes, NIST spelling exceptions, and scientific notation",YES,YES,NO SEPARATE READING — no filler resource added,,CONCEPTUAL FOUNDATION,PASS — no separate reading justified at this sub-section; broader week/domain literature remains available
4,CETa,concept-6,Decibels and graphs as engineering representations,YES,YES,NO SEPARATE READING — no filler resource added,,CONCEPTUAL FOUNDATION,PASS — no separate reading justified at this sub-section; broader week/domain literature remains available
4,CETa,concept-7,Capacitors oppose instantaneous voltage change,YES,YES,YES,RC Circuits — University Physics Volume 2,CONCEPTUAL FOUNDATION,PASS — written companion selected
4,CETa,concept-9,Waveform vocabulary connects the time domain to measurements,YES,YES,NO SEPARATE READING — no filler resource added,,CONCEPTUAL FOUNDATION,PASS — no separate reading justified at this sub-section; broader week/domain literature remains available
4,Career,career-w04-time-domain-and-frequency-domain-evidence-describe-the-same-network,Time-domain and frequency-domain evidence describe the same network,YES,YES,NO SEPARATE READING — no filler resource added,,YES,PASS — no separate reading justified at this sub-section; broader week/domain literature remains available
5,CETa,practice,Practice and misconceptions,YES,NO — Alfred/other media remains sufficient for this section,NO SEPARATE READING — no filler resource added,,CONCEPTUAL FOUNDATION,PASS — no separate reading justified at this sub-section; broader week/domain literature remains available
5,Career,career-w05-competing-hypotheses-make-measurements-useful,Competing hypotheses make measurements useful,YES,YES,NO SEPARATE READING — no filler resource added,,YES,PASS — no separate reading justified at this sub-section; broader week/domain literature remains available
5,Career,career-w05-let-each-measurement-shrink-the-fault-space,Let each measurement shrink the fault space,YES,YES,NO SEPARATE READING — no filler resource added,,YES,PASS — no separate reading justified at this sub-section; broader week/domain literature remains available
5,Career,career-w05-root-cause-requires-verification-after-the-fix,Root cause requires verification after the fix,YES,YES,YES,Failure Analysis — Appendix Four,YES,PASS — written companion selected
5,Career,career-w05-start-with-an-observable-failure-statement,Start with an observable failure statement,YES,YES,NO SEPARATE READING — no filler resource added,,YES,PASS — no separate reading justified at this sub-section; broader week/domain literature remains available
5,Career,career-w05-verification-is-more-than-seeing-the-output-once,Verification is more than seeing the output once,YES,NO — Alfred/other media remains sufficient for this section,YES,6.002 Laboratory Materials,YES,PASS — written companion selected
6,CETa,concept-1,Reactance is frequency-dependent opposition,YES,YES,YES,AC Circuits — Free Electronics Textbook,CONCEPTUAL FOUNDATION,PASS — written companion selected
6,CETa,concept-3,Resonance and transformation are controlled relationships,YES,YES,YES,Resonant Filters,YES,PASS — written companion selected
6,CETa,concept-6,Resonance is cancellation of opposite reactances,YES,NO — Alfred/other media remains sufficient for this section,YES,RLC Series Circuits with AC — University Physics Volume 2,CONCEPTUAL FOUNDATION,PASS — written companion selected
6,Career,career-w06-characterization-starts-with-a-model-and-a-sweep-plan,Characterization starts with a model and a sweep plan,YES,YES,NO SEPARATE READING — no filler resource added,,YES,PASS — no separate reading justified at this sub-section; broader week/domain literature remains available
7,CETa,concept-1,A part name does not establish suitability,YES,YES,NO SEPARATE READING — no filler resource added,,CONCEPTUAL FOUNDATION,PASS — no separate reading justified at this sub-section; broader week/domain literature remains available
7,CETa,concept-11,"Transformers couple magnetic flux, not DC continuity",YES,YES,NO SEPARATE READING — no filler resource added,,CONCEPTUAL FOUNDATION,PASS — no separate reading justified at this sub-section; broader week/domain literature remains available
7,CETa,concept-12,Relays and machines convert electrical and magnetic behavior into motion,YES,YES,NO SEPARATE READING — no filler resource added,,CONCEPTUAL FOUNDATION,PASS — no separate reading justified at this sub-section; broader week/domain literature remains available
7,CETa,concept-2,Electricity and magnetism convert energy in both directions,YES,NO — Alfred/other media remains sufficient for this section,NO SEPARATE READING — no filler resource added,,CONCEPTUAL FOUNDATION,PASS — no separate reading justified at this sub-section; broader week/domain literature remains available
7,CETa,concept-3,Relays separate coil control from switched contacts,YES,YES,NO SEPARATE READING — no filler resource added,,CONCEPTUAL FOUNDATION,PASS — no separate reading justified at this sub-section; broader week/domain literature remains available
7,CETa,concept-4,"Resistor families, markings, thermistors, and potentiometers",YES,YES,NO SEPARATE READING — no filler resource added,,CONCEPTUAL FOUNDATION,PASS — no separate reading justified at this sub-section; broader week/domain literature remains available
7,CETa,concept-5,"Capacitors: type, variable capacitance, charge, and coulombs",YES,YES,YES,Capacitors — Free Electronics Textbook Topics,YES,PASS — written companion selected
7,CETa,concept-6,"Inductors and transformers: construction, cores, turns, and laminations",YES,YES,YES,Inductors — Free Electronics Textbook Topics,YES,PASS — written companion selected
7,CETa,concept-7,"Transistors: BJT, JFET, MOSFET, CMOS, IGBT, and Darlington behavior",YES,YES,NO SEPARATE READING — no filler resource added,,CONCEPTUAL FOUNDATION,PASS — no separate reading justified at this sub-section; broader week/domain literature remains available
7,CETa,concept-8,SCR/DIAC/TRIAC and diode families,YES,YES,NO SEPARATE READING — no filler resource added,,CONCEPTUAL FOUNDATION,PASS — no separate reading justified at this sub-section; broader week/domain literature remains available
7,CETa,concept-9,Integrated circuits and relay types including solid-state relays,YES,YES,NO SEPARATE READING — no filler resource added,,CONCEPTUAL FOUNDATION,PASS — no separate reading justified at this sub-section; broader week/domain literature remains available
7,Career,career-w07-a-relay-coil-is-an-inductive-load,A relay coil is an inductive load,YES,YES,YES,Faster Switching of Large Inductive Loads in Digital Output Modules,YES,PASS — written companion selected
7,Career,career-w07-read-the-datasheet-in-a-risk-first-order,Read the datasheet in a risk-first order,YES,YES,NO SEPARATE READING — no filler resource added,,YES,PASS — no separate reading justified at this sub-section; broader week/domain literature remains available
8,CETa,concept-1,A diode is directional but not an ideal check valve,YES,YES,NO SEPARATE READING — no filler resource added,,CONCEPTUAL FOUNDATION,PASS — no separate reading justified at this sub-section; broader week/domain literature remains available
8,CETa,concept-2,A BJT is controlled by base current,YES,YES,NO SEPARATE READING — no filler resource added,,CONCEPTUAL FOUNDATION,PASS — no separate reading justified at this sub-section; broader week/domain literature remains available
8,CETa,concept-3,A MOSFET is controlled by gate-to-source voltage,YES,YES,NO SEPARATE READING — no filler resource added,,CONCEPTUAL FOUNDATION,PASS — no separate reading justified at this sub-section; broader week/domain literature remains available
8,CETa,concept-4,Semiconductor junctions create controllable nonlinear behavior,YES,YES,NO SEPARATE READING — no filler resource added,,CONCEPTUAL FOUNDATION,PASS — no separate reading justified at this sub-section; broader week/domain literature remains available
8,CETa,concept-5,BJT and FET devices control current differently,YES,YES,NO SEPARATE READING — no filler resource added,,CONCEPTUAL FOUNDATION,PASS — no separate reading justified at this sub-section; broader week/domain literature remains available
8,CETa,concept-6,Thyristors and specialized diodes have specific triggering behavior,YES,YES,NO SEPARATE READING — no filler resource added,,CONCEPTUAL FOUNDATION,PASS — no separate reading justified at this sub-section; broader week/domain literature remains available
8,Career,career-w08-gate-drive-and-switching-loss-are-real-design-constraints,Gate drive and switching loss are real design constraints,YES,YES,YES,MOSFET Power Losses and How They Affect Power-Supply Efficiency,YES,PASS — written companion selected
8,Career,career-w08-start-from-the-load-and-work-backward,Start from the load and work backward,YES,YES,NO SEPARATE READING — no filler resource added,,YES,PASS — no separate reading justified at this sub-section; broader week/domain literature remains available
8,Career,career-w08-three-node-measurements-usually-reveal-the-stage-that-failed,Three node measurements usually reveal the stage that failed,YES,YES,NO SEPARATE READING — no filler resource added,,YES,PASS — no separate reading justified at this sub-section; broader week/domain literature remains available
9,CETa,concept-1,Follow the block chain,YES,YES,NO SEPARATE READING — no filler resource added,,CONCEPTUAL FOUNDATION,PASS — no separate reading justified at this sub-section; broader week/domain literature remains available
9,CETa,concept-2,The filter capacitor supplies load between peaks,YES,YES,NO SEPARATE READING — no filler resource added,,CONCEPTUAL FOUNDATION,PASS — no separate reading justified at this sub-section; broader week/domain literature remains available
9,CETa,concept-3,"Regulation trades voltage, current, heat, noise, and complexity",YES,YES,NO SEPARATE READING — no filler resource added,,CONCEPTUAL FOUNDATION,PASS — no separate reading justified at this sub-section; broader week/domain literature remains available
9,CETa,concept-4,"Power-supply hazards, transformer versus line-connected supplies, and protection",YES,NO — Alfred/other media remains sufficient for this section,NO SEPARATE READING — no filler resource added,,CONCEPTUAL FOUNDATION,PASS — no separate reading justified at this sub-section; broader week/domain literature remains available
9,CETa,concept-5,"Batteries, charging, capacity, and protection",YES,YES,NO SEPARATE READING — no filler resource added,,CONCEPTUAL FOUNDATION,PASS — no separate reading justified at this sub-section; broader week/domain literature remains available
9,CETa,concept-7,Switch-mode power supply operation,YES,NO — Alfred/other media remains sufficient for this section,YES,Switching Regulator Fundamentals; Power Supplies — Free Electronics Textbook Topics,YES,PASS — written companion selected
9,CETa,concept-8,Linear supplies move through recognizable blocks,YES,NO — Alfred/other media remains sufficient for this section,NO SEPARATE READING — no filler resource added,,CONCEPTUAL FOUNDATION,PASS — no separate reading justified at this sub-section; broader week/domain literature remains available
9,Career,career-w09-use-rail-behavior-to-distinguish-source-regulator-and-load-faults,"Use rail behavior to distinguish source, regulator, and load faults",YES,YES,YES,How to Use a Multimeter — Comprehensive Guide,YES,PASS — written companion selected
10,CETa,concept-1,Gain is an input-to-output ratio with conditions,YES,YES,NO SEPARATE READING — no filler resource added,,CONCEPTUAL FOUNDATION,PASS — no separate reading justified at this sub-section; broader week/domain literature remains available
10,CETa,concept-10,Op-amp rules are conditional approximations,YES,YES,NO SEPARATE READING — no filler resource added,,CONCEPTUAL FOUNDATION,PASS — no separate reading justified at this sub-section; broader week/domain literature remains available
10,CETa,concept-4,"Amplifier roles, classes, stages, and frequency response",YES,YES,NO SEPARATE READING — no filler resource added,,CONCEPTUAL FOUNDATION,PASS — no separate reading justified at this sub-section; broader week/domain literature remains available
10,CETa,concept-5,"BJT and FET amplifier bias, gain, and power",YES,YES,NO SEPARATE READING — no filler resource added,,CONCEPTUAL FOUNDATION,PASS — no separate reading justified at this sub-section; broader week/domain literature remains available
10,CETa,concept-6,Operational amplifiers and gain analysis,YES,YES,YES,Introduction to Operational Amplifiers (Op-amps),CONCEPTUAL FOUNDATION,PASS — written companion selected
10,CETa,concept-7,"Distortion, loading, buffering, and measurement error",YES,YES,NO SEPARATE READING — no filler resource added,,CONCEPTUAL FOUNDATION,PASS — no separate reading justified at this sub-section; broader week/domain literature remains available
10,Career,career-w10-report-gain-across-frequency-and-load,Report gain across frequency and load,YES,YES,NO SEPARATE READING — no filler resource added,,YES,PASS — no separate reading justified at this sub-section; broader week/domain literature remains available
11,CETa,concept-1,Number bases are different representations of the same value,YES,YES,NO SEPARATE READING — no filler resource added,,CONCEPTUAL FOUNDATION,PASS — no separate reading justified at this sub-section; broader week/domain literature remains available
11,CETa,concept-2,Logic gates implement conditions,YES,YES,YES,Digital Signals and Gates,CONCEPTUAL FOUNDATION,PASS — written companion selected
11,CETa,concept-3,Sequential logic remembers state,YES,YES,NO SEPARATE READING — no filler resource added,,CONCEPTUAL FOUNDATION,PASS — no separate reading justified at this sub-section; broader week/domain literature remains available
11,CETa,concept-4,"Logic gates, truth tables, and flip-flops",YES,YES,YES,Digital Circuits — Free Electronics Textbook,CONCEPTUAL FOUNDATION,PASS — written companion selected
11,CETa,concept-5,"Counters, buses, clocks, timing, and logic families",YES,YES,NO SEPARATE READING — no filler resource added,,CONCEPTUAL FOUNDATION,PASS — no separate reading justified at this sub-section; broader week/domain literature remains available
11,CETa,concept-6,Digital displays and microcontrollers,YES,YES,NO SEPARATE READING — no filler resource added,,CONCEPTUAL FOUNDATION,PASS — no separate reading justified at this sub-section; broader week/domain literature remains available
11,CETa,concept-7,Logic pulser/probe digital signal tracing and fault isolation,YES,NO — Alfred/other media remains sufficient for this section,NO SEPARATE READING — no filler resource added,,CONCEPTUAL FOUNDATION,PASS — no separate reading justified at this sub-section; broader week/domain literature remains available
11,Career,career-w11-a-logical-1-is-a-voltage-range-not-the-word-high,"A logical 1 is a voltage range, not the word “high”",YES,NO — Alfred/other media remains sufficient for this section,YES,Logic Signal Voltage Levels,YES,PASS — written companion selected
11,Career,career-w11-debounce-is-a-time-domain-problem,Debounce is a time-domain problem,YES,YES,YES,STM32 Nucleo Board — Digital Signals,YES,PASS — written companion selected
11,Career,career-w11-unconnected-inputs-do-not-have-a-reliable-state,Unconnected inputs do not have a reliable state,YES,NO — Alfred/other media remains sufficient for this section,NO SEPARATE READING — no filler resource added,,YES,PASS — no separate reading justified at this sub-section; broader week/domain literature remains available
12,CETa,concept-10,ESD control is specific to the work state,YES,NO — Alfred/other media remains sufficient for this section,YES,NASA-HDBK-8739.21 — ESD Control,YES,PASS — written companion selected
12,CETa,concept-2,"A good joint comes from clean surfaces, correct heat, and wetting",YES,YES,NO SEPARATE READING — no filler resource added,,CONCEPTUAL FOUNDATION,PASS — no separate reading justified at this sub-section; broader week/domain literature remains available
12,CETa,concept-4,"Solder safety, fumes, splatter, flux, and alloy choice",YES,NO — Alfred/other media remains sufficient for this section,YES,NASA/TM-2011-216933 — Electronics Repair Training for Spaceflight Crews,YES,PASS — written companion selected
12,CETa,concept-5,"Heat shunts, cold joints, and good mechanical/electrical connections",YES,NO — Alfred/other media remains sufficient for this section,YES,Adafruit Guide to Excellent Soldering — Common Soldering Problems,YES,PASS — written companion selected
12,CETa,concept-6,SMT/BGA handling and PCB pad/trace/PTH repair boundaries,YES,YES,NO SEPARATE READING — no filler resource added,,CONCEPTUAL FOUNDATION,PASS — no separate reading justified at this sub-section; broader week/domain literature remains available
12,CETa,concept-7,"Desoldering principles, equipment care, and solder wick",YES,NO — Alfred/other media remains sufficient for this section,NO SEPARATE READING — no filler resource added,,CONCEPTUAL FOUNDATION,PASS — no separate reading justified at this sub-section; broader week/domain literature remains available
12,CETa,concept-9,Rework has a damage budget,YES,YES,NO SEPARATE READING — no filler resource added,,CONCEPTUAL FOUNDATION,PASS — no separate reading justified at this sub-section; broader week/domain literature remains available
12,Career,career-w12-career-integration-solder-rework-workmanship-and-harness-evidence,Career integration: solder/rework workmanship and harness evidence,YES,NO — Alfred/other media remains sufficient for this section,YES,"NASA-STD-8739.4 — Crimping, Cables, Harnesses, and Wiring",YES,PASS — written companion selected
12,Career,career-w12-command-line-navigation-is-a-small-reproducibility-tool-not-assumed-know,"Command-line navigation is a small reproducibility tool, not assumed knowledge",YES,NO — Alfred/other media remains sufficient for this section,YES,Introduction to Git; The Missing Semester of Your CS Education — 2026 Written Lectures,YES,PASS — written companion selected
13,CETa,concept-1,Each drawing answers a different question,YES,YES,NO SEPARATE READING — no filler resource added,,CONCEPTUAL FOUNDATION,PASS — no separate reading justified at this sub-section; broader week/domain literature remains available
13,CETa,concept-2,Read from rails and references into functional blocks,YES,YES,NO SEPARATE READING — no filler resource added,,CONCEPTUAL FOUNDATION,PASS — no separate reading justified at this sub-section; broader week/domain literature remains available
13,CETa,concept-3,A datasheet is conditional evidence,YES,YES,NO SEPARATE READING — no filler resource added,,CONCEPTUAL FOUNDATION,PASS — no separate reading justified at this sub-section; broader week/domain literature remains available
13,CETa,concept-6,Building wiring awareness and flowcharts,YES,NO — Alfred/other media remains sufficient for this section,NO SEPARATE READING — no filler resource added,,CONCEPTUAL FOUNDATION,PASS — no separate reading justified at this sub-section; broader week/domain literature remains available
13,Career,career-w13-build-a-fault-model-before-probing,Build a fault model before probing,YES,YES,NO SEPARATE READING — no filler resource added,,YES,PASS — no separate reading justified at this sub-section; broader week/domain literature remains available
13,Career,career-w13-choose-a-high-information-test,Choose a high-information test,YES,YES,YES,Test & Measurement — Free Electronics Textbook Topics,YES,PASS — written companion selected
14,CETa,concept-1,"A computer repeatedly moves, transforms, and stores information",YES,YES,NO SEPARATE READING — no filler resource added,,CONCEPTUAL FOUNDATION,PASS — no separate reading justified at this sub-section; broader week/domain literature remains available
14,CETa,concept-4,"Computer architecture, CPU blocks, memory, block diagrams, and flowcharts",YES,YES,YES,Cortex-M for Beginners — Processor Family Overview,YES,PASS — written companion selected
14,CETa,concept-5,"PLC purpose, scan cycle, programming concepts, and languages",YES,YES,NO SEPARATE READING — no filler resource added,,CONCEPTUAL FOUNDATION,PASS — no separate reading justified at this sub-section; broader week/domain literature remains available
14,CETa,concept-6,Peripherals and interface devices/cards,YES,YES,NO SEPARATE READING — no filler resource added,,CONCEPTUAL FOUNDATION,PASS — no separate reading justified at this sub-section; broader week/domain literature remains available
14,Career,career-w14-a-c-program-is-source-text-that-must-be-translated-before-it-runs,A C program is source text that must be translated before it runs,YES,YES,NO SEPARATE READING — no filler resource added,,YES,PASS — no separate reading justified at this sub-section; broader week/domain literature remains available
14,Career,career-w14-addresses-and-pointers-make-memory-locations-explicit,Addresses and pointers make memory locations explicit,YES,YES,NO SEPARATE READING — no filler resource added,,YES,PASS — no separate reading justified at this sub-section; broader week/domain literature remains available
14,Career,career-w14-career-integration-c-programming-as-testable-technical-work,Career integration: C programming as testable technical work,YES,NO — Alfred/other media remains sufficient for this section,NO SEPARATE READING — no filler resource added,,YES,PASS — no separate reading justified at this sub-section; broader week/domain literature remains available
15,CETa,concept-3,A state machine makes history explicit,YES,YES,NO SEPARATE READING — no filler resource added,,CONCEPTUAL FOUNDATION,PASS — no separate reading justified at this sub-section; broader week/domain literature remains available
15,Career,career-w15-blocking-code-prevents-other-work-from-happening,Blocking code prevents other work from happening,YES,NO — Alfred/other media remains sufficient for this section,NO SEPARATE READING — no filler resource added,,YES,PASS — no separate reading justified at this sub-section; broader week/domain literature remains available
15,Career,career-w15-career-integration-embedded-c-mcu-architecture-and-nonblocking-design,"Career integration: embedded C, MCU architecture, and nonblocking design",YES,YES,YES,STM32 Nucleo Board — Digital Signals,YES,PASS — written companion selected
15,Career,career-w15-map-c-onto-a-microcontroller-before-adding-concurrency,Map C onto a microcontroller before adding concurrency,YES,YES,NO SEPARATE READING — no filler resource added,,YES,PASS — no separate reading justified at this sub-section; broader week/domain literature remains available
15,Career,career-w15-state-machines-make-behavior-explicit,State machines make behavior explicit,YES,NO — Alfred/other media remains sufficient for this section,NO SEPARATE READING — no filler resource added,,YES,PASS — no separate reading justified at this sub-section; broader week/domain literature remains available
16,CETa,concept-4,An MCU is a computer plus tightly integrated peripherals,YES,YES,YES,Cortex-M for Beginners — Processor Family Overview,YES,PASS — written companion selected
16,CETa,concept-5,Clock and reset state determine whether configuration means anything,YES,YES,NO SEPARATE READING — no filler resource added,,CONCEPTUAL FOUNDATION,PASS — no separate reading justified at this sub-section; broader week/domain literature remains available
16,CETa,concept-7,SWD exposes internal state but can alter timing,YES,NO — Alfred/other media remains sufficient for this section,NO SEPARATE READING — no filler resource added,,CONCEPTUAL FOUNDATION,PASS — no separate reading justified at this sub-section; broader week/domain literature remains available
16,Career,career-w16-a-project-contains-source-configuration-and-a-build-recipe,"A project contains source, configuration, and a build recipe",YES,YES,NO SEPARATE READING — no filler resource added,,YES,PASS — no separate reading justified at this sub-section; broader week/domain literature remains available
17,CETa,concept-1,UART shares timing rules instead of a clock wire,YES,NO — Alfred/other media remains sufficient for this section,YES,Serial Communication — UARTs,CONCEPTUAL FOUNDATION,PASS — written companion selected
17,CETa,concept-4,"Basic operation, setup/configuration, and stand-alone versus networked computers",YES,NO — Alfred/other media remains sufficient for this section,NO SEPARATE READING — no filler resource added,,CONCEPTUAL FOUNDATION,PASS — no separate reading justified at this sub-section; broader week/domain literature remains available
17,CETa,concept-5,"Program installation, utilities, backups, downloads, and recovery",YES,NO — Alfred/other media remains sufficient for this section,NO SEPARATE READING — no filler resource added,,CONCEPTUAL FOUNDATION,PASS — no separate reading justified at this sub-section; broader week/domain literature remains available
17,CETa,concept-6,Surges versus malware and practical cybersecurity/network use,YES,NO — Alfred/other media remains sufficient for this section,NO SEPARATE READING — no filler resource added,,CONCEPTUAL FOUNDATION,PASS — no separate reading justified at this sub-section; broader week/domain literature remains available
17,Career,career-w17-define-the-serial-contract-before-writing-the-client,Define the serial contract before writing the client,YES,NO — Alfred/other media remains sufficient for this section,NO SEPARATE READING — no filler resource added,,YES,PASS — no separate reading justified at this sub-section; broader week/domain literature remains available
17,Career,career-w17-use-pyserial-as-a-visible-port-bytes-message-pipeline,Use pySerial as a visible port → bytes → message pipeline,YES,NO — Alfred/other media remains sufficient for this section,YES,pySerial Documentation,YES,PASS — written companion selected
18,CETa,concept-4,"Signal levels, connectors, grounding, mismatch, and conflict symptoms",YES,YES,NO SEPARATE READING — no filler resource added,,CONCEPTUAL FOUNDATION,PASS — no separate reading justified at this sub-section; broader week/domain literature remains available
18,CETa,concept-5,"USB, I2C, and Zigbee interfaces",YES,YES,NO SEPARATE READING — no filler resource added,,CONCEPTUAL FOUNDATION,PASS — no separate reading justified at this sub-section; broader week/domain literature remains available
18,CETa,concept-7,I2C uses shared open-drain lines and addressing,YES,NO — Alfred/other media remains sufficient for this section,YES,I2C — Written Tutorial,CONCEPTUAL FOUNDATION,PASS — written companion selected
18,Career,career-w18-i-do-prove-an-i2c-identity-register-read-end-to-end,I DO: prove an I²C identity-register read end to end,YES,NO — Alfred/other media remains sufficient for this section,NO SEPARATE READING — no filler resource added,,YES,PASS — no separate reading justified at this sub-section; broader week/domain literature remains available
18,Career,career-w18-learn-the-logic-analyzer-on-that-known-good-i2c-transaction,Learn the logic analyzer on that known-good I²C transaction,YES,NO — Alfred/other media remains sufficient for this section,YES,I2C Analyzer — User Guide,YES,PASS — written companion selected
18,Career,career-w18-only-now-generalize-the-model-to-spi,Only now generalize the model to SPI,YES,NO — Alfred/other media remains sufficient for this section,YES,Introduction to SPI Interface,YES,PASS — written companion selected
18,Career,career-w18-run-one-small-spi-comparison-transaction,Run one small SPI comparison transaction,YES,NO — Alfred/other media remains sufficient for this section,YES,SPI Analyzer — User Guide,YES,PASS — written companion selected
18,Career,career-w18-translate-one-i2c-datasheet-into-a-wiring-and-transaction-contract,Translate one I²C datasheet into a wiring and transaction contract,YES,YES,YES,UM10204 — I2C-bus Specification and User Manual,YES,PASS — written companion selected
19,CETa,concept-10,"Display technologies: LED, seven-segment, LCD, OLED, and tradeoffs",YES,YES,NO SEPARATE READING — no filler resource added,,CONCEPTUAL FOUNDATION,PASS — no separate reading justified at this sub-section; broader week/domain literature remains available
19,CETa,concept-11,"Photovoltaic cells, photodiodes, phototransistors, LDRs, materials, and symbols",YES,NO — Alfred/other media remains sufficient for this section,NO SEPARATE READING — no filler resource added,,CONCEPTUAL FOUNDATION,PASS — no separate reading justified at this sub-section; broader week/domain literature remains available
19,CETa,concept-12,"Cameras, opto-isolators, and broadband optical links",YES,NO — Alfred/other media remains sufficient for this section,NO SEPARATE READING — no filler resource added,,CONCEPTUAL FOUNDATION,PASS — no separate reading justified at this sub-section; broader week/domain literature remains available
19,CETa,concept-5,"Coax, copper pairs, fiber, impedance, and termination",YES,YES,YES,Fiber Optics: Basic Overview,YES,PASS — written companion selected
19,CETa,concept-6,"Bonding, splicing, crimping, and cable preparation",YES,YES,NO SEPARATE READING — no filler resource added,,CONCEPTUAL FOUNDATION,PASS — no separate reading justified at this sub-section; broader week/domain literature remains available
19,CETa,concept-7,"Cable testing, dB loss, connectors, and defects",YES,YES,NO SEPARATE READING — no filler resource added,,CONCEPTUAL FOUNDATION,PASS — no separate reading justified at this sub-section; broader week/domain literature remains available
19,CETa,concept-8,"Audio/video blocks, microphones, speakers, recording and playback",YES,YES,NO SEPARATE READING — no filler resource added,,CONCEPTUAL FOUNDATION,PASS — no separate reading justified at this sub-section; broader week/domain literature remains available
19,CETa,concept-9,"Interfacing, distortion, conflicts, fault isolation, and signal levels",YES,YES,NO SEPARATE READING — no filler resource added,,CONCEPTUAL FOUNDATION,PASS — no separate reading justified at this sub-section; broader week/domain literature remains available
20,CETa,concept-1,RF behavior depends on frequency and physical geometry,YES,YES,NO SEPARATE READING — no filler resource added,,CONCEPTUAL FOUNDATION,PASS — no separate reading justified at this sub-section; broader week/domain literature remains available
20,CETa,concept-10,RF systems move information through electromagnetic energy,YES,NO — Alfred/other media remains sufficient for this section,NO SEPARATE READING — no filler resource added,,CONCEPTUAL FOUNDATION,PASS — no separate reading justified at this sub-section; broader week/domain literature remains available
20,CETa,concept-12,Modulation and receivers transform representation,YES,YES,NO SEPARATE READING — no filler resource added,,CONCEPTUAL FOUNDATION,PASS — no separate reading justified at this sub-section; broader week/domain literature remains available
20,CETa,concept-5,"Antennas, feedlines, impedance matching, SWR/VSWR, and feedline types",YES,NO — Alfred/other media remains sufficient for this section,YES,What Is a Transmission Line?,YES,PASS — written companion selected
20,CETa,concept-8,"Two-way, cellular/wireless, and satellite communications",YES,NO — Alfred/other media remains sufficient for this section,NO SEPARATE READING — no filler resource added,,CONCEPTUAL FOUNDATION,PASS — no separate reading justified at this sub-section; broader week/domain literature remains available
20,CETa,concept-9,Wired data/voice networks and POTS,YES,NO — Alfred/other media remains sufficient for this section,NO SEPARATE READING — no filler resource added,,CONCEPTUAL FOUNDATION,PASS — no separate reading justified at this sub-section; broader week/domain literature remains available
20,Career,career-w20-a-spectrum-analyzer-shows-signal-energy-versus-frequency,A spectrum analyzer shows signal energy versus frequency,YES,YES,NO SEPARATE READING — no filler resource added,,YES,PASS — no separate reading justified at this sub-section; broader week/domain literature remains available
20,Career,career-w20-classify-spectral-features-before-explaining-their-cause,Classify spectral features before explaining their cause,YES,YES,NO SEPARATE READING — no filler resource added,,YES,PASS — no separate reading justified at this sub-section; broader week/domain literature remains available
21,CETa,concept-1,Breadth requires selection practice,YES,YES,YES,Effective Study Strategies,CONCEPTUAL FOUNDATION,PASS — written companion selected
21,CETa,concept-3,"Repair the cause, not the score",YES,YES,NO SEPARATE READING — no filler resource added,,CONCEPTUAL FOUNDATION,PASS — no separate reading justified at this sub-section; broader week/domain literature remains available
21,CETa,concept-5,Use a compact scratch framework,YES,NO — Alfred/other media remains sufficient for this section,NO SEPARATE READING — no filler resource added,,CONCEPTUAL FOUNDATION,PASS — no separate reading justified at this sub-section; broader week/domain literature remains available
21,CETa,concept-6,Turn misses into a standards repair map,YES,NO — Alfred/other media remains sufficient for this section,NO SEPARATE READING — no filler resource added,,CONCEPTUAL FOUNDATION,PASS — no separate reading justified at this sub-section; broader week/domain literature remains available
22,Career,career-w22-a-requirement-describes-observable-behavior-and-conditions,A requirement describes observable behavior and conditions,YES,YES,YES,NASA Systems Engineering Handbook Appendix — How to Write a Good Requirement; How to Write a Good Requirement,YES,PASS — written companion selected
22,Career,career-w22-career-integration-git-command-line-lab-notes-reports-and-technical-hand,"Career integration: Git, command line, lab notes, reports, and technical handoff",YES,YES,NO SEPARATE READING — no filler resource added,,YES,PASS — no separate reading justified at this sub-section; broader week/domain literature remains available
22,Career,career-w22-traceability-controls-scope,Traceability controls scope,YES,NO — Alfred/other media remains sufficient for this section,YES,NASA Systems Engineering Handbook,YES,PASS — written companion selected
22,Career,career-w22-verification-asks-whether-it-meets-the-requirement,Verification asks whether it meets the requirement,YES,YES,YES,NASA Systems Engineering Handbook — Appendix,YES,PASS — written companion selected
23,Career,career-w23-a-baseline-is-a-recoverable-state,A baseline is a recoverable state,YES,YES,NO SEPARATE READING — no filler resource added,,YES,PASS — no separate reading justified at this sub-section; broader week/domain literature remains available
23,Career,career-w23-a-bill-of-materials-must-resolve-ambiguity,A bill of materials must resolve ambiguity,YES,NO — Alfred/other media remains sufficient for this section,NO SEPARATE READING — no filler resource added,,YES,PASS — no separate reading justified at this sub-section; broader week/domain literature remains available
23,Career,career-w23-a-controlled-baseline-isolates-future-change,A controlled baseline isolates future change,YES,NO — Alfred/other media remains sufficient for this section,YES,NASA Systems Engineering Handbook,YES,PASS — written companion selected
23,Career,career-w23-a-repository-is-the-projects-reconstructable-memory,A repository is the project’s reconstructable memory,YES,NO — Alfred/other media remains sufficient for this section,YES,Introduction to Git; NASA Systems Engineering Handbook — 6.5 Configuration Management; The Missing Semester of Your CS Education — 2026 Written Lectures,YES,PASS — written companion selected
23,Career,career-w23-plan-first-power-as-a-test-case,Plan first power as a test case,YES,YES,NO SEPARATE READING — no filler resource added,,YES,PASS — no separate reading justified at this sub-section; broader week/domain literature remains available
23,Career,career-w23-recovery-paths-are-part-of-readiness,Recovery paths are part of readiness,YES,YES,NO SEPARATE READING — no filler resource added,,YES,PASS — no separate reading justified at this sub-section; broader week/domain literature remains available
24,CETa,concept-3,Safety gates remain absolute,YES,NO — Alfred/other media remains sufficient for this section,NO SEPARATE READING — no filler resource added,,CONCEPTUAL FOUNDATION,PASS — no separate reading justified at this sub-section; broader week/domain literature remains available
24,Career,career-w24-bring-up-dependencies-in-order,Bring up dependencies in order,YES,YES,NO SEPARATE READING — no filler resource added,,YES,PASS — no separate reading justified at this sub-section; broader week/domain literature remains available
24,Career,career-w24-first-power-is-a-controlled-experiment,First power is a controlled experiment,YES,YES,NO SEPARATE READING — no filler resource added,,YES,PASS — no separate reading justified at this sub-section; broader week/domain literature remains available
24,Career,career-w24-unpowered-checks-find-cheap-faults,Unpowered checks find cheap faults,YES,NO — Alfred/other media remains sufficient for this section,YES,How to Use a Multimeter — Comprehensive Guide,YES,PASS — written companion selected
25,CETa,concept-3,Isolation changes reference relationships,YES,YES,NO SEPARATE READING — no filler resource added,,CONCEPTUAL FOUNDATION,PASS — no separate reading justified at this sub-section; broader week/domain literature remains available
25,CETa,concept-6,Optical isolation solves one problem while creating design constraints,YES,YES,NO SEPARATE READING — no filler resource added,,CONCEPTUAL FOUNDATION,PASS — no separate reading justified at this sub-section; broader week/domain literature remains available
25,Career,career-w25-build-a-thin-end-to-end-slice-first,Build a thin end-to-end slice first,YES,YES,YES,CN0314 — Configurable 4–20 mA Loop Powered Transmitter/Receiver,YES,PASS — written companion selected
25,Career,career-w25-failure-behavior-is-part-of-the-feature,Failure behavior is part of the feature,YES,NO — Alfred/other media remains sufficient for this section,YES,R049 — Missing Software Sensor Range Checking Capabilities,YES,PASS — written companion selected
25,Career,career-w25-triangulate-with-independent-evidence,Triangulate with independent evidence,YES,YES,YES,Introduction to Digital-Analog Conversion; ADALM2000 Activity: Analog-to-Digital Conversion,YES,PASS — written companion selected
26,CETa,concept-2,Memory and time define embedded correctness,YES,YES,NO SEPARATE READING — no filler resource added,,CONCEPTUAL FOUNDATION,PASS — no separate reading justified at this sub-section; broader week/domain literature remains available
26,Career,career-w26-architecture-follows-responsibilities-and-test-seams,Architecture follows responsibilities and test seams,YES,NO — Alfred/other media remains sufficient for this section,NO SEPARATE READING — no filler resource added,,YES,PASS — no separate reading justified at this sub-section; broader week/domain literature remains available
26,Career,career-w26-diagnostics-must-survive-the-failure-they-describe,Diagnostics must survive the failure they describe,YES,YES,YES,A Deep Dive into ARM Cortex-M Debug Interfaces,YES,PASS — written companion selected
26,Career,career-w26-make-errors-explicit-and-recoverable,Make errors explicit and recoverable,YES,YES,YES,How to Debug a HardFault on an ARM Cortex-M MCU,YES,PASS — written companion selected
26,Career,career-w26-separate-hardware-access-from-application-decisions,Separate hardware access from application decisions,YES,NO — Alfred/other media remains sufficient for this section,NO SEPARATE READING — no filler resource added,,YES,PASS — no separate reading justified at this sub-section; broader week/domain literature remains available
26,Career,career-w26-timeouts-and-error-states-make-absence-observable,Timeouts and error states make absence observable,YES,NO — Alfred/other media remains sufficient for this section,YES,Getting Started with STM32 Watchdogs; A Guide to Watchdog Timers for Embedded Systems,YES,PASS — written companion selected
27,Career,career-w27-a-test-case-has-setup-stimulus-acquisition-evaluation-cleanup-and-report,"A test case has setup, stimulus, acquisition, evaluation, cleanup, and report stages",YES,NO — Alfred/other media remains sufficient for this section,NO SEPARATE READING — no filler resource added,,YES,PASS — no separate reading justified at this sub-section; broader week/domain literature remains available
27,Career,career-w27-automated-test-is-still-a-physical-measurement-system,Automated test is still a physical measurement system,YES,NO — Alfred/other media remains sufficient for this section,YES,pySerial Documentation,YES,PASS — written companion selected
27,Career,career-w27-career-integration-python-hardware-test-automation-and-data-integrity,Career integration: Python hardware-test automation and data integrity,YES,NO — Alfred/other media remains sufficient for this section,YES,Instrument Control and Automation with Python,YES,PASS — written companion selected
27,Career,career-w27-summaries-and-plots-answer-a-hardware-question,Summaries and plots answer a hardware question,YES,NO — Alfred/other media remains sufficient for this section,NO SEPARATE READING — no filler resource added,,YES,PASS — no separate reading justified at this sub-section; broader week/domain literature remains available
27,Career,career-w27-verdicts-need-explicit-semantics,Verdicts need explicit semantics,YES,YES,NO SEPARATE READING — no filler resource added,,YES,PASS — no separate reading justified at this sub-section; broader week/domain literature remains available
28,CETa,concept-4,"Service business records, invoices, productivity, and estimates/test planning",YES,NO — Alfred/other media remains sufficient for this section,NO SEPARATE READING — no filler resource added,,CONCEPTUAL FOUNDATION,PASS — no separate reading justified at this sub-section; broader week/domain literature remains available
28,CETa,concept-5,"Service literature, parts cross-reference, and manufacturer support",YES,NO — Alfred/other media remains sufficient for this section,NO SEPARATE READING — no filler resource added,,CONCEPTUAL FOUNDATION,PASS — no separate reading justified at this sub-section; broader week/domain literature remains available
28,CETa,concept-6,Field versus shop procedure and project management,YES,NO — Alfred/other media remains sufficient for this section,YES,NASA Systems Engineering Handbook — 6.1 Technical Planning,YES,PASS — written companion selected
28,CETa,concept-9,"Field versus shop changes constraints, not physics",YES,NO — Alfred/other media remains sufficient for this section,NO SEPARATE READING — no filler resource added,,CONCEPTUAL FOUNDATION,PASS — no separate reading justified at this sub-section; broader week/domain literature remains available
28,Career,career-w28-career-integration-verification-validation-test-design-and-traceability,"Career integration: verification, validation, test design, and traceability",YES,NO — Alfred/other media remains sufficient for this section,NO SEPARATE READING — no filler resource added,,YES,PASS — no separate reading justified at this sub-section; broader week/domain literature remains available
28,Career,career-w28-controlled-fault-injection-needs-a-known-good-baseline,Controlled fault injection needs a known-good baseline,YES,NO — Alfred/other media remains sufficient for this section,NO SEPARATE READING — no filler resource added,,YES,PASS — no separate reading justified at this sub-section; broader week/domain literature remains available
28,Career,career-w28-fault-injection-validates-the-detector-and-diagnostic-path,Fault injection validates the detector and diagnostic path,YES,NO — Alfred/other media remains sufficient for this section,YES,Using Fault Insertion Units for Electronic Testing,YES,PASS — written companion selected
28,Career,career-w28-root-cause-survives-controlled-reversal,Root cause survives controlled reversal,YES,YES,YES,Failure Analysis — Appendix Four,YES,PASS — written companion selected
28,Career,career-w28-the-report-should-show-the-reasoning-chain,The report should show the reasoning chain,YES,NO — Alfred/other media remains sufficient for this section,NO SEPARATE READING — no filler resource added,,YES,PASS — no separate reading justified at this sub-section; broader week/domain literature remains available
29,CETa,concept-1,"Workmanship criteria are observable, not aesthetic preference",YES,NO — Alfred/other media remains sufficient for this section,YES,Adafruit Guide to Excellent Soldering — Common Soldering Problems,YES,PASS — written companion selected
29,CETa,concept-2,Instrument evidence should tell one coherent story,YES,NO — Alfred/other media remains sufficient for this section,NO SEPARATE READING — no filler resource added,,CONCEPTUAL FOUNDATION,PASS — no separate reading justified at this sub-section; broader week/domain literature remains available
29,CETa,concept-3,Physical safety and ESD remain active through rework,YES,NO — Alfred/other media remains sufficient for this section,NO SEPARATE READING — no filler resource added,,CONCEPTUAL FOUNDATION,PASS — no separate reading justified at this sub-section; broader week/domain literature remains available
29,CETa,concept-5,Measurement setup is part of workmanship verification,YES,NO — Alfred/other media remains sufficient for this section,YES,How to Use an Oscilloscope and Probe — Step-by-Step Tutorial; ABCs of Probes Primer,YES,PASS — written companion selected
29,CETa,concept-7,Workmanship is verified by condition plus electrical evidence,YES,NO — Alfred/other media remains sufficient for this section,YES,"NASA-STD-8739.4 — Crimping, Cables, Harnesses, and Wiring",YES,PASS — written companion selected
29,Career,career-w29-select-evidence-by-job-task-not-visual-appeal,"Select evidence by job task, not visual appeal",YES,NO — Alfred/other media remains sufficient for this section,NO SEPARATE READING — no filler resource added,,YES,PASS — no separate reading justified at this sub-section; broader week/domain literature remains available
30,CETa,concept-3,Credential language must match reality,YES,NO — Alfred/other media remains sufficient for this section,NO SEPARATE READING — no filler resource added,,CONCEPTUAL FOUNDATION,PASS — no separate reading justified at this sub-section; broader week/domain literature remains available
30,Career,career-w30-a-resume-bullet-is-a-compact-evidence-claim,A resume bullet is a compact evidence claim,YES,YES,NO SEPARATE READING — no filler resource added,,YES,PASS — no separate reading justified at this sub-section; broader week/domain literature remains available
30,Career,career-w30-career-integration-portfolio-proof-interviews-resumes-and-bridge-role-de,"Career integration: portfolio proof, interviews, resumes, and bridge-role decisions",YES,NO — Alfred/other media remains sufficient for this section,YES,Georgia Tech Career Center Resume Guide,YES,PASS — written companion selected
30,Career,career-w30-defend-the-project-at-30-seconds-2-minutes-and-depth,"Defend the project at 30 seconds, 2 minutes, and depth",YES,YES,YES,Technical Presentation,YES,PASS — written companion selected
30,Career,career-w30-interview-answers-should-expose-technical-decisions,Interview answers should expose technical decisions,YES,NO — Alfred/other media remains sufficient for this section,NO SEPARATE READING — no filler resource added,,YES,PASS — no separate reading justified at this sub-section; broader week/domain literature remains available
30,Career,career-w30-target-roles-by-transferable-task-not-title-alone,"Target roles by transferable task, not title alone",YES,NO — Alfred/other media remains sufficient for this section,YES,Electrical and Electronic Engineering Technologists and Technicians,YES,PASS — written companion selected
31,CETa,concept-3,Official information can change,YES,NO — Alfred/other media remains sufficient for this section,NO SEPARATE READING — no filler resource added,,CONCEPTUAL FOUNDATION,PASS — no separate reading justified at this sub-section; broader week/domain literature remains available
31,CETa,concept-4,"Retention needs spaced retrieval, not permanent cramming",YES,YES,YES,Effective Study Strategies,CONCEPTUAL FOUNDATION,PASS — written companion selected
31,Career,career-w31-use-a-role-filter-before-spending-application-energy,Use a role filter before spending application energy,YES,YES,YES,Search for Jobs or Internships — Strategy and Tracking,YES,PASS — written companion selected
