Week,Topic,Priority,Acceptance Status,Standard Targets,Required Artifact,Remediation Rule
1,"Electricity, Safety, Ohm’s Law, and Power",P1,REMEDIATION_REQUIRED,C1.1=L2 | C1.2=L2 | C1.3=L2 | C1.4=L2 | C1.5=L2 | C1.6=L2 | C3.1=L1 | C3.2=L1 | C15.1=L1 | C15.2=L1,Bench-entry checklist + controlled first-power + basic DMM/supply evidence,Add page-level demos/drills/handoffs and pre-use instrument-status behavior.
2,"DC Networks, Kirchhoff’s Laws, and Voltage Dividers",CLOSED,VERIFIED_PASS,C2.1=L2 | C2.4=L2 | C2.6=L2 | C5.2=L2 | C5.3=L2,Expected-vs-actual troubleshooting record + evidence-gated fault isolation,Preserve unless a real defect appears.
3,"DMM, Bench Supply, and Oscilloscope",P0,REMEDIATION_REQUIRED,C3.1=L2 | C3.2=L2 | C3.3=L2 | C3.4=L2 | C3.6=L2 | C3.8=L2 | C15.1=L2 | C15.2=L2 | C15.3=L1 | C15.4=L1 | C15.5=L1,Reproducible DMM/supply/scope setup record + known-reference checks,"Reopen Career only: instrument demos, setup-error trainer, point-of-use practice and metrology checks."
4,"AC Waveforms, Capacitors, Inductors, and Time Response",P0,REMEDIATION_REQUIRED,C3.3=L2 | C3.4=L2 | C3.6=L2 | C5.2=L1 | C11.5=L1,Transient/filter characterization with predicted and measured evidence,Implement already-audited Week 4 redesign with Career coequal.
5,Foundation Mastery and Practical Fault Isolation,P1,REMEDIATION_REQUIRED,C5.1=L2 | C5.2=L2 | C5.3=L2 | C5.4=L2 | C12.3=L1 | C12.5=L1,Complete reproduce→predict→measure→isolate→repair→verify record,Add immediate unknown-fault decisions and production-style fault report.
6,"Reactance, Impedance, Resonance, Filters, and Transformers",P1,REMEDIATION_REQUIRED,C3.3=L2 | C3.4=L2 | C3.6=L2 | C3.7=L2 | C11.3=L1 | C11.5=L1,Frequency-response sweep + acceptance/characterization table,"Add real sweep setup, source/load/probe effects and explicit acceptance criteria."
7,"Components, Magnetism, Relays, Motors, and Generators",P1,REMEDIATION_REQUIRED,C2.2=L2 | C2.5=L2 | C4.6=L1 | C5.2=L1,Datasheet-to-interface plan + flyback/relay evidence,Add real flyback capture and relay/contact failure signatures.
8,"Diodes, BJTs, MOSFETs, and Controlled Switching",P1,REMEDIATION_REQUIRED,C2.2=L2 | C2.5=L2 | C5.2=L2 | C5.3=L2 | C5.4=L2,Protected switching circuit + layered fault isolation,Add control-node/switch-node/load-current fault trainer.
9,"Rectifiers, Filters, Regulators, and Power-Supply Faults",P1,REMEDIATION_REQUIRED,C3.2=L2 | C5.2=L2 | C5.3=L2 | C5.4=L2 | C11.5=L1 | C15.5=L1,Power-rail bring-up + current/ripple fault report,"Add rail-fault simulator, probe-loop/ripple validity and DUT-vs-test-system checks."
10,"Amplifiers, Op-Amps, Gain, Decibels, and Loading",P1,REMEDIATION_REQUIRED,C3.3=L2 | C3.4=L2 | C3.6=L2 | C3.7=L2 | C5.3=L2 | C5.4=L2,Signal-chain gain/loading/clipping characterization + diagnosis,Add signal-injection/tracing and fault classification interaction.
11,"Number Systems, Boolean Logic, and Digital Circuits",P1,REMEDIATION_REQUIRED,C2.5=L2 | C5.2=L2 | C5.3=L2,Digital-input threshold/bounce/fault evidence,Add stuck/floating/bounce captures and digital fault decisions; logic-analyzer mastery remains Week 18.
12,"Soldering, ESD, Rework, and Version-Controlled Repair",P0,REMEDIATION_REQUIRED,C1.2=L2 | C1.5=L2 | C4.1=L2 | C4.2=L2 | C4.5=L2 | C4.6=L2 | C12.3=L1 | C12.4=L1 | C14.1=L2 | C14.2=L2 | C14.3=L1 | C14.4=L1 | C14.5=L2 | C14.6=L2,Inspected solder/rework artifact + controlled work record + traceable retest,Rebuild Career around soldering/rework/inspection. Move Git/documentation to supporting role.
13,"Schematics, Datasheets, Signal Flow, and Root Cause",P1,REMEDIATION_REQUIRED,C2.1=L3 | C2.2=L3 | C2.3=L3 | C2.4=L3 | C2.5=L3 | C2.6=L3 | C5.1=L3 | C5.2=L3 | C5.3=L3 | C5.4=L3 | C5.6=L3 | C14.2=L2 | C14.3=L2 | C14.4=L2,Populated-board/component-level fault isolation and verified repair record,Upgrade from schematic exercise to CCA-style signal tracing and component-level diagnosis.
14,C Fundamentals and Computer Architecture,P2,REMEDIATION_REQUIRED,C6.1=L2 | C6.2=L2 | C6.3=L2 | C6.4=L2 | C6.5=L2 | C6.6=L2 | C6.7=L2,Small C diagnostic/test program with warnings and failure cases,Keep as role extension; do not displace core technician work.
15,"Embedded C, Bit Operations, State Machines, and Timing",P2,REMEDIATION_REQUIRED,C7.1=L2 | C7.2=L2 | C7.3=L2 | C7.4=L2 | C7.5=L2 | C7.6=L2,Embedded state-machine/register evidence,Keep as embedded role extension.
16,"STM32 Project Setup, GPIO, Clocks, and SWD Debug",P1,REMEDIATION_REQUIRED,C8.1=L2 | C8.2=L2 | C8.3=L2 | C8.4=L2 | C8.5=L2 | C8.6=L2 | C8.7=L2 | C15.5=L1,STM32 known-good bring-up + SWD fault/recovery evidence,Add point-of-use SWD/clock/pin failure training and evidence handoff.
17,UART Communication and Python Serial Control,P1,REMEDIATION_REQUIRED,C9.1=L2 | C10.1=L2 | C10.2=L2 | C10.3=L2 | C12.3=L2 | C12.5=L2,UART capture + Python serial log + malformed/timeout fault evidence,Add real serial capture and mismatch/timeout decision drills.
18,"I²C, SPI, Logic Analysis, Sensors, and Actuators",P1,REMEDIATION_REQUIRED,C3.5=L2 | C9.2=L2 | C9.3=L2 | C9.4=L2 | C9.5=L2 | C9.6=L3 | C5.2=L2,I2C/SPI raw+decoded capture + injected bus fault diagnosis,Add bus-fault simulator and explicit physical-vs-decoder evidence.
19,"Cabling, Audio/Video Signal Paths, and Optical Systems",P1,REMEDIATION_REQUIRED,C4.3=L3 | C4.4=L3 | C14.1=L2 | C14.2=L2 | C14.4=L2 | C14.5=L2 | C15.5=L1,Real termination/crimp/harness inspection + continuity/strain-relief evidence,Require physical termination or approved equivalent and workmanship decision.
20,"RF, Telecommunications, Spectrum, and Technician Procedures",P2,REMEDIATION_REQUIRED,C3.4=L2 | C3.6=L2 | C3.8=L2 | C15.1=L2 | C15.2=L2 | C15.3=L2 | C15.4=L2,Spectrum/RF measurement setup record with validity checks,Keep specialization; strengthen analyzer setup and measurement validity.
21,CETa Integration I and Mixed Technician Decisions,P1,REMEDIATION_REQUIRED,C1.1=L3 | C2.1=L3 | C2.4=L3 | C3.1=L3 | C3.2=L3 | C3.3=L3 | C4.1=L2 | C5.1=L3 | C5.2=L3 | C5.3=L3 | C11.5=L2 | C14.2=L2 | C15.1=L2,Mixed technician practical stations with accept/reject and documentation,Convert from broad review into production-style technician practical.
22,CETa Repair II and Project Requirements,P1,REMEDIATION_REQUIRED,C11.1=L2 | C11.2=L2 | C11.6=L2 | C14.1=L2 | C14.3=L2 | C14.4=L2 | C14.6=L2,Requirement-to-test trace + controlled work/test procedure + anomaly record,Add real work-instruction/test-procedure reading and signoff behavior.
23,CETa Readiness Gate and Reproducible Project Setup,P1,REMEDIATION_REQUIRED,C12.1=L2 | C12.2=L2 | C12.6=L2 | C12.7=L2 | C14.4=L2,Known-good project baseline + BOM/configuration/evidence traceability,Add build traveler/BOM verification and baseline acceptance record.
24,Safe Hardware Bring-Up and CETa Power/Measurement Retention,P1,REMEDIATION_REQUIRED,C1.1=L3 | C1.4=L3 | C3.2=L3 | C8.5=L3 | C15.1=L3 | C15.2=L3 | C15.4=L2 | C15.5=L2,Staged first-power record with current-draw gates and abort/continue decisions,Add page-level first-power decision interaction and test-asset status checks.
25,Sensor/Interface Integration and CETa Interface Retention,P1,REMEDIATION_REQUIRED,C2.4=L3 | C4.4=L2 | C9.4=L3 | C9.5=L3 | C9.6=L3 | C11.5=L2,"Vertical interface slice with wiring, bus evidence and fault/retest",Add connector/interface miswire cases and technician checkpoint sheet.
26,"Firmware Architecture, Diagnostics, and CETa Digital Retention",P2,REMEDIATION_REQUIRED,C7.4=L3 | C7.6=L3 | C8.3=L3 | C8.6=L3 | C9.6=L3,Firmware/hardware diagnostic evidence package,Keep as embedded/test extension with clear technician boundaries.
27,"Python Hardware Test, Logging, and CETa Computer-Application Retention",P1,REMEDIATION_REQUIRED,C10.1=L3 | C10.2=L3 | C10.3=L3 | C10.4=L3 | C10.5=L3 | C10.6=L3 | C3.7=L3 | C11.3=L3 | C11.4=L3 | C11.5=L3 | C15.5=L3 | C15.6=L2,Automated test fixture + PASS/FAIL log + DUT-vs-fixture injected fault,"Add physical fixture/harness layer, calibration/status checks and failure isolation."
28,"Fault Injection, Root Cause, and Technical Test Reporting",P1,REMEDIATION_REQUIRED,C5.5=L3 | C5.6=L3 | C11.4=L3 | C11.5=L3 | C11.6=L3 | C14.3=L3 | C14.4=L3 | C14.6=L2,Controlled fault injection + root-cause report + anomaly/retest trace,Add nonconformance/disposition boundary and revision/serial traceability.
29,"Instrumentation, Rework, Harnesses, and Role-Proof Integration",P0,REMEDIATION_REQUIRED,C3.1=L4 | C3.2=L4 | C3.3=L4 | C3.4=L4 | C3.6=L4 | C3.7=L4 | C4.1=L4 | C4.2=L4 | C4.3=L4 | C4.4=L4 | C4.5=L4 | C5.1=L4 | C5.2=L4 | C5.3=L4 | C5.4=L4 | C14.1=L4 | C14.2=L4 | C14.4=L4 | C14.5=L4 | C15.1=L4 | C15.2=L3 | C15.4=L4 | C15.5=L4 | C15.6=L3,Role-proof bench dossier: instrumentation + rework + harness + troubleshooting + quality/metrology,Move portfolio packaging to Week 30; make Week 29 the physical occupational gate.
30,"Portfolio, Resume, Interview Defense, and CETa Retention",P2,REMEDIATION_REQUIRED,C13.1=L3 | C13.2=L3 | C13.3=L3 | C13.4=L2 | C13.5=L2 | C12.6=L3,Evidence-first project defense + resume/interview translation,Absorb Week 29 portfolio content here; require defense of actual bench evidence.
31,"Application Sprint, Interview Feedback, and Continuing Mastery",P2,REMEDIATION_REQUIRED,C13.6=L2,Application/interview feedback loop + hands-on skill maintenance plan,Keep; final course completion requires separate CETa and Technician Ready gates.
